comando,texto
siguienteMelodia,Reproducción secuencial siguiente
modoNormal,Volviendo al estado original
modoSuper,Modo super confirmado
modoSuper,Funciones super implementadas
encenderLuces,Sistema en modo iluminado
anteriorMelodia,Ejecutando melodia previa
modoSuper,Modo inteligente super activado
apagarLuces,Apagando luces disponibles
anteriorMelodia,Lista alterada hacia atras
abrirPuerta,Puerta despejando acceso
anteriorMelodia,Moviendo a melodia anterior
anteriorMelodia,Retroceso de secuencia musical
siguienteMelodia,Pista activa siguiente
modoNormal,Parámetros normales aplicados
modoSuper,Activación avanzada iniciada
modoSuper,Protección total habilitada
apagarLuces,Reduccion de iluminacion
anteriorMelodia,Pista anterior activada
anteriorMelodia,Tema anterior confirmado
anteriorMelodia,Reactivando pista anterior
encenderLuces,Luces habilitadas por sistema
apagarLuces,Detencion de iluminacion
siguienteMelodia,Pasando a la próxima canción
apagarLuces,Desactivacion luminosa ejecutada
abrirPuerta,Comenzando apertura de puerta
encenderLuces,Sistema luminoso completado
modoNormal,Nivel normal activado
modoSuper,Activando modo super
anteriorMelodia,Retorno musical habilitado
modoNormal,Modo regular activado
abrirPuerta,Puerta habilitada para abrir
modoSuper,Modo protector elevado
siguienteMelodia,Saltando a pista siguiente
modoNormal,Modo básico activo
modoSuper,Modo super procesado
anteriorMelodia,Melodia previa recuperada
anteriorMelodia,Retorno a melodia previa
siguienteMelodia,Activando pista posterior
abrirPuerta,Apertura del acceso confirmada
modoNormal,Estabilidad de régimen recuperada
encenderLuces,Encendido de ambiente interno
anteriorMelodia,Reinicio de melodia previa
abrirPuerta,Puerta respondiendo apertura
abrirPuerta,Accediendo apertura del sistema
modoSuper,Funciones mejoradas encendidas
modoNormal,Parámetros normales aplicados
apagarLuces,Iluminacion detenida
anteriorMelodia,Retroceso activo
abrirPuerta,Puerta iniciando apertura
encenderLuces,Luces habilitadas por sistema
encenderLuces,Intensidad luminosa configurada
modoSuper,Estatus super habilitado
abrirPuerta,Apertura del hogar habilitada
encenderLuces,Intensidad luminosa configurada
modoSuper,Modo extremo habilitado
siguienteMelodia,Reproducción continua siguiente
siguienteMelodia,Pista avanzada habilitada
anteriorMelodia,Secuencia musical previa
encenderLuces,Sistema de luz activo
abrirPuerta,Liberación y apertura de puerta
abrirPuerta,Mecanismo principal aperturándose
encenderLuces,Puntos de luz activados
encenderLuces,Encendido de ambiente interno
anteriorMelodia,Retorno musical habilitado
siguienteMelodia,Cambio musical siguiente procesado
encenderLuces,Iluminacion general encendida
abrirPuerta,Apertura confirmada
encenderLuces,Encendido de ambiente interno
apagarLuces,Luz deshabilitada correctamente
modoSuper,Estado super alcanzado
siguienteMelodia,Reproducción continua siguiente
anteriorMelodia,Tema en retroceso
modoNormal,Sistema en régimen estándar
modoSuper,Estado de máximo rendimiento
encenderLuces,Inicializando encendido de luces
siguienteMelodia,Control musical avanzado
abrirPuerta,Ejecutando apertura automatizada
abrirPuerta,Acceso principal operando apertura
siguienteMelodia,Pasando a la próxima canción
siguienteMelodia,Avanzando melodia
modoSuper,Sistema bajo modo super seguro
abrirPuerta,Sistema activando apertura
modoSuper,Modo intensificado activo
modoNormal,Sistema en condiciones estándar
modoNormal,Modo normal seguro
modoSuper,Protección total habilitada
apagarLuces,Apagando luces disponibles
anteriorMelodia,Reproduciendo melodia anterior
siguienteMelodia,Desplazando a canción siguiente
siguienteMelodia,Melodia siguiente en reproducción
siguienteMelodia,Lista continua hacia adelante
siguienteMelodia,Reproducción secuencial siguiente
modoNormal,Frecuencia normal en proceso
modoSuper,Operación ampliada iniciada
modoSuper,Estado super alcanzado
anteriorMelodia,Volviendo una melodia atras
abrirPuerta,Liberación y apertura de puerta
anteriorMelodia,Pista anterior ejecutada
abrirPuerta,Puerta desbloqueándose
encenderLuces,Sistema en modo iluminado
apagarLuces,Sistema oscuro habilitado
encenderLuces,Iluminando area del hogar
modoNormal,Sistema en régimen estándar
anteriorMelodia,Lista alterada hacia atras
apagarLuces,Desactivando iluminacion general
modoSuper,Modo super atendido
encenderLuces,Luz accesible encendida
apagarLuces,Luz interior apagada
anteriorMelodia,Retorno musical habilitado
siguienteMelodia,Posición musical siguiente
encenderLuces,Inicio de proceso de iluminacion
apagarLuces,Finalizando proceso de apagado
abrirPuerta,Apertura del acceso confirmada
modoSuper,Seguridad al máximo nivel
modoNormal,Sistema en condiciones estándar
siguienteMelodia,Reproducción continua siguiente
siguienteMelodia,Melodía adelantada confirmada
modoNormal,Sistema regresando a normalidad
apagarLuces,Apagado general procesado
encenderLuces,Control de luz activado
apagarLuces,Ambiente en modo oscuro
modoNormal,Volviendo al estado original
anteriorMelodia,Retrocediendo a pista anterior
anteriorMelodia,Musica regresada
modoNormal,Sistema en estado regular
modoSuper,Modo super atendido
anteriorMelodia,Retorno a melodia previa
abrirPuerta,Proceso de apertura en curso
modoSuper,Seguridad maximizada
apagarLuces,Finalizando proceso de apagado
encenderLuces,Encendiendo luces del hogar
apagarLuces,Apagando iluminacion interior
anteriorMelodia,Retroceso activo
abrirPuerta,Secuencia de apertura activada
encenderLuces,Luces activadas satisfactoriamente
siguienteMelodia,Cambio musical siguiente procesado
modoSuper,Control avanzado reforzado
abrirPuerta,Liberando puerta principal
anteriorMelodia,Tema anterior en ejecucion
abrirPuerta,Destraba de puerta ejecutada
abrirPuerta,Mecanismo de apertura activo
siguienteMelodia,Sonido avanzado en lista
siguienteMelodia,Sonido avanzado en lista
modoSuper,Control aumentado habilitado
abrirPuerta,Puerta despejando acceso
modoSuper,Seguridad al máximo nivel
apagarLuces,Luces principales apagadas
abrirPuerta,Secuencia de apertura activada
modoNormal,Modo normal activado
encenderLuces,Activando luces internas
apagarLuces,Apagando zonas interiores
apagarLuces,Detencion de iluminacion
encenderLuces,Intensidad luminosa activada
anteriorMelodia,Control musical hacia atras
anteriorMelodia,Reproduccion de pista anterior
siguienteMelodia,Orden de canción siguiente
encenderLuces,Encendiendo luces externas
siguienteMelodia,Reproducción adelantada
apagarLuces,Cerrando sistema de luces
modoSuper,Sistema en estado intensivo
abrirPuerta,Apertura confirmada
abrirPuerta,Puerta despejando acceso
apagarLuces,Finalizando proceso de apagado
apagarLuces,Luz desconectada del sistema
modoSuper,Modo super en funcionamiento
anteriorMelodia,Lista regresando atras
modoNormal,Restaurando modo normal
apagarLuces,Apagando luces del hogar
encenderLuces,Iluminacion base encendida
modoSuper,Optimizando recursos en super
modoSuper,Estado de máximo rendimiento
anteriorMelodia,Regresando pista musical
anteriorMelodia,Direccion musical invertida
siguienteMelodia,Entrada a melodia siguiente
apagarLuces,Luces interiores desactivadas
anteriorMelodia,Ejecutando melodia previa
encenderLuces,Luz automatizada encendida
abrirPuerta,Acceso iniciando apertura
abrirPuerta,Puerta avanzando a apertura
modoNormal,Ejecución en modo estándar
apagarLuces,Iluminacion totalmente detenida
apagarLuces,Apagando zonas interiores
encenderLuces,Iluminacion del hogar lista
encenderLuces,Puntos de luz activados
modoNormal,Modo base activado
siguienteMelodia,Avanzando melodia
modoNormal,Revirtiendo a configuración base
modoNormal,Modo cotidiano activado
apagarLuces,Cierre de sistema luminoso
anteriorMelodia,Pista anterior seleccionada
modoNormal,Sistema en comportamiento básico
encenderLuces,Encendido de luz ejecutado
siguienteMelodia,Continuación musical habilitada
modoSuper,Reforzando operación general
anteriorMelodia,Pista previa habilitada
apagarLuces,Apagando luces del hogar
siguienteMelodia,Cambio de canción adelante
encenderLuces,Iluminacion domestica lista
anteriorMelodia,Reactivando pista anterior
apagarLuces,Apagando iluminacion interior
siguienteMelodia,Canción desplazada hacia adelante
modoNormal,Frecuencia estándar habilitada
siguienteMelodia,Entrada a melodia siguiente
siguienteMelodia,Avance musical iniciado
siguienteMelodia,Desplazando a canción siguiente
apagarLuces,Focos apagados
modoSuper,Sistema entrando en modo super
siguienteMelodia,Sonido siguiente habilitado
siguienteMelodia,Canción siguiente ejecutada
encenderLuces,Luces principales encendidas
anteriorMelodia,Retroceso activo
siguienteMelodia,Movimiento a pista consecutiva
encenderLuces,Luz principal iniciada
siguienteMelodia,Modo música adelante
anteriorMelodia,Regresando a la melodia previa
modoNormal,Norma operativa establecida
modoSuper,Funcionamiento avanzado activado
abrirPuerta,Apertura del acceso confirmada
siguienteMelodia,Melodía entrante activada
anteriorMelodia,Reproduccion regresiva
abrirPuerta,Puerta en transición de apertura
anteriorMelodia,Ejecutando melodia previa
modoNormal,Volviendo a circulación normal
modoSuper,Modo super establecido
apagarLuces,Apagado general procesado
encenderLuces,Encendiendo luces externas
siguienteMelodia,Activación de pista siguiente
siguienteMelodia,Melodía entrante activada
modoNormal,Funcionamiento común recuperado
modoSuper,Estatus super habilitado
anteriorMelodia,Retroceso confirmado
abrirPuerta,Ejecutando apertura automatizada
anteriorMelodia,Cambio a melodia anterior
siguienteMelodia,Pista desplazada hacia adelante
modoNormal,Modo estándar restablecido
siguienteMelodia,Control de avance musical
encenderLuces,Inicio de iluminacion estable
modoNormal,Nivel normal activado
encenderLuces,Encendiendo luces del hogar
modoSuper,Modo super atendido
modoNormal,Modo usual recuperado
anteriorMelodia,Seleccionando melodia anterior
apagarLuces,Corte de luz interno
abrirPuerta,Apertura del acceso confirmada
encenderLuces,Luces habilitadas
anteriorMelodia,Tema previo en curso
encenderLuces,Luz encendida en la vivienda
apagarLuces,Reduccion de iluminacion
modoSuper,Estado super alcanzado
anteriorMelodia,Control musical hacia atras
modoSuper,Modo superior en proceso
encenderLuces,Luces habilitadas
siguienteMelodia,Progreso musical hacia adelante
modoSuper,Maximizando niveles operativos
modoNormal,Modo simple habilitado
modoNormal,Sistema fuera de modo super
abrirPuerta,Comenzando apertura de puerta
modoSuper,Funcionamiento avanzado activado
anteriorMelodia,Pista anterior ejecutada
modoNormal,Modo normal asegurado
encenderLuces,Sistema en modo iluminado
abrirPuerta,Apertura sin obstrucciones en curso
anteriorMelodia,Reproduccion retrocedida
encenderLuces,Luces principales encendidas
modoNormal,Contexto base reactivado
modoNormal,Control básico restaurado
apagarLuces,Luz cancelada correctamente
encenderLuces,Luz automatizada encendida
modoSuper,Seguridad maximizada
apagarLuces,Iniciando apagado de luces
abrirPuerta,Puerta avanzando a apertura
abrirPuerta,Sistema del acceso activado
anteriorMelodia,Retroceso de secuencia musical
anteriorMelodia,Retroceso confirmado
encenderLuces,Hogar iluminado
siguienteMelodia,Lista continua hacia adelante
abrirPuerta,Apertura del acceso confirmada
anteriorMelodia,Melodia previa recuperada
modoSuper,Modo extremo habilitado
anteriorMelodia,Tema en retroceso
abrirPuerta,Puerta avanzando a apertura
modoNormal,Modo normal en funcionamiento
modoNormal,Modo ordinario habilitado
anteriorMelodia,Pista previa habilitada
encenderLuces,Encendido de ambiente interno
apagarLuces,Sistema de luz deshabilitado
anteriorMelodia,Tema previo en curso
abrirPuerta,Acceso recibiendo orden de apertura
modoSuper,Modo super en funcionamiento
modoNormal,Configuración normal aplicada
modoSuper,Activando modo super
siguienteMelodia,Progreso musical hacia adelante
modoNormal,Ejecución en modo estándar
abrirPuerta,Secuencia de apertura activada
apagarLuces,Luz retirada por comando
modoSuper,Entrando en estado super
modoSuper,Potencia aumentada en sistema
anteriorMelodia,Reproduciendo melodia anterior
modoNormal,Modo básico activo
anteriorMelodia,Volviendo al tema previo
siguienteMelodia,Canción desplazada hacia adelante
modoNormal,Operación sin modo super
apagarLuces,Reduccion luminosa ejecutada
modoSuper,Activando modo super
modoSuper,Funciones mejoradas encendidas
modoNormal,Frecuencia estándar habilitada
modoNormal,Estabilidad de régimen recuperada
modoSuper,Sistema elevado a modo super
abrirPuerta,Puerta respondiendo al comando
abrirPuerta,Sistema del acceso activado
siguienteMelodia,Pista avanzada habilitada
anteriorMelodia,Retroceso musical activado
siguienteMelodia,Modo música adelante
abrirPuerta,Acceso principal en apertura
encenderLuces,Intensidad luminosa configurada
abrirPuerta,Acceso principal moviéndose
apagarLuces,Apagado completado
modoSuper,Estado funcional elevado
abrirPuerta,Acceso aperturándose
modoNormal,Parámetros normales aplicados
modoSuper,Procesamiento super activo
encenderLuces,Sistema luminoso encendido
encenderLuces,Luces activadas satisfactoriamente
anteriorMelodia,Moviendo a melodia anterior
siguienteMelodia,Lista continua hacia adelante
encenderLuces,Luz accesible encendida
siguienteMelodia,Reproducción secuencial siguiente
encenderLuces,Luces habilitadas por sistema
modoNormal,Operación normal retomada
modoNormal,Modo simple habilitado
apagarLuces,Iluminacion retirada
apagarLuces,Desactivando iluminacion general
modoNormal,Parámetros normales aplicados
abrirPuerta,Accediendo apertura del sistema
encenderLuces,Puntos de luz activados
modoNormal,Modo de funcionamiento tradicional
modoSuper,Funciones super implementadas
apagarLuces,Apagando zonas interiores
modoNormal,Frecuencia estándar habilitada
apagarLuces,Detencion de iluminacion
encenderLuces,Encendiendo iluminacion interior
siguienteMelodia,Reproduciendo siguiente melodia
encenderLuces,Luces habilitadas por sistema
siguienteMelodia,Secuencia a tema posterior
modoNormal,Sistema regresando a normalidad
siguienteMelodia,Activación de pista siguiente
modoNormal,Estabilidad de régimen recuperada
abrirPuerta,Puerta despejando acceso
apagarLuces,Ambiente apagado
abrirPuerta,Apertura automática iniciada
encenderLuces,Puntos de iluminacion activos
modoSuper,Modo protector elevado
anteriorMelodia,Regresando en lista musical
modoNormal,Volviendo al estado original
modoNormal,Norma operativa establecida
encenderLuces,Ambiente iluminado
apagarLuces,Iluminacion desactivada
modoNormal,Modo normal en funcionamiento
encenderLuces,Inicio de iluminacion estable
apagarLuces,Luz retirada por comando
abrirPuerta,Activando mecanismos de puerta
modoNormal,Contexto base reactivado
modoNormal,Frecuencia normal en proceso
siguienteMelodia,Transición a siguiente melodia
modoSuper,Sistema en estado intensivo
apagarLuces,Sistema apagando luces
anteriorMelodia,Melodia previa en reproduccion
siguienteMelodia,Tema posterior en curso
anteriorMelodia,Lista regresando atras
apagarLuces,Iluminacion deshabilitada
anteriorMelodia,Musica anterior procesada
siguienteMelodia,Melodia siguiente en reproducción
encenderLuces,Sistema de luz activo
encenderLuces,Luz ambiental habilitada
abrirPuerta,Acceso iniciando apertura
anteriorMelodia,Entrada a melodia anterior
anteriorMelodia,Regresando a la melodia previa
encenderLuces,Inicio de iluminacion estable
siguienteMelodia,Sonido avanzado en lista
siguienteMelodia,Modo secuencia siguiente
apagarLuces,Luces deshabilitadas
encenderLuces,Iluminacion interior lista
apagarLuces,Desactivando iluminacion general
anteriorMelodia,Tema previo en curso
modoNormal,Parámetros normales aplicados
apagarLuces,Iluminacion desactivada
anteriorMelodia,Regresando a la melodia previa
siguienteMelodia,Avance de playlist
encenderLuces,Ambiente iluminado
encenderLuces,Iluminacion del hogar lista
apagarLuces,Sistema apagando luces
modoSuper,Control reforzado habilitado
abrirPuerta,Puerta principal liberándose
modoSuper,Control avanzado reforzado
siguienteMelodia,Siguiente selección musical ejecutada
apagarLuces,Iluminacion minimizada
encenderLuces,Ambiente correctamente iluminado
abrirPuerta,Acceso en secuencia de apertura
modoNormal,Sistema en condiciones estándar
encenderLuces,Luz accesible encendida
anteriorMelodia,Retroceso confirmado
modoSuper,Activando modo super
apagarLuces,Apagado del ambiente
encenderLuces,Iluminacion general encendida
siguienteMelodia,Cambio musical siguiente procesado
apagarLuces,Deshabilitando sistema de luces
modoNormal,Modo normal seguro
anteriorMelodia,Reactivando pista anterior
modoNormal,Desactivando modo super
modoNormal,Frecuencia normal en proceso
abrirPuerta,Apertura sin obstrucciones en curso
siguienteMelodia,Lista musical moviéndose adelante
modoNormal,Sistema en comportamiento básico
apagarLuces,Apagado del ambiente
modoNormal,Frecuencia normal en proceso
anteriorMelodia,Lista regresando atras
abrirPuerta,Acceso principal en movimiento
siguienteMelodia,Saltando a pista siguiente
apagarLuces,Iluminacion deshabilitada
encenderLuces,Luces operativas
modoNormal,Sistema en régimen estándar
modoNormal,Sistema retornando a valores base
modoNormal,Restauración del estado inicial
siguienteMelodia,Continuación musical habilitada
abrirPuerta,Apertura automática en progreso
encenderLuces,Encendiendo luces externas
abrirPuerta,Puerta iniciando transición
abrirPuerta,Acceso automatizado activado
modoNormal,Sistema retornando a valores base
apagarLuces,Luz interior apagada
siguienteMelodia,Secuencia a tema posterior
anteriorMelodia,Volviendo una melodia atras
encenderLuces,Activando sistema de luces
anteriorMelodia,Cancion anterior reproducida
modoNormal,Sistema reintegrado a normalidad
siguienteMelodia,Secuencia a tema posterior
encenderLuces,Puntos de luz activados
encenderLuces,Luz ambiental habilitada
encenderLuces,Activando sistema de luces
encenderLuces,Inicio de proceso de iluminacion
encenderLuces,Iluminacion interior lista
anteriorMelodia,Entrada a melodia anterior
modoSuper,Modo super procesado
anteriorMelodia,Regreso musical ejecutado
apagarLuces,Luz retirada por comando
anteriorMelodia,Tema anterior en ejecucion
siguienteMelodia,Cambio musical siguiente procesado
modoNormal,Modo de funcionamiento tradicional
abrirPuerta,Puerta respondiendo apertura
modoSuper,Estado super alcanzado
anteriorMelodia,Musica regresada
abrirPuerta,Ejecutando apertura automatizada
abrirPuerta,Abriendo puerta principal
anteriorMelodia,Seleccionando melodia anterior
siguienteMelodia,Entrada a melodia siguiente
abrirPuerta,Sistema activando apertura
apagarLuces,Iluminacion totalmente detenida
abrirPuerta,Apertura confirmada
encenderLuces,Luz accesible encendida
modoNormal,Control básico restaurado
anteriorMelodia,Tema anterior confirmado
modoSuper,Sistema devuelto a modo super
modoNormal,Restauración del estado inicial
modoNormal,Frecuencia normal en proceso
modoSuper,Protección total habilitada
abrirPuerta,Acceso recibiendo orden de apertura
modoSuper,Potencia aumentada en sistema
abrirPuerta,Puerta habilitada para abrir
apagarLuces,Apagando luces disponibles
modoSuper,Activación máxima ejecutada
siguienteMelodia,Ejecutando melodia siguiente
encenderLuces,Ambiente iluminado
encenderLuces,Activando sistema de luces
modoSuper,Sistema elevado a modo super
anteriorMelodia,Direccion musical invertida
anteriorMelodia,Retorno musical habilitado
siguienteMelodia,Pista inmediata siguiente activada
anteriorMelodia,Retroceso de secuencia musical
modoSuper,Sistema en estado intensivo
encenderLuces,Activacion de iluminacion completada
abrirPuerta,Acceso principal moviéndose
anteriorMelodia,Secuencia regresiva habilitada
apagarLuces,Deshabilitando sistema de luces
modoSuper,Modo super establecido
anteriorMelodia,Reproduciendo melodia anterior
modoNormal,Sistema fuera de modo super
encenderLuces,Iluminacion del entorno activa
modoNormal,Norma operativa establecida
apagarLuces,Apagando iluminacion interior
abrirPuerta,Apertura del hogar habilitada
abrirPuerta,Apertura automática iniciada
siguienteMelodia,Siguiente selección musical ejecutada
anteriorMelodia,Retroceso activo
siguienteMelodia,Desplazando a canción siguiente
modoNormal,Sistema estabilizado
modoNormal,Modo normal asegurado
modoNormal,Sistema fuera de modo super
abrirPuerta,Sistema activando apertura
modoSuper,Funciones mejoradas encendidas
encenderLuces,Luz ambiental habilitada
apagarLuces,Ambiente apagado
encenderLuces,Sistema iluminando interiores
siguienteMelodia,Avanzando melodia
modoNormal,Frecuencia normal en proceso
siguienteMelodia,Musica adelantada
anteriorMelodia,Pista anterior ejecutada
siguienteMelodia,Continuación musical habilitada
apagarLuces,Cerrando sistema de luces
modoNormal,Estabilidad de régimen recuperada
apagarLuces,Luz desconectada del sistema
modoNormal,Modo cotidiano activado
abrirPuerta,Sistema ejecutando apertura remota
modoSuper,Maximizando niveles operativos
siguienteMelodia,Canción desplazada hacia adelante
apagarLuces,Sistema en modo sin luz
modoNormal,Flujo normal operativo
siguienteMelodia,Pista inmediata siguiente activada
apagarLuces,Apagando iluminacion interior
encenderLuces,Encendiendo luces disponibles
modoSuper,Activando modo super
anteriorMelodia,Retroceso musical activado
abrirPuerta,Apertura del acceso confirmada
encenderLuces,Luces principales encendidas
anteriorMelodia,Cambio a melodia anterior
abrirPuerta,Sistema activando apertura
modoSuper,Modo super atendido
apagarLuces,Luces principales apagadas
apagarLuces,Desactivando puntos de luz
encenderLuces,Luces habilitadas
modoSuper,Activando modo super
anteriorMelodia,Melodia retrocedida correctamente
modoSuper,Optimizando recursos en super
modoNormal,Frecuencia estándar habilitada
apagarLuces,Luz desconectada del sistema
apagarLuces,Deshabilitando sistema de luces
encenderLuces,Luces encendidas correctamente
siguienteMelodia,Transición a siguiente melodia
anteriorMelodia,Tema previo en curso
apagarLuces,Iluminacion minimizada
apagarLuces,Corte de luz interno
modoSuper,Activando modo super
anteriorMelodia,Retorno musical habilitado
abrirPuerta,Liberación de puerta ejecutada
abrirPuerta,Acceso principal en apertura
modoNormal,Sistema en condiciones estándar
modoSuper,Modo super atendido
encenderLuces,Ambiente correctamente iluminado
abrirPuerta,Puerta avanzando a apertura
abrirPuerta,Acceso iniciando apertura
siguienteMelodia,Pista avanzada habilitada
siguienteMelodia,Saltando a pista siguiente
anteriorMelodia,Reinicio de melodia previa
siguienteMelodia,Lista musical moviéndose adelante
encenderLuces,Iluminacion activada
modoSuper,Activación máxima ejecutada
anteriorMelodia,Reproduccion regresiva
modoNormal,Sistema en comportamiento básico
siguienteMelodia,Lista musical moviéndose adelante
abrirPuerta,Acceso principal moviéndose
abrirPuerta,Ejecutando apertura automatizada
abrirPuerta,Puerta deslizándose
modoSuper,Modo super completamente activo
modoNormal,Sistema en régimen estándar
modoNormal,Modo normal establecido
anteriorMelodia,Retroceso de secuencia musical
modoSuper,Sistema asegurado en super
encenderLuces,Encendido de ambiente interno
modoSuper,Estatus super habilitado
abrirPuerta,Puerta avanzando a apertura
abrirPuerta,Acceso iniciando apertura
modoSuper,Modo protector elevado
modoNormal,Modo normal asegurado
abrirPuerta,Puerta principal abriendo
encenderLuces,Activando puntos luminosos
encenderLuces,Luz automatizada encendida
modoSuper,Ejecución de seguridad avanzada
siguienteMelodia,Lista musical moviéndose adelante
abrirPuerta,Apertura del acceso confirmada
abrirPuerta,Desbloqueo y apertura iniciados
apagarLuces,Control de luz desactivado
modoNormal,Volviendo a circulación normal
anteriorMelodia,Reproduccion retrocedida
abrirPuerta,Puerta principal abriendo
siguienteMelodia,Pista inmediata siguiente activada
siguienteMelodia,Pista desplazada hacia adelante
encenderLuces,Ambiente correctamente iluminado
encenderLuces,Encendiendo luces externas
siguienteMelodia,Melodía adelantada confirmada
encenderLuces,Luces encendidas correctamente
anteriorMelodia,Secuencia previa activada
modoSuper,Sistema devuelto a modo super
modoNormal,Estabilidad de régimen recuperada
anteriorMelodia,Reproduccion anterior establecida
apagarLuces,Modo oscuro activado
modoNormal,Parámetros normales aplicados
modoSuper,Seguridad al máximo nivel
apagarLuces,Ambiente apagado
siguienteMelodia,Secuencia a tema posterior
modoNormal,Frecuencia normal en proceso
abrirPuerta,Acceso principal en apertura
modoSuper,Modo especializado activado
siguienteMelodia,Sonido avanzado en lista
anteriorMelodia,Tema previo en curso
abrirPuerta,Acceso principal en ejecución
modoSuper,Estado super alcanzado
modoNormal,Modo normal establecido
anteriorMelodia,Reactivando pista anterior
siguienteMelodia,Avance de lista musical
siguienteMelodia,Navegación musical siguiente
siguienteMelodia,Pista activa siguiente
anteriorMelodia,Transicion a pista anterior
apagarLuces,Sistema apagando luces
modoNormal,Restauración del estado inicial
encenderLuces,Focos encendidos
modoSuper,Sistema elevado a modo super
modoNormal,Volviendo al estado original
modoSuper,Modo inteligente super activado
encenderLuces,Sistema luminoso encendido
modoNormal,Sistema regresando a normalidad
encenderLuces,Luces encendidas correctamente
modoNormal,Sistema reintegrado a normalidad
siguienteMelodia,Lista continua hacia adelante
modoSuper,Modo super sosteniéndose
modoSuper,Ejecución de seguridad avanzada
encenderLuces,Luz interior activada
modoSuper,Sistema en estado intensivo
modoNormal,Modo de funcionamiento tradicional
modoNormal,Control básico restaurado
anteriorMelodia,Seleccionando melodia anterior
modoNormal,Norma operativa establecida
encenderLuces,Activacion luminosa procesada
siguienteMelodia,Reproducción de próxima pista
encenderLuces,Inicio de proceso de iluminacion
siguienteMelodia,Avance de playlist
modoNormal,Volviendo a circulación normal
modoSuper,Funciones super implementadas
encenderLuces,Intensidad luminosa configurada
abrirPuerta,Desbloqueo inicial de la puerta
abrirPuerta,Puerta respondiendo apertura
abrirPuerta,Puerta iniciando apertura
anteriorMelodia,Secuencia musical previa
abrirPuerta,Abriendo puerta principal
modoSuper,Estatus super habilitado
siguienteMelodia,Progreso musical hacia adelante
siguienteMelodia,Lista avanzando
encenderLuces,Activacion de iluminacion completada
apagarLuces,Luces deshabilitadas
abrirPuerta,Comenzando apertura de puerta
abrirPuerta,Puerta avanzando a apertura
anteriorMelodia,Reinicio de melodia previa
anteriorMelodia,Melodia previa en reproduccion
modoNormal,Nivel normal activado
modoNormal,Sistema retornando a valores base
abrirPuerta,Acceso siendo liberado
modoSuper,Habilitando funciones super
siguienteMelodia,Pista avanzada habilitada
modoNormal,Modo normal asegurado
modoSuper,Potenciación del sistema iniciada
modoNormal,Parámetros normales aplicados
encenderLuces,Activacion luminosa procesada
apagarLuces,Luz cancelada correctamente
apagarLuces,Luces totalmente desactivadas
apagarLuces,Apagado completado
modoSuper,Modo de seguridad reforzado
modoSuper,Reforzando operación general
modoNormal,Modo normal en funcionamiento
anteriorMelodia,Melodia previa recuperada
apagarLuces,Luces interiores desactivadas
abrirPuerta,Puerta desplazándose hacia apertura
encenderLuces,Luz accesible encendida
anteriorMelodia,Transicion a pista anterior
abrirPuerta,Puerta principal abriendo
modoSuper,Funciones super implementadas
modoNormal,Nivel normal activado
encenderLuces,Inicializando encendido de luces
anteriorMelodia,Reproduccion en retroceso
encenderLuces,Luz accesible encendida
apagarLuces,Detencion de iluminacion
abrirPuerta,Apertura sin obstrucciones en curso
abrirPuerta,Apertura remota activada
abrirPuerta,Apertura remota activada
modoNormal,Modo normal en funcionamiento
anteriorMelodia,Pista anterior ejecutada
abrirPuerta,Activando apertura principal
modoNormal,Estabilidad de régimen recuperada
anteriorMelodia,Musica anterior procesada
apagarLuces,Deshabilitando sistema de luces
abrirPuerta,Sistema activando apertura
anteriorMelodia,Tema en retroceso
modoSuper,Entrando en estado super
siguienteMelodia,Reproducción mejorada adelante
siguienteMelodia,Lista avanzando
modoNormal,Retorno completo al modo normal
encenderLuces,Encendido general listo
modoNormal,Normalidad recuperada
modoNormal,Modo normal activado
siguienteMelodia,Transición a siguiente melodia
modoSuper,Entrando en estado super
modoNormal,Modo normal seguro
apagarLuces,Corte de luz interno
encenderLuces,Luz en funcionamiento
siguienteMelodia,Orden de canción siguiente
siguienteMelodia,Reproducción de próxima pista
encenderLuces,Iluminacion domestica lista
modoNormal,Flujo normal operativo
encenderLuces,Encendido de luz interior
encenderLuces,Activando luces internas
encenderLuces,Activando sistema de luces
abrirPuerta,Puerta desbloqueándose
siguienteMelodia,Sonido avanzado en lista
siguienteMelodia,Operación siguiente melodia
encenderLuces,Iluminacion base encendida
encenderLuces,Encendido de ambiente interno
abrirPuerta,Liberando puerta principal
abrirPuerta,Puerta iniciando apertura
modoSuper,Modo avanzado habilitado
siguienteMelodia,Canción desplazada hacia adelante
abrirPuerta,Acceso iniciando apertura
encenderLuces,Activando sistema de luces
apagarLuces,Luz deshabilitada correctamente
encenderLuces,Puntos de iluminacion activos
abrirPuerta,Puerta habilitada para abrir
apagarLuces,Corte de iluminacion ejecutado
anteriorMelodia,Secuencia previa activada
modoNormal,Modo normal seguro
abrirPuerta,Puerta despejando acceso
encenderLuces,Luz ambiental habilitada
modoSuper,Operación ampliada iniciada
modoNormal,Modo de funcionamiento tradicional
anteriorMelodia,Lista regresando atras
siguienteMelodia,Secuencia a tema posterior
modoSuper,Estado super alcanzado
siguienteMelodia,Sonido avanzado en lista
apagarLuces,Desactivando iluminacion general
anteriorMelodia,Volviendo al tema previo
anteriorMelodia,Tema en retroceso
modoSuper,Control reforzado habilitado
apagarLuces,Sistema de luz deshabilitado
modoSuper,Estado funcional elevado
apagarLuces,Apagando zonas interiores
siguienteMelodia,Desplazando a canción siguiente
encenderLuces,Activando puntos luminosos
anteriorMelodia,Melodia previa en reproduccion
modoSuper,Control avanzado reforzado
modoNormal,Operación sin modo super
siguienteMelodia,Sonido siguiente habilitado
abrirPuerta,Ejecutando apertura principal
anteriorMelodia,Regresando al sonido previo
modoSuper,Ejecución de seguridad avanzada
encenderLuces,Activacion de iluminacion completada
apagarLuces,Focos apagados
modoNormal,Contexto base reactivado
encenderLuces,Inicio de iluminacion estable
abrirPuerta,Apertura remota activada
apagarLuces,Modo oscuro activado
siguienteMelodia,Avance de playlist
encenderLuces,Activando sistema de luces
siguienteMelodia,Modo secuencia siguiente
modoNormal,Flujo normal operativo
modoSuper,Modo extremo habilitado
siguienteMelodia,Activando pista posterior
modoSuper,Operación ampliada iniciada
modoNormal,Estabilidad de régimen recuperada
apagarLuces,Iluminacion desactivada
siguienteMelodia,Reproducción adelantada
modoSuper,Modo super confirmado
siguienteMelodia,Secuencia musical siguiente
anteriorMelodia,Entrada a melodia anterior
apagarLuces,Modo oscuro activado
anteriorMelodia,Retroceso de playlist
modoSuper,Estatus super habilitado
abrirPuerta,Ejecutando apertura automatizada
modoSuper,Estado funcional elevado
modoNormal,Modo normal activado
apagarLuces,Apagado interno listo
siguienteMelodia,Control musical avanzado
abrirPuerta,Movimiento de apertura iniciado
abrirPuerta,Acceso aperturándose
siguienteMelodia,Siguiente selección musical ejecutada
abrirPuerta,Movimiento de apertura iniciado
siguienteMelodia,Cambio musical siguiente procesado
encenderLuces,Ambiente iluminado
anteriorMelodia,Pista anterior ejecutada
abrirPuerta,Comenzando apertura de puerta
apagarLuces,Apagado interno listo
abrirPuerta,Puerta lista en modo apertura
modoNormal,Estabilidad normal restaurada
encenderLuces,Puntos de iluminacion activos
apagarLuces,Luces deshabilitadas
modoNormal,Contexto base reactivado
siguienteMelodia,Activando pista posterior
abrirPuerta,Secuencia de apertura activada
modoSuper,Protección reforzada activa
abrirPuerta,Puerta despejando acceso
modoSuper,Activación máxima ejecutada
siguienteMelodia,Continuación musical habilitada
encenderLuces,Iluminacion activada
abrirPuerta,Iniciando apertura del acceso
modoSuper,Modo protector elevado
abrirPuerta,Activando apertura principal
apagarLuces,Ambiente apagado
abrirPuerta,Puerta principal abriendo
modoSuper,Modo super establecido
modoSuper,Seguridad al máximo nivel
abrirPuerta,Proceso de apertura en curso
modoSuper,Potencia aumentada en sistema
anteriorMelodia,Reproduccion en retroceso
abrirPuerta,Puerta despejando acceso
modoNormal,Ejecución en modo estándar
anteriorMelodia,Retroceso musical activado
encenderLuces,Luces habilitadas
siguienteMelodia,Avance de lista musical
anteriorMelodia,Tema anterior en ejecucion
anteriorMelodia,Secuencia previa activada
siguienteMelodia,Avance de lista musical
abrirPuerta,Puerta desplazándose hacia apertura
anteriorMelodia,Tema anterior en ejecucion
encenderLuces,Encendiendo zona iluminada
modoSuper,Operación super establecida
apagarLuces,Luces apagadas correctamente
anteriorMelodia,Volviendo una melodia atras
encenderLuces,Encendido de luz interior
encenderLuces,Sistema de luz activo
anteriorMelodia,Reproduciendo melodia anterior
abrirPuerta,Apertura sin obstrucciones en curso
modoNormal,Operación normal retomada
siguienteMelodia,Control musical avanzado
abrirPuerta,Desbloqueo inicial de la puerta
encenderLuces,Sistema luminoso encendido
modoSuper,Habilitando funciones super
encenderLuces,Activacion luminosa procesada
abrirPuerta,Acceso principal en ejecución
modoNormal,Modo normal seguro
encenderLuces,Iluminacion domestica lista
anteriorMelodia,Musica anterior procesada
modoNormal,Restauración del estado inicial
encenderLuces,Activando sistema de luces
modoSuper,Sistema entrando en modo super
apagarLuces,Control de luz desactivado
encenderLuces,Luces activadas satisfactoriamente
siguienteMelodia,Movimiento a pista consecutiva
encenderLuces,Luces operativas
modoSuper,Reforzando capacidad del sistema
encenderLuces,Ambiente correctamente iluminado
modoNormal,Estado habitual restablecido
modoNormal,Revirtiendo a configuración base
apagarLuces,Apagando zonas interiores
modoNormal,Sistema en comportamiento básico
modoNormal,Modo natural activo
abrirPuerta,Iniciando apertura del acceso
modoNormal,Modo normal seguro
apagarLuces,Cierre de sistema luminoso
abrirPuerta,Sistema ejecutando apertura remota
apagarLuces,Cerrando sistema de luces
modoNormal,Frecuencia normal en proceso
anteriorMelodia,Reproduciendo melodia anterior
abrirPuerta,Liberación de puerta ejecutada
abrirPuerta,Acceso iniciando apertura
apagarLuces,Apagado general procesado
apagarLuces,Oscureciendo ambiente
anteriorMelodia,Direccion musical invertida
siguienteMelodia,Reproducción secuencial siguiente
siguienteMelodia,Control de avance musical
modoNormal,Configuración normal aplicada
siguienteMelodia,Entrada a melodia siguiente
siguienteMelodia,Control de avance musical
modoNormal,Modo normal confirmado
modoSuper,Entrando en estado super
modoNormal,Estabilidad de régimen recuperada
modoSuper,Estatus super habilitado
modoNormal,Sistema en condiciones estándar
siguienteMelodia,Desplazando a canción siguiente
modoNormal,Modo regular activado
encenderLuces,Luces encendidas correctamente
modoNormal,Volviendo a circulación normal
encenderLuces,Sistema luminoso completado
modoNormal,Modo normal seguro
anteriorMelodia,Regresando a la melodia previa
encenderLuces,Hogar iluminado
encenderLuces,Intensidad luminosa configurada
anteriorMelodia,Melodia previa en reproduccion
apagarLuces,Apagando luces del hogar
modoNormal,Modo normal activado
siguienteMelodia,Control musical avanzado
siguienteMelodia,Melodía entrante activada
encenderLuces,Iluminacion interior lista
modoSuper,Procesamiento super activo
apagarLuces,Deshabilitando sistema de luces
modoNormal,Operación normal retomada
abrirPuerta,Acceso iniciando apertura
modoSuper,Control reforzado habilitado
apagarLuces,Oscureciendo ambiente
encenderLuces,Luces operativas
modoSuper,Operación super establecida
anteriorMelodia,Regresando pista musical
encenderLuces,Sistema de luz activo
siguienteMelodia,Avance de lista musical
encenderLuces,Sistema iluminando interiores
modoNormal,Configuración normal aplicada
siguienteMelodia,Ejecutando melodia siguiente
siguienteMelodia,Progreso musical hacia adelante
apagarLuces,Apagando luces del hogar
siguienteMelodia,Modo música adelante
modoNormal,Modo estable activado
siguienteMelodia,Avance de playlist
apagarLuces,Focos apagados
anteriorMelodia,Transicion a pista anterior
modoSuper,Funciones super implementadas
siguienteMelodia,Secuencia a tema posterior
modoSuper,Modo super atendido
modoNormal,Sistema estabilizado
apagarLuces,Finalizacion de iluminacion
modoNormal,Norma operativa establecida
siguienteMelodia,Lista continua hacia adelante
anteriorMelodia,Regresando a la melodia previa
encenderLuces,Sistema iluminando interiores
apagarLuces,Sistema de luz deshabilitado
siguienteMelodia,Sonido siguiente habilitado
modoNormal,Sistema retornando a valores base
modoNormal,Modo estable activado
modoNormal,Modo natural activo
siguienteMelodia,Continuación musical habilitada
modoSuper,Modo super completamente activo
modoSuper,Control reforzado habilitado
modoSuper,Ejecución de seguridad avanzada
apagarLuces,Ambiente apagado
abrirPuerta,Puerta en transición de apertura
modoSuper,Sistema elevado a modo super
abrirPuerta,Proceso de apertura en curso
modoNormal,Config estándar confirmada
modoNormal,Modo natural activo
modoSuper,Modo super operativo
siguienteMelodia,Orden de canción siguiente
encenderLuces,Sistema en modo iluminado
abrirPuerta,Acceso iniciando apertura
modoSuper,Sistema bajo modo super seguro
modoSuper,Estado funcional elevado
modoNormal,Restauración del sistema realizada
abrirPuerta,Acceso principal en ejecución
encenderLuces,Iluminacion domestica lista
abrirPuerta,Apertura automática iniciada
modoNormal,Operación común activada
abrirPuerta,Apertura asistida de puerta
abrirPuerta,Apertura remota activada
apagarLuces,Luces principales apagadas
apagarLuces,Retiro de luz completado
anteriorMelodia,Melodia previa en reproduccion
modoSuper,Modo super sosteniéndose
encenderLuces,Focos encendidos
modoNormal,Revirtiendo a configuración base
encenderLuces,Sistema luminoso completado
encenderLuces,Activando brillo interior
modoSuper,Activando modo super
modoSuper,Sistema bajo modo super seguro
modoNormal,Desactivando modo super
siguienteMelodia,Control musical avanzado
modoNormal,Modo de funcionamiento tradicional
apagarLuces,Deshabilitando sistema de luces
siguienteMelodia,Lista avanzando
abrirPuerta,Abriendo puerta principal
anteriorMelodia,Volviendo en la secuencia sonora
modoNormal,Operación común activada
modoSuper,Estado super alcanzado
abrirPuerta,Sistema del acceso activado
anteriorMelodia,Regresando pista musical
modoSuper,Modo super completamente activo
encenderLuces,Luces operativas
encenderLuces,Activando puntos luminosos
siguienteMelodia,Secuencia a tema posterior
anteriorMelodia,Control musical hacia atras
siguienteMelodia,Ejecutando tema siguiente
abrirPuerta,Desbloqueo inicial de la puerta
anteriorMelodia,Moviendo a melodia anterior
modoNormal,Estabilidad normal restaurada
anteriorMelodia,Tema previo en curso
abrirPuerta,Desbloqueo inicial de la puerta
abrirPuerta,Realizando apertura de puerta
apagarLuces,Iniciando apagado de luces
siguienteMelodia,Reproducción secuencial siguiente
abrirPuerta,Puerta avanzando a apertura
encenderLuces,Iluminacion del entorno activa
encenderLuces,Activando sistema de luces
anteriorMelodia,Retrocediendo a pista anterior
anteriorMelodia,Ejecutando melodia previa
siguienteMelodia,Rotación musical adelante
siguienteMelodia,Avance de playlist
anteriorMelodia,Seleccionando melodia anterior
apagarLuces,Luces apagadas correctamente
siguienteMelodia,Reproducción continua siguiente
abrirPuerta,Acceso recibiendo orden de apertura
apagarLuces,Desconectando iluminacion interna
abrirPuerta,Puerta respondiendo al comando
abrirPuerta,Apertura del acceso confirmada
apagarLuces,Finalizacion de iluminacion
modoSuper,Modo de seguridad reforzado
modoNormal,Ejecución en modo estándar
encenderLuces,Encendido de luz interior
anteriorMelodia,Volviendo a la pista inicial
encenderLuces,Luces encendidas correctamente
modoNormal,Operación normal retomada
modoSuper,Operación super establecida
encenderLuces,Activando brillo interior
encenderLuces,Activacion de iluminacion completada
modoSuper,Modo super establecido
modoNormal,Modo normal asegurado
encenderLuces,Iluminacion general encendida
encenderLuces,Luces operativas
abrirPuerta,Proceso de apertura en curso
modoNormal,Modo cotidiano activado
encenderLuces,Puntos de iluminacion activos
modoNormal,Modo natural activo
apagarLuces,Oscureciendo ambiente
apagarLuces,Luz desconectada del sistema
encenderLuces,Luces habilitadas por sistema
encenderLuces,Iluminacion del hogar lista
siguienteMelodia,Melodía entrante activada
apagarLuces,Sistema finalizando luz
apagarLuces,Apagando luces disponibles
modoNormal,Norma operativa establecida
modoSuper,Potenciación del sistema iniciada
apagarLuces,Luz retirada por comando
modoNormal,Sistema en régimen estándar
anteriorMelodia,Reproduccion regresiva
siguienteMelodia,Cambio de canción adelante
encenderLuces,Puntos de iluminacion activos
encenderLuces,Control de luz activado
abrirPuerta,Desbloqueo inicial de la puerta
apagarLuces,Desactivando iluminacion general
modoSuper,Estado super alcanzado
encenderLuces,Iluminacion activada
modoNormal,Estado habitual restablecido
modoNormal,Sistema en comportamiento básico
apagarLuces,Luz desconectada del sistema
apagarLuces,Desactivando iluminacion general
abrirPuerta,Puerta habilitada para abrir
anteriorMelodia,Volviendo una melodia atras
apagarLuces,Desactivando iluminacion general
modoNormal,Modo cotidiano activado
apagarLuces,Desactivando puntos de luz
abrirPuerta,Puerta respondiendo apertura
modoSuper,Optimizando recursos en super
anteriorMelodia,Tema anterior confirmado
siguienteMelodia,Reproducción musical progresiva
modoNormal,Modo usual recuperado
encenderLuces,Intensidad luminosa activada
apagarLuces,Luces deshabilitadas
siguienteMelodia,Control de avance musical
siguienteMelodia,Musica adelantada
abrirPuerta,Liberación de puerta ejecutada
anteriorMelodia,Pista anterior seleccionada
abrirPuerta,Acceso principal en movimiento
anteriorMelodia,Reproduccion anterior establecida
apagarLuces,Iluminacion deshabilitada
encenderLuces,Activando brillo interior
apagarLuces,Sistema apagando luces
encenderLuces,Iluminacion base encendida
abrirPuerta,Acceso principal en ejecución
modoSuper,Modo superior en proceso
modoSuper,Control reforzado habilitado
siguienteMelodia,Rotación musical adelante
siguienteMelodia,Control de avance musical
anteriorMelodia,Pista previa confirmada
abrirPuerta,Acceso siendo liberado
abrirPuerta,Apertura confirmada
apagarLuces,Control de luz desactivado
anteriorMelodia,Retorno a melodia previa
apagarLuces,Desactivando iluminacion general
apagarLuces,Iluminacion detenida
apagarLuces,Luces totalmente desactivadas
abrirPuerta,Acceso principal en ejecución
abrirPuerta,Puerta principal liberándose
apagarLuces,Corte de iluminacion ejecutado
apagarLuces,Luces interiores desactivadas
siguienteMelodia,Rotación musical adelante
abrirPuerta,Acceso principal en ejecución
abrirPuerta,Puerta desplazándose hacia apertura
apagarLuces,Desactivando puntos de luz
modoNormal,Sistema reintegrado a normalidad
modoSuper,Operación super establecida
modoNormal,Norma operativa establecida
modoSuper,Seguridad al máximo nivel
abrirPuerta,Acceso siendo liberado
modoSuper,Funcionamiento avanzado activado
apagarLuces,Retiro de luz completado
siguienteMelodia,Secuencia musical siguiente
siguienteMelodia,Sonido siguiente habilitado
encenderLuces,Encendiendo luces disponibles
siguienteMelodia,Pista avanzada habilitada
apagarLuces,Reduccion de iluminacion
modoNormal,Sistema regresando a normalidad
anteriorMelodia,Reproduccion en retroceso
anteriorMelodia,Reproduccion en retroceso
apagarLuces,Cerrando sistema de luces
encenderLuces,Encendiendo luces externas
abrirPuerta,Acceso principal en movimiento
siguienteMelodia,Secuencia a tema posterior
siguienteMelodia,Control de avance musical
encenderLuces,Sistema iluminando interiores
modoSuper,Operación super establecida
encenderLuces,Sistema luminoso completado
modoSuper,Activando modo super
modoNormal,Sistema en comportamiento básico
abrirPuerta,Ejecutando apertura principal
modoSuper,Modo super completamente activo
modoNormal,Modo regular activado
encenderLuces,Puntos de iluminacion activos
modoSuper,Optimizando recursos en super
encenderLuces,Encendido de luz ejecutado
siguienteMelodia,Lista musical moviéndose adelante
apagarLuces,Deshabilitando sistema de luces
encenderLuces,Luces activadas satisfactoriamente
anteriorMelodia,Retroceso de playlist
siguienteMelodia,Reemplazando melodia por siguiente
apagarLuces,Detencion de iluminacion
abrirPuerta,Apertura automática en progreso
apagarLuces,Sistema oscuro habilitado
modoNormal,Sistema en comportamiento básico
apagarLuces,Apagado interno listo
encenderLuces,Encendiendo luces disponibles
siguienteMelodia,Secuencia musical siguiente
abrirPuerta,Activando mecanismos de puerta
modoNormal,Modo normal en funcionamiento
siguienteMelodia,Avance de playlist
abrirPuerta,Puerta respondiendo apertura
anteriorMelodia,Musica regresada
abrirPuerta,Apertura confirmada
encenderLuces,Luces habilitadas
apagarLuces,Iluminacion deshabilitada
modoSuper,Procesamiento super activo
modoNormal,Volviendo a circulación normal
encenderLuces,Iluminacion activada
siguienteMelodia,Cambio musical siguiente procesado
anteriorMelodia,Retorno a melodia previa
apagarLuces,Luz desconectada del sistema
modoSuper,Sistema en estado intensivo
siguienteMelodia,Pista desplazada hacia adelante
anteriorMelodia,Regresando a la melodia previa
modoSuper,Operación super estable
modoSuper,Seguridad elevada activada
abrirPuerta,Sistema ejecutando apertura remota
modoSuper,Operación super estable
modoNormal,Modo normal en funcionamiento
siguienteMelodia,Modo música adelante
anteriorMelodia,Reproduccion de pista anterior
anteriorMelodia,Control musical hacia atras
anteriorMelodia,Volviendo a la pista inicial
anteriorMelodia,Reproduccion de pista anterior
modoNormal,Operación sin modo super
anteriorMelodia,Pista anterior ejecutada
modoSuper,Operación super establecida
abrirPuerta,Activando mecanismos de puerta
modoNormal,Operación normal retomada
apagarLuces,Apagando luces disponibles
abrirPuerta,Acceso automatizado activado
apagarLuces,Corte de iluminacion ejecutado
apagarLuces,Deshabilitando sistema de luces
abrirPuerta,Activando apertura principal
anteriorMelodia,Tema en retroceso
encenderLuces,Intensidad luminosa configurada
apagarLuces,Luces cortadas
abrirPuerta,Puerta respondiendo al comando
abrirPuerta,Abriendo puerta principal
encenderLuces,Luz principal habilitada
apagarLuces,Luces interiores desactivadas
modoSuper,Maximizando niveles operativos
siguienteMelodia,Canción desplazada hacia adelante
anteriorMelodia,Retorno musical habilitado
abrirPuerta,Apertura sin obstrucciones en curso
apagarLuces,Apagado general procesado
encenderLuces,Iluminacion activada
modoSuper,Modo avanzado habilitado
modoSuper,Modo super en funcionamiento
encenderLuces,Activando luces internas
apagarLuces,Desactivacion luminosa ejecutada
modoNormal,Sistema en estado regular
modoSuper,Control reforzado habilitado
modoNormal,Revirtiendo a configuración base
modoNormal,Modo normal asegurado
modoSuper,Modo super establecido
modoNormal,Modo usual recuperado
apagarLuces,Retiro de luz completado
abrirPuerta,Iniciando apertura del acceso
modoNormal,Sistema estabilizado
siguienteMelodia,Desplazando a canción siguiente
modoNormal,Modo estable activado
modoSuper,Modo inteligente super activado
abrirPuerta,Mecanismo de apertura activo
anteriorMelodia,Melodia retrocedida correctamente
modoNormal,Control básico restaurado
encenderLuces,Activando luces internas
encenderLuces,Iluminacion interior lista
encenderLuces,Iluminando area del hogar
siguienteMelodia,Activando melodia sucesora
apagarLuces,Reduccion luminosa ejecutada
anteriorMelodia,Entrada a melodia anterior
modoSuper,Control reforzado habilitado
siguienteMelodia,Reproducción secuencial siguiente
modoNormal,Sistema regresando a normalidad
anteriorMelodia,Reactivando pista anterior
siguienteMelodia,Canción siguiente ejecutada
siguienteMelodia,Progreso musical hacia adelante
abrirPuerta,Apertura remota activada
abrirPuerta,Apertura confirmada
abrirPuerta,Acceso siendo liberado
abrirPuerta,Ejecutando apertura principal
modoNormal,Sistema en condiciones estándar
siguienteMelodia,Transición a siguiente melodia
modoNormal,Restauración del sistema realizada
modoSuper,Protección reforzada activa
modoSuper,Estatus super habilitado
modoSuper,Ejecución de seguridad avanzada
encenderLuces,Sistema iluminando interiores
anteriorMelodia,Retroceso de secuencia musical
modoNormal,Modo usual recuperado
anteriorMelodia,Transicion a pista anterior
abrirPuerta,Desbloqueo y apertura iniciados
abrirPuerta,Iniciando apertura del acceso
modoSuper,Ejecución de seguridad avanzada
apagarLuces,Luz interior apagada
apagarLuces,Reduccion de iluminacion
apagarLuces,Iluminacion deshabilitada
abrirPuerta,Activando apertura principal
modoNormal,Modo estable activado
siguienteMelodia,Sonido siguiente habilitado
abrirPuerta,Liberación y apertura de puerta
apagarLuces,Luces principales apagadas
encenderLuces,Iluminacion general encendida
modoSuper,Modo extremo habilitado
apagarLuces,Finalizando proceso de apagado
siguienteMelodia,Progreso musical hacia adelante
apagarLuces,Zona sin iluminacion
encenderLuces,Activando brillo interior
siguienteMelodia,Reproducción mejorada adelante
apagarLuces,Apagado interno listo
siguienteMelodia,Entrada a melodia siguiente
apagarLuces,Iluminacion totalmente detenida
modoSuper,Seguridad al máximo nivel
encenderLuces,Sistema luminoso encendido
modoNormal,Modo estable activado
encenderLuces,Iluminacion general encendida
modoNormal,Modo ordinario habilitado
apagarLuces,Luces principales apagadas
apagarLuces,Modo oscuro activado
siguienteMelodia,Continuación musical habilitada
modoNormal,Config estándar confirmada
modoNormal,Modo normal activado
encenderLuces,Luz automatizada encendida
modoSuper,Reforzando operación general
apagarLuces,Sistema de luz deshabilitado
modoSuper,Optimizando recursos en super
abrirPuerta,Sistema del acceso activado
anteriorMelodia,Transicion a pista anterior
abrirPuerta,Apertura automática en progreso
modoNormal,Sistema reintegrado a normalidad
siguienteMelodia,Desplazando a canción siguiente
modoNormal,Sistema en condiciones estándar
encenderLuces,Sistema luminoso encendido
modoSuper,Operación super establecida
anteriorMelodia,Volviendo en la secuencia sonora
encenderLuces,Luces operativas
abrirPuerta,Secuencia de apertura activada
modoNormal,Estabilidad de régimen recuperada
modoNormal,Frecuencia normal en proceso
encenderLuces,Encendido general listo
abrirPuerta,Puerta respondiendo al comando
siguienteMelodia,Cambio musical siguiente procesado
modoNormal,Sistema estabilizado
apagarLuces,Control de luz desactivado
apagarLuces,Luz apagada en el hogar
apagarLuces,Modo oscuro activado
abrirPuerta,Puerta desplazándose hacia apertura
modoNormal,Volviendo a parámetros normales
modoNormal,Modo estándar restablecido
apagarLuces,Corte de luz interno
abrirPuerta,Puerta deslizándose
encenderLuces,Activacion luminosa procesada
modoNormal,Sistema en estado regular
abrirPuerta,Apertura automática iniciada
apagarLuces,Modo oscuro activado
abrirPuerta,Apertura sin obstrucciones en curso
siguienteMelodia,Pista activa siguiente
modoSuper,Activación máxima ejecutada
encenderLuces,Activando luces internas
abrirPuerta,Puerta respondiendo al comando
anteriorMelodia,Regreso musical ejecutado
modoSuper,Modo avanzado habilitado
abrirPuerta,Puerta en transición de apertura
modoSuper,Modo super establecido
modoNormal,Desactivando modo super
siguienteMelodia,Pista avanzada habilitada
siguienteMelodia,Pista avanzada habilitada
encenderLuces,Inicializando encendido de luces
abrirPuerta,Proceso de apertura en curso
modoNormal,Modo simple habilitado
siguienteMelodia,Transición a siguiente melodia
modoSuper,Entrando en estado super
siguienteMelodia,Reproducción de próxima pista
encenderLuces,Iluminando area del hogar
encenderLuces,Encendido de ambiente interno
apagarLuces,Iluminacion minimizada
encenderLuces,Luces encendidas correctamente
abrirPuerta,Acceso en secuencia de apertura
anteriorMelodia,Cancion previa habilitada
modoNormal,Sistema estabilizado
apagarLuces,Apagando iluminacion interior
apagarLuces,Iluminacion minimizada
abrirPuerta,Puerta avanzando a apertura
siguienteMelodia,Tema posterior en curso
apagarLuces,Zona sin iluminacion
modoSuper,Modo super en funcionamiento
modoSuper,Estado de máximo rendimiento
encenderLuces,Intensidad luminosa activada
encenderLuces,Sistema luminoso encendido
modoSuper,Modo super operativo
abrirPuerta,Acceso recibiendo orden de apertura
modoSuper,Activación máxima ejecutada
modoNormal,Modo de funcionamiento tradicional
abrirPuerta,Puerta en transición de apertura
anteriorMelodia,Lista regresando atras
siguienteMelodia,Avance musical iniciado
abrirPuerta,Apertura de puerta en proceso
modoNormal,Revirtiendo a configuración base
encenderLuces,Luces habilitadas
modoSuper,Modo super habilitado
apagarLuces,Retiro de luz completado
encenderLuces,Luces habilitadas por sistema
apagarLuces,Iniciando apagado de luces
siguienteMelodia,Activación de pista siguiente
modoNormal,Operación estándar reestablecida
apagarLuces,Apagado general procesado
anteriorMelodia,Retroceso de secuencia musical
encenderLuces,Encendiendo luces disponibles
abrirPuerta,Puerta iniciando apertura
modoSuper,Modo de seguridad reforzado
modoNormal,Sistema regresando a normalidad
siguienteMelodia,Pasando a la próxima canción
anteriorMelodia,Regresando a la melodia previa
abrirPuerta,Activando mecanismos de puerta
encenderLuces,Intensidad luminosa configurada
encenderLuces,Encendiendo luces del hogar
anteriorMelodia,Volviendo en la secuencia sonora
modoSuper,Potencia aumentada en sistema
modoSuper,Modo inteligente super activado
modoSuper,Activando modo super
anteriorMelodia,Reproduccion regresiva
apagarLuces,Zona sin iluminacion
modoNormal,Modo estable activado
apagarLuces,Cerrando sistema de luces
siguienteMelodia,Lista avanzando
modoSuper,Modo super procesado
modoSuper,Modo super atendido
abrirPuerta,Puerta iniciando transición
encenderLuces,Encendiendo zona iluminada
anteriorMelodia,Tema anterior en ejecucion
encenderLuces,Sistema luminoso completado
abrirPuerta,Acceso automatizado activado
apagarLuces,Cese completo de luz
apagarLuces,Iluminacion detenida
abrirPuerta,Puerta habilitada para abrir
apagarLuces,Reduccion de iluminacion
modoNormal,Restituyendo ajustes originales
anteriorMelodia,Pista anterior activada
encenderLuces,Luz principal habilitada
apagarLuces,Iluminacion desactivada
encenderLuces,Focos encendidos
modoNormal,Modo regular activado
encenderLuces,Luz principal iniciada
modoSuper,Modo intensificado activo
encenderLuces,Encendiendo zona iluminada
anteriorMelodia,Regresando a la melodia previa
abrirPuerta,Sistema liberando puerta
apagarLuces,Luces apagadas correctamente
siguienteMelodia,Melodía entrante activada
abrirPuerta,Acceso siendo liberado
siguienteMelodia,Lista continua hacia adelante
modoNormal,Estabilidad de régimen recuperada
siguienteMelodia,Tema posterior en curso
modoNormal,Sistema en condiciones estándar
modoNormal,Estado habitual restablecido
encenderLuces,Luz en funcionamiento
anteriorMelodia,Ejecutando melodia previa
modoNormal,Desactivando modo super
abrirPuerta,Apertura confirmada
abrirPuerta,Puerta principal liberándose
abrirPuerta,Apertura confirmada
modoNormal,Estabilidad de régimen recuperada
apagarLuces,Zona sin iluminacion
siguienteMelodia,Musica adelantada
encenderLuces,Inicio de iluminacion estable
encenderLuces,Encendiendo luces externas
abrirPuerta,Apertura del hogar habilitada
modoSuper,Protección reforzada activa
modoNormal,Desactivando modo super
apagarLuces,Cese completo de luz
encenderLuces,Iluminacion activada
encenderLuces,Activando puntos luminosos
modoSuper,Modo super habilitado
modoNormal,Restaurando modo normal
modoSuper,Rendimiento super iniciado
siguienteMelodia,Lista musical moviéndose adelante
apagarLuces,Oscureciendo ambiente
modoSuper,Ejecución de seguridad avanzada
encenderLuces,Luz accesible encendida
anteriorMelodia,Reproduccion retrocedida
modoSuper,Ejecución de modo super iniciada
anteriorMelodia,Reproduccion regresiva
modoSuper,Modo super operativo
siguienteMelodia,Cambio musical siguiente procesado
encenderLuces,Sistema de luz activo
apagarLuces,Detencion de iluminacion
modoNormal,Normalidad recuperada
encenderLuces,Ambiente correctamente iluminado
modoNormal,Modo cotidiano activado
apagarLuces,Luces principales apagadas
modoSuper,Control avanzado reforzado
anteriorMelodia,Regresando al sonido previo
abrirPuerta,Puerta principal liberándose
anteriorMelodia,Melodia desplazada hacia atras
modoNormal,Revirtiendo a configuración base
modoSuper,Modo super completamente activo
apagarLuces,Apagado general procesado
encenderLuces,Luz principal iniciada
abrirPuerta,Mecanismo de apertura activo
apagarLuces,Luces principales apagadas
encenderLuces,Luz accesible encendida
encenderLuces,Inicializando encendido de luces
apagarLuces,Apagando zonas interiores
abrirPuerta,Realizando apertura de puerta
apagarLuces,Iniciando apagado de luces
abrirPuerta,Sistema ejecutando apertura remota
modoNormal,Nivel normal activado
encenderLuces,Luz en funcionamiento
apagarLuces,Deshabilitando sistema de luces
anteriorMelodia,Volviendo en la secuencia sonora
apagarLuces,Sistema en modo sin luz
encenderLuces,Encendiendo luces disponibles
abrirPuerta,Sistema activando apertura
abrirPuerta,Puerta iniciando apertura
anteriorMelodia,Pista previa habilitada
anteriorMelodia,Lista alterada hacia atras
apagarLuces,Oscureciendo ambiente
siguienteMelodia,Progreso musical hacia adelante
abrirPuerta,Proceso de apertura en curso
modoSuper,Estado super alcanzado
anteriorMelodia,Cambio a melodia anterior
anteriorMelodia,Retroceso musical activado
siguienteMelodia,Desplazando a canción siguiente
modoSuper,Estado de máximo rendimiento
modoNormal,Volviendo al estado original
encenderLuces,Focos encendidos
modoSuper,Modo super atendido
encenderLuces,Focos encendidos
encenderLuces,Luz en funcionamiento
modoNormal,Volviendo a parámetros normales
modoSuper,Procesamiento super activo
modoSuper,Seguridad maximizada
abrirPuerta,Puerta respondiendo apertura
anteriorMelodia,Moviendo a melodia anterior
modoNormal,Modo normal activado
modoNormal,Retorno completo al modo normal
modoNormal,Sistema reintegrado a normalidad
modoNormal,Restauración del estado inicial
modoSuper,Estado de máximo rendimiento
siguienteMelodia,Secuencia musical siguiente
modoNormal,Estabilidad normal restaurada
apagarLuces,Luces principales apagadas
anteriorMelodia,Retorno musical habilitado
abrirPuerta,Activando mecanismos de puerta
modoNormal,Estado habitual restablecido
anteriorMelodia,Moviendo a melodia anterior
apagarLuces,Luces deshabilitadas
encenderLuces,Luz en funcionamiento
apagarLuces,Luz deshabilitada correctamente
anteriorMelodia,Pista anterior activada
modoNormal,Sistema en condiciones estándar
abrirPuerta,Puerta deslizándose
anteriorMelodia,Cancion previa habilitada
encenderLuces,Iluminacion domestica lista
apagarLuces,Cierre de sistema luminoso
modoSuper,Funciones mejoradas encendidas
anteriorMelodia,Secuencia previa activada
siguienteMelodia,Melodía entrante activada
abrirPuerta,Acceso aperturándose
modoNormal,Modo natural activo
modoNormal,Sistema regresando a normalidad
modoNormal,Modo normal seguro
apagarLuces,Apagando zonas interiores
abrirPuerta,Apertura automática iniciada
encenderLuces,Iluminacion base encendida
encenderLuces,Modo luz encendido
modoNormal,Volviendo a parámetros normales
siguienteMelodia,Activación de pista siguiente
modoSuper,Potencia aumentada en sistema
anteriorMelodia,Retroceso de secuencia musical
anteriorMelodia,Regresando al sonido previo
siguienteMelodia,Pista avanzada habilitada
modoSuper,Funciones mejoradas encendidas
siguienteMelodia,Reproducción secuencial siguiente
siguienteMelodia,Avance musical iniciado
abrirPuerta,Acceso principal moviéndose
anteriorMelodia,Seleccionando melodia anterior
modoSuper,Control reforzado habilitado
anteriorMelodia,Reproduccion retrocedida
modoSuper,Operación super establecida
encenderLuces,Encendido de luz ejecutado
modoNormal,Modo estándar restablecido
siguienteMelodia,Desplazando a canción siguiente
siguienteMelodia,Reproducción adelantada
modoNormal,Sistema en régimen estándar
abrirPuerta,Apertura confirmada
apagarLuces,Sistema apagando luces
encenderLuces,Encendiendo zona iluminada
modoNormal,Operación estándar reestablecida
encenderLuces,Luz principal iniciada
anteriorMelodia,Reproduccion de pista anterior
abrirPuerta,Acceso principal en movimiento
abrirPuerta,Apertura automática en progreso
modoSuper,Entrando en estado super
abrirPuerta,Acceso principal moviéndose
apagarLuces,Sistema en modo sin luz
modoSuper,Modo protector elevado
siguienteMelodia,Cambio musical siguiente procesado
anteriorMelodia,Direccion musical invertida
modoNormal,Configuración normal aplicada
modoNormal,Sistema en comportamiento básico
encenderLuces,Encendiendo luces disponibles
anteriorMelodia,Tema anterior en ejecucion
modoSuper,Protección total habilitada
modoSuper,Sistema entrando en modo super
anteriorMelodia,Volviendo una melodia atras
modoNormal,Sistema en estado regular
siguienteMelodia,Cambio musical siguiente procesado
modoNormal,Norma operativa establecida
anteriorMelodia,Volviendo a la pista inicial
modoNormal,Operación común activada
modoNormal,Operación sin modo super
apagarLuces,Iluminacion retirada
modoNormal,Control básico restaurado
siguienteMelodia,Entrada a melodia siguiente
siguienteMelodia,Activando pista posterior
anteriorMelodia,Melodia retrocedida correctamente
abrirPuerta,Realizando apertura de puerta
siguienteMelodia,Control musical avanzado
siguienteMelodia,Cambio musical siguiente procesado
modoNormal,Operación común activada
abrirPuerta,Activando apertura principal
anteriorMelodia,Reproduccion regresiva
siguienteMelodia,Avance de playlist
encenderLuces,Luz en funcionamiento
encenderLuces,Encendido general listo
modoSuper,Potencia del sistema incrementada
encenderLuces,Luz principal habilitada
anteriorMelodia,Retroceso de secuencia musical
siguienteMelodia,Activación de pista siguiente
abrirPuerta,Puerta respondiendo apertura
modoSuper,Estado super alcanzado
modoNormal,Modo estándar restablecido
anteriorMelodia,Retorno musical habilitado
apagarLuces,Modo oscuro activado
siguienteMelodia,Reproducción adelantada
modoNormal,Funcionamiento común recuperado
modoNormal,Modo estándar restablecido
encenderLuces,Iluminacion interior lista
apagarLuces,Control de luz desactivado
modoSuper,Modo super atendido
apagarLuces,Ambiente sin iluminacion
siguienteMelodia,Lista avanzando
modoNormal,Modo normal confirmado
siguienteMelodia,Continuación musical habilitada
modoNormal,Sistema estabilizado
encenderLuces,Encendiendo zona iluminada
abrirPuerta,Liberando puerta principal
anteriorMelodia,Cambio a melodia anterior
anteriorMelodia,Cambio a melodia anterior
modoSuper,Reforzando capacidad del sistema
siguienteMelodia,Lista continua hacia adelante
encenderLuces,Iluminacion domestica lista
modoSuper,Operación super establecida
encenderLuces,Control de luz activado
modoNormal,Frecuencia estándar habilitada
encenderLuces,Luz en funcionamiento
anteriorMelodia,Secuencia previa activada
modoSuper,Rendimiento super iniciado
anteriorMelodia,Regreso musical ejecutado
anteriorMelodia,Regresando a la melodia previa
apagarLuces,Cerrando sistema de luces
encenderLuces,Activando sistema de luces
modoSuper,Control aumentado habilitado
modoSuper,Potencia del sistema incrementada
apagarLuces,Sistema en modo sin luz
modoNormal,Volviendo a parámetros normales
apagarLuces,Luz apagada en el hogar
siguienteMelodia,Secuencia a tema posterior
modoNormal,Modo básico activo
modoSuper,Modo protector elevado
abrirPuerta,Secuencia de apertura activada
abrirPuerta,Mecanismo principal aperturándose
modoNormal,Modo regular activado
siguienteMelodia,Melodía adelantada confirmada
encenderLuces,Focos encendidos
abrirPuerta,Acceso en secuencia de apertura
abrirPuerta,Sistema liberando puerta
anteriorMelodia,Pista anterior ejecutada
apagarLuces,Iluminacion desactivada
abrirPuerta,Puerta lista en modo apertura
siguienteMelodia,Activación de pista siguiente
modoSuper,Activación avanzada iniciada
anteriorMelodia,Melodia desplazada hacia atras
modoNormal,Modo básico activo
anteriorMelodia,Regresando al sonido previo
apagarLuces,Apagando luces disponibles
modoNormal,Contexto base reactivado
apagarLuces,Cierre de sistema luminoso
siguienteMelodia,Reproducción secuencial siguiente
modoNormal,Operación común activada
abrirPuerta,Apertura remota activada
anteriorMelodia,Regresando al sonido previo
abrirPuerta,Sistema ejecutando apertura remota
anteriorMelodia,Retrocediendo a pista anterior
apagarLuces,Sistema apagando luces
encenderLuces,Activacion de iluminacion completada
abrirPuerta,Activando apertura principal
modoNormal,Sistema en comportamiento básico
anteriorMelodia,Volviendo en la secuencia sonora
modoSuper,Estado super alcanzado
anteriorMelodia,Retroceso de secuencia musical
modoNormal,Volviendo a circulación normal
anteriorMelodia,Retorno musical habilitado
abrirPuerta,Acceso recibiendo orden de apertura
abrirPuerta,Acceso principal operando apertura
encenderLuces,Encendiendo luces disponibles
apagarLuces,Cierre de sistema luminoso
abrirPuerta,Apertura confirmada
siguienteMelodia,Cambio musical siguiente procesado
siguienteMelodia,Control musical avanzado
encenderLuces,Luz principal habilitada
siguienteMelodia,Tema posterior en curso
apagarLuces,Luz retirada por comando
modoNormal,Modo regular activado
anteriorMelodia,Reactivando pista anterior
anteriorMelodia,Reproduccion regresiva
anteriorMelodia,Retroceso confirmado
abrirPuerta,Apertura del acceso confirmada
apagarLuces,Luz apagada en el hogar
modoNormal,Sistema fuera de modo super
siguienteMelodia,Melodía entrante activada
modoNormal,Modo normal seguro
siguienteMelodia,Progreso musical hacia adelante
apagarLuces,Luces deshabilitadas
modoSuper,Modo inteligente super activado
anteriorMelodia,Tema previo en curso
encenderLuces,Ambiente correctamente iluminado
modoNormal,Modo usual recuperado
apagarLuces,Apagando iluminacion interior
encenderLuces,Inicializando encendido de luces
encenderLuces,Luz interior activada
encenderLuces,Inicio de iluminacion estable
abrirPuerta,Acceso automatizado activado
abrirPuerta,Puerta respondiendo apertura
apagarLuces,Ambiente apagado
encenderLuces,Activando sistema de luces
abrirPuerta,Acceso principal en movimiento
modoNormal,Configuración normal aplicada
encenderLuces,Inicializando encendido de luces
siguienteMelodia,Pista activa siguiente
modoSuper,Sistema bajo modo super seguro
siguienteMelodia,Reproducción secuencial siguiente
siguienteMelodia,Saltando a pista siguiente
anteriorMelodia,Reactivando pista anterior
anteriorMelodia,Retrocediendo a pista anterior
anteriorMelodia,Pista anterior activada
siguienteMelodia,Pista activa siguiente
modoNormal,Nivel normal activado
anteriorMelodia,Retorno a melodia previa
encenderLuces,Activacion luminosa procesada
siguienteMelodia,Pista activa siguiente
abrirPuerta,Apertura del hogar habilitada
siguienteMelodia,Pista activa siguiente
abrirPuerta,Secuencia de apertura activada
apagarLuces,Iluminacion detenida
anteriorMelodia,Cambio a melodia anterior
siguienteMelodia,Secuencia a tema posterior
modoSuper,Modo super atendido
abrirPuerta,Puerta desplazándose hacia apertura
siguienteMelodia,Cambio de canción adelante
siguienteMelodia,Pista avanzada habilitada
siguienteMelodia,Reemplazando melodia por siguiente
abrirPuerta,Sistema del acceso activado
abrirPuerta,Puerta iniciando apertura
modoNormal,Modo de funcionamiento tradicional
siguienteMelodia,Avance musical iniciado
abrirPuerta,Abriendo puerta principal
abrirPuerta,Apertura del acceso confirmada
modoNormal,Parámetros normales aplicados
encenderLuces,Iluminacion del entorno activa
abrirPuerta,Comenzando apertura de puerta
modoSuper,Modo extremo habilitado
encenderLuces,Modo luz encendido
encenderLuces,Luz principal iniciada
abrirPuerta,Puerta iniciando apertura
encenderLuces,Encendiendo ambiente
siguienteMelodia,Ejecutando melodia siguiente
apagarLuces,Retiro de luz completado
modoSuper,Control aumentado habilitado
anteriorMelodia,Volviendo en la secuencia sonora
siguienteMelodia,Tema posterior en curso
apagarLuces,Apagando iluminacion interior
apagarLuces,Iluminacion minimizada
apagarLuces,Deshabilitando sistema de luces
encenderLuces,Luces principales encendidas
anteriorMelodia,Secuencia musical previa
encenderLuces,Puntos de iluminacion activos
siguienteMelodia,Control musical avanzado
siguienteMelodia,Modo secuencia siguiente
anteriorMelodia,Tema anterior en ejecucion
modoSuper,Protección reforzada activa
siguienteMelodia,Sonido siguiente habilitado
siguienteMelodia,Saltando a pista siguiente
anteriorMelodia,Ejecutando melodia previa
siguienteMelodia,Entrada a melodia siguiente
siguienteMelodia,Modo secuencia siguiente
modoNormal,Restauración del estado inicial
abrirPuerta,Mecanismo principal aperturándose
anteriorMelodia,Retrocediendo a pista anterior
modoNormal,Modo de funcionamiento tradicional
anteriorMelodia,Reproduccion anterior establecida
modoNormal,Modo cotidiano activado
apagarLuces,Iluminacion totalmente detenida
abrirPuerta,Desbloqueo y apertura iniciados
encenderLuces,Luces habilitadas por sistema
abrirPuerta,Acceso principal en ejecución
apagarLuces,Sistema finalizando luz
siguienteMelodia,Pista activa siguiente
abrirPuerta,Puerta desplazándose hacia apertura
abrirPuerta,Ejecutando apertura automatizada
modoNormal,Modo normal confirmado
encenderLuces,Hogar iluminado
apagarLuces,Luz cancelada correctamente
anteriorMelodia,Pista previa habilitada
modoSuper,Rendimiento super iniciado
encenderLuces,Iluminacion general encendida
modoSuper,Funcionamiento avanzado activado
apagarLuces,Detencion de iluminacion
modoNormal,Modo regular activado
anteriorMelodia,Moviendo a melodia anterior
anteriorMelodia,Retroceso musical activado
abrirPuerta,Puerta habilitada para abrir
modoNormal,Desactivando modo super
encenderLuces,Activacion de iluminacion completada
anteriorMelodia,Pista anterior activada
modoSuper,Ejecución de seguridad avanzada
anteriorMelodia,Retroceso activo
apagarLuces,Iniciando apagado de luces
anteriorMelodia,Reinicio de melodia previa
encenderLuces,Iluminacion base encendida
modoNormal,Modo de funcionamiento tradicional
siguienteMelodia,Pista avanzada habilitada
encenderLuces,Encendiendo iluminacion interior
encenderLuces,Inicio de iluminacion estable
abrirPuerta,Apertura asistida de puerta
siguienteMelodia,Pista inmediata siguiente activada
modoNormal,Operación común activada
encenderLuces,Activando sistema de luces
encenderLuces,Modo luz encendido
encenderLuces,Sistema iluminando interiores
modoNormal,Sistema en comportamiento básico
modoSuper,Estatus super habilitado
apagarLuces,Iluminacion desactivada
encenderLuces,Encendiendo zona iluminada
modoSuper,Estado super alcanzado
encenderLuces,Luces activadas satisfactoriamente
anteriorMelodia,Cambio a melodia anterior
anteriorMelodia,Regresando al sonido previo
modoNormal,Patrón operativo normal
apagarLuces,Ambiente apagado
modoNormal,Modo de funcionamiento tradicional
apagarLuces,Iluminacion desactivada
anteriorMelodia,Pista anterior activada
siguienteMelodia,Avanzando melodia
encenderLuces,Iluminacion domestica lista
modoNormal,Config estándar confirmada
siguienteMelodia,Avance de playlist
siguienteMelodia,Sonido siguiente habilitado
modoNormal,Normalidad recuperada
modoNormal,Modo cotidiano activado
siguienteMelodia,Reproducción mejorada adelante
modoNormal,Contexto base reactivado
abrirPuerta,Puerta iniciando apertura
anteriorMelodia,Cancion anterior reproducida
apagarLuces,Finalizacion de iluminacion
abrirPuerta,Acceso principal en ejecución
encenderLuces,Encendiendo ambiente
anteriorMelodia,Retroceso confirmado
abrirPuerta,Sistema ejecutando apertura remota
apagarLuces,Luces totalmente desactivadas
modoNormal,Volviendo al estado original
apagarLuces,Finalizacion de iluminacion
anteriorMelodia,Volviendo en la secuencia sonora
encenderLuces,Luces encendidas correctamente
modoSuper,Optimizando recursos en super
modoSuper,Ejecución de modo super iniciada
apagarLuces,Iluminacion deshabilitada
anteriorMelodia,Reproduccion regresiva
apagarLuces,Apagado general procesado
abrirPuerta,Comenzando apertura de puerta
apagarLuces,Cerrando sistema de luces
modoSuper,Potenciación del sistema iniciada
modoNormal,Modo regular activado
encenderLuces,Intensidad luminosa activada
apagarLuces,Reduccion de iluminacion
anteriorMelodia,Cambio a melodia anterior
modoSuper,Ejecución de modo super iniciada
siguienteMelodia,Lista avanzando
apagarLuces,Luces totalmente desactivadas
anteriorMelodia,Tema previo en curso
abrirPuerta,Acceso siendo liberado
siguienteMelodia,Avance musical iniciado
apagarLuces,Iluminacion deshabilitada
modoNormal,Normalidad recuperada
siguienteMelodia,Tema posterior en curso
anteriorMelodia,Retroceso de playlist
anteriorMelodia,Lista regresando atras
encenderLuces,Luces activadas satisfactoriamente
modoSuper,Estado de máximo rendimiento
siguienteMelodia,Melodia siguiente en reproducción
modoSuper,Procesamiento super activo
abrirPuerta,Puerta principal liberándose
anteriorMelodia,Regreso musical ejecutado
modoSuper,Sistema en estado intensivo
encenderLuces,Sistema iluminando interiores
modoSuper,Rendimiento super iniciado
modoNormal,Modo normal confirmado
anteriorMelodia,Musica anterior procesada
siguienteMelodia,Lista avanzando
encenderLuces,Inicializando encendido de luces
modoSuper,Reforzando capacidad del sistema
siguienteMelodia,Pista inmediata siguiente activada
encenderLuces,Iluminando area del hogar
siguienteMelodia,Avance musical iniciado
abrirPuerta,Activando mecanismos de puerta
modoSuper,Modo super completamente activo
siguienteMelodia,Sonido avanzado en lista
modoNormal,Modo normal asegurado
abrirPuerta,Accediendo apertura del sistema
anteriorMelodia,Ejecutando melodia previa
siguienteMelodia,Activando melodia sucesora
modoSuper,Control avanzado reforzado
siguienteMelodia,Activando pista posterior
apagarLuces,Sistema apagando luces
modoNormal,Restauración del estado inicial
siguienteMelodia,Reproducción adelantada
modoNormal,Sistema en régimen estándar
anteriorMelodia,Regresando al sonido previo
anteriorMelodia,Regresando en lista musical
abrirPuerta,Puerta principal abriendo
modoNormal,Sistema regresando a normalidad
modoSuper,Entrando en estado super
siguienteMelodia,Tema posterior en curso
modoSuper,Sistema entrando en modo super
encenderLuces,Luz accesible encendida
siguienteMelodia,Reproducción secuencial siguiente
abrirPuerta,Realizando apertura de puerta
abrirPuerta,Puerta avanzando a apertura
apagarLuces,Control de luz desactivado
abrirPuerta,Acceso en secuencia de apertura
apagarLuces,Detencion de iluminacion
abrirPuerta,Acceso recibiendo orden de apertura
encenderLuces,Activando sistema de luces
abrirPuerta,Abriendo puerta principal
apagarLuces,Zona sin iluminacion
apagarLuces,Luces principales apagadas
encenderLuces,Sistema en modo iluminado
modoNormal,Volviendo a parámetros normales
anteriorMelodia,Reproduccion anterior establecida
abrirPuerta,Puerta desplazándose hacia apertura
apagarLuces,Ambiente en modo oscuro
apagarLuces,Luces principales apagadas
siguienteMelodia,Pista desplazada hacia adelante
siguienteMelodia,Siguiente selección musical ejecutada
siguienteMelodia,Reproducción musical progresiva
encenderLuces,Activando brillo interior
modoSuper,Modo super atendido
abrirPuerta,Puerta iniciando apertura
modoNormal,Estabilidad de régimen recuperada
siguienteMelodia,Continuación musical habilitada
apagarLuces,Apagado general procesado
modoSuper,Modo extremo habilitado
abrirPuerta,Liberando puerta principal
siguienteMelodia,Reproducción secuencial siguiente
encenderLuces,Sistema en modo iluminado
siguienteMelodia,Reproducción mejorada adelante
anteriorMelodia,Cambio a melodia anterior
anteriorMelodia,Reproduccion en retroceso
encenderLuces,Ambiente iluminado
anteriorMelodia,Reproduccion de pista anterior
anteriorMelodia,Musica regresada
apagarLuces,Reduccion luminosa ejecutada
abrirPuerta,Apertura confirmada
encenderLuces,Hogar iluminado
siguienteMelodia,Reproduciendo siguiente melodia
apagarLuces,Iluminacion retirada
modoSuper,Modo avanzado habilitado
apagarLuces,Deshabilitando sistema de luces
encenderLuces,Sistema en modo iluminado
apagarLuces,Cerrando sistema de luces
anteriorMelodia,Retroceso de secuencia musical
siguienteMelodia,Activación de pista siguiente
abrirPuerta,Apertura remota activada
modoSuper,Sistema asegurado en super
apagarLuces,Retiro de luz completado
encenderLuces,Activando luces internas
siguienteMelodia,Tema posterior en curso
abrirPuerta,Acceso en secuencia de apertura
modoNormal,Funcionamiento común recuperado
siguienteMelodia,Cambio de canción adelante
modoNormal,Modo cotidiano activado
abrirPuerta,Puerta habilitada para abrir
encenderLuces,Encendiendo luces externas
modoSuper,Operación super establecida
encenderLuces,Sistema luminoso completado
abrirPuerta,Mecanismo de apertura activo
modoSuper,Operación super estable
apagarLuces,Luces interiores desactivadas
apagarLuces,Luz desconectada del sistema
apagarLuces,Cerrando sistema de luces
apagarLuces,Desactivando puntos de luz
encenderLuces,Sistema luminoso completado
encenderLuces,Activando brillo interior
apagarLuces,Iluminacion desactivada
abrirPuerta,Abriendo puerta principal
siguienteMelodia,Reproduciendo siguiente melodia
apagarLuces,Apagado completado
abrirPuerta,Liberación y apertura de puerta
encenderLuces,Encendido de ambiente interno
abrirPuerta,Apertura automática iniciada
siguienteMelodia,Control musical avanzado
encenderLuces,Intensidad luminosa activada
modoNormal,Norma operativa establecida
anteriorMelodia,Musica anterior procesada
anteriorMelodia,Cancion anterior reproducida
abrirPuerta,Desbloqueo y apertura iniciados
modoSuper,Sistema elevado a modo super
encenderLuces,Luz encendida en la vivienda
apagarLuces,Apagando luces del hogar
apagarLuces,Finalizacion de iluminacion
siguienteMelodia,Secuencia a tema posterior
apagarLuces,Reduccion luminosa ejecutada
encenderLuces,Luz ambiental habilitada
anteriorMelodia,Volviendo en la secuencia sonora
encenderLuces,Sistema luminoso completado
anteriorMelodia,Reproduciendo melodia anterior
apagarLuces,Iluminacion totalmente detenida
modoNormal,Ejecución en modo estándar
siguienteMelodia,Reproducción musical progresiva
apagarLuces,Ambiente apagado
anteriorMelodia,Retroceso activo
abrirPuerta,Puerta lista en modo apertura
abrirPuerta,Acceso principal en ejecución
encenderLuces,Iluminacion interior lista
siguienteMelodia,Ejecutando melodia siguiente
modoNormal,Sistema regresando a normalidad
abrirPuerta,Liberando puerta principal
abrirPuerta,Puerta respondiendo apertura
modoNormal,Norma operativa establecida
apagarLuces,Retiro de luz completado
siguienteMelodia,Activación de pista siguiente
modoNormal,Parámetros normales aplicados
siguienteMelodia,Pista activa siguiente
apagarLuces,Sistema en modo sin luz
anteriorMelodia,Pista anterior ejecutada
siguienteMelodia,Reproduciendo siguiente melodia
siguienteMelodia,Avance musical iniciado
apagarLuces,Luces totalmente desactivadas
modoNormal,Modo normal establecido
modoSuper,Optimizando recursos en super
encenderLuces,Luz en funcionamiento
anteriorMelodia,Retroceso musical activado
anteriorMelodia,Volviendo al tema previo
siguienteMelodia,Musica adelantada
anteriorMelodia,Pista previa confirmada
modoSuper,Modo super en funcionamiento
encenderLuces,Luces habilitadas
modoSuper,Potencia del sistema incrementada
modoNormal,Norma operativa establecida
siguienteMelodia,Saltando a pista siguiente
encenderLuces,Iluminacion general encendida
apagarLuces,Cerrando sistema de luces
anteriorMelodia,Retroceso musical activado
modoSuper,Sistema asegurado en super
anteriorMelodia,Reproduccion de pista anterior
apagarLuces,Ambiente sin iluminacion
modoSuper,Modo super atendido
encenderLuces,Sistema en modo iluminado
anteriorMelodia,Entrada a melodia anterior
apagarLuces,Luces principales apagadas
apagarLuces,Luz cancelada correctamente
anteriorMelodia,Melodia retrocedida correctamente
abrirPuerta,Puerta lista en modo apertura
modoNormal,Control básico restaurado
siguienteMelodia,Orden de canción siguiente
encenderLuces,Luz encendida en la vivienda
encenderLuces,Iluminacion del hogar lista
modoSuper,Estado de máximo rendimiento
encenderLuces,Luz automatizada encendida
encenderLuces,Luz ambiental habilitada
siguienteMelodia,Pista inmediata siguiente activada
modoNormal,Modo normal seguro
anteriorMelodia,Reinicio de melodia previa
siguienteMelodia,Reproducción continua siguiente
modoNormal,Modo cotidiano activado
encenderLuces,Activacion de iluminacion completada
abrirPuerta,Acceso automatizado activado
siguienteMelodia,Entrada a melodia siguiente
siguienteMelodia,Operación siguiente melodia
encenderLuces,Encendiendo iluminacion interior
anteriorMelodia,Reactivando pista anterior
encenderLuces,Iluminacion general encendida
abrirPuerta,Acceso en secuencia de apertura
encenderLuces,Iluminacion activada
modoSuper,Sistema asegurado en super
anteriorMelodia,Musica regresada
abrirPuerta,Iniciando apertura del acceso
apagarLuces,Apagado del ambiente
abrirPuerta,Desbloqueo y apertura iniciados
apagarLuces,Cierre de sistema luminoso
encenderLuces,Luces habilitadas
modoSuper,Protección total habilitada
siguienteMelodia,Continuación musical habilitada
abrirPuerta,Acceso aperturándose
modoNormal,Sistema retornando a valores base
abrirPuerta,Acceso principal en ejecución
modoSuper,Modo super completamente activo
abrirPuerta,Sistema activando apertura
modoNormal,Control básico restaurado
modoNormal,Restauración del estado inicial
abrirPuerta,Activando apertura principal
encenderLuces,Iluminacion del entorno activa
apagarLuces,Sistema finalizando luz
abrirPuerta,Accediendo apertura del sistema
apagarLuces,Luces deshabilitadas
modoNormal,Sistema en régimen estándar
modoSuper,Potencia del sistema incrementada
encenderLuces,Luces principales encendidas
anteriorMelodia,Entrada a melodia anterior
encenderLuces,Iluminacion activada
apagarLuces,Luces interiores desactivadas
apagarLuces,Cierre de sistema luminoso
abrirPuerta,Liberación y apertura de puerta
abrirPuerta,Desbloqueo y apertura iniciados
modoSuper,Habilitando funciones super
modoSuper,Modo super completamente activo
siguienteMelodia,Reproduciendo siguiente melodia
modoSuper,Protección total habilitada
abrirPuerta,Sistema liberando puerta
anteriorMelodia,Reproduciendo melodia anterior
modoSuper,Reforzando capacidad del sistema
siguienteMelodia,Secuencia musical siguiente
siguienteMelodia,Avance musical iniciado
abrirPuerta,Acceso recibiendo orden de apertura
modoNormal,Sistema estabilizado
abrirPuerta,Apertura confirmada
encenderLuces,Focos encendidos
abrirPuerta,Mecanismo de apertura activo
siguienteMelodia,Pista inmediata siguiente activada
encenderLuces,Iluminacion del entorno activa
encenderLuces,Encendiendo zona iluminada
apagarLuces,Modo oscuro activado
modoNormal,Nivel normal activado
siguienteMelodia,Canción desplazada hacia adelante
anteriorMelodia,Moviendo a melodia anterior
anteriorMelodia,Musica regresada
modoSuper,Estado de máximo rendimiento
siguienteMelodia,Canción siguiente ejecutada
siguienteMelodia,Ejecutando melodia siguiente
anteriorMelodia,Reproduccion anterior establecida
apagarLuces,Deshabilitando sistema de luces
abrirPuerta,Ejecutando apertura automatizada
anteriorMelodia,Reproduccion regresiva
siguienteMelodia,Avance de playlist
encenderLuces,Ambiente correctamente iluminado
abrirPuerta,Puerta desplazándose hacia apertura
apagarLuces,Desactivacion luminosa ejecutada
modoSuper,Modo super operativo
modoNormal,Sistema en régimen estándar
modoNormal,Funcionamiento común recuperado
modoNormal,Funcionamiento común recuperado
abrirPuerta,Acceso recibiendo orden de apertura
modoSuper,Protección total habilitada
modoNormal,Flujo normal operativo
encenderLuces,Luces encendidas correctamente
siguienteMelodia,Activando melodia sucesora
encenderLuces,Luces operativas
modoNormal,Sistema regresando a normalidad
siguienteMelodia,Reproduciendo siguiente melodia
apagarLuces,Luz cancelada correctamente
abrirPuerta,Ejecutando apertura principal
anteriorMelodia,Lista alterada hacia atras
abrirPuerta,Ejecutando apertura automatizada
apagarLuces,Desactivando puntos de luz
encenderLuces,Luces habilitadas
apagarLuces,Luces principales apagadas
siguienteMelodia,Siguiente selección musical ejecutada
abrirPuerta,Puerta habilitada para abrir
anteriorMelodia,Retroceso confirmado
anteriorMelodia,Cambio a melodia anterior
modoSuper,Entrando en estado super
anteriorMelodia,Pista anterior seleccionada
anteriorMelodia,Tema en retroceso
modoSuper,Modo extremo habilitado
anteriorMelodia,Retroceso confirmado
abrirPuerta,Apertura automática en progreso
modoSuper,Funcionamiento avanzado activado
encenderLuces,Luces habilitadas por sistema
abrirPuerta,Acceso principal en ejecución
modoSuper,Funciones mejoradas encendidas
abrirPuerta,Acceso iniciando apertura
abrirPuerta,Puerta principal liberándose
anteriorMelodia,Pista anterior activada
abrirPuerta,Liberando puerta principal
anteriorMelodia,Retroceso activo
siguienteMelodia,Tema posterior en curso
abrirPuerta,Puerta habilitada para abrir
modoSuper,Potenciación del sistema iniciada
apagarLuces,Desconectando iluminacion interna
anteriorMelodia,Secuencia musical previa
modoNormal,Modo básico activo
apagarLuces,Corte de luz interno
apagarLuces,Apagando iluminacion interior
siguienteMelodia,Navegación musical siguiente
modoSuper,Sistema devuelto a modo super
abrirPuerta,Liberación de puerta ejecutada
siguienteMelodia,Navegación musical siguiente
modoSuper,Funciones super implementadas
modoNormal,Modo normal establecido
apagarLuces,Apagando zonas interiores
apagarLuces,Luz interior apagada
encenderLuces,Inicio de iluminacion estable
modoSuper,Control aumentado habilitado
abrirPuerta,Liberando puerta principal
modoNormal,Contexto base reactivado
abrirPuerta,Sistema del acceso activado
apagarLuces,Corte de luz interno
anteriorMelodia,Ejecutando melodia previa
siguienteMelodia,Reproducción de próxima pista
anteriorMelodia,Reproduccion anterior establecida
encenderLuces,Inicio de iluminacion estable
anteriorMelodia,Reproduccion anterior establecida
abrirPuerta,Apertura automática iniciada
modoSuper,Operación super estable
modoSuper,Estado super alcanzado
encenderLuces,Iluminacion domestica lista
anteriorMelodia,Tema anterior en ejecucion
modoSuper,Modo especializado activado
apagarLuces,Ambiente sin iluminacion
modoNormal,Restituyendo ajustes originales
abrirPuerta,Puerta avanzando a apertura
anteriorMelodia,Pista anterior ejecutada
encenderLuces,Puntos de luz activados
anteriorMelodia,Regresando pista musical
abrirPuerta,Puerta lista en modo apertura
encenderLuces,Encendiendo luces externas
apagarLuces,Desactivando iluminacion general
modoSuper,Estatus super habilitado
apagarLuces,Iluminacion retirada
apagarLuces,Sistema en modo sin luz
modoNormal,Frecuencia normal en proceso
encenderLuces,Sistema iluminando interiores
modoNormal,Modo normal asegurado
encenderLuces,Inicio de proceso de iluminacion
modoSuper,Protección reforzada activa
anteriorMelodia,Tema anterior en ejecucion
anteriorMelodia,Retroceso confirmado
encenderLuces,Encendiendo luces externas
encenderLuces,Encendido de ambiente interno
anteriorMelodia,Pista anterior seleccionada
encenderLuces,Activacion de iluminacion completada
apagarLuces,Iluminacion detenida
encenderLuces,Activando brillo interior
siguienteMelodia,Lista avanzando
encenderLuces,Iluminacion del entorno activa
siguienteMelodia,Reproducción mejorada adelante
modoNormal,Nivel normal activado
modoNormal,Modo regular activado
abrirPuerta,Puerta respondiendo apertura
encenderLuces,Inicio de proceso de iluminacion
modoSuper,Potencia del sistema incrementada
modoSuper,Modo extremo habilitado
abrirPuerta,Puerta deslizándose
apagarLuces,Desactivando iluminacion general
modoNormal,Restauración del sistema realizada
apagarLuces,Apagado completado
modoSuper,Potencia del sistema incrementada
apagarLuces,Luces interiores desactivadas
apagarLuces,Apagando luces disponibles
siguienteMelodia,Melodía entrante activada
anteriorMelodia,Regresando pista musical
encenderLuces,Encendiendo ambiente
siguienteMelodia,Avance de lista musical
encenderLuces,Sistema de luz activo
siguienteMelodia,Cambiando a la siguiente pista
anteriorMelodia,Ejecutando melodia previa
modoSuper,Funcionamiento avanzado activado
apagarLuces,Modo oscuro activado
anteriorMelodia,Entrada a melodia anterior
modoNormal,Modo normal establecido
siguienteMelodia,Lista avanzando
modoSuper,Sistema en estado intensivo
abrirPuerta,Activando apertura principal
siguienteMelodia,Activando melodia sucesora
modoNormal,Sistema en comportamiento básico
apagarLuces,Sistema apagando luces
encenderLuces,Encendido de luz interior
anteriorMelodia,Secuencia musical previa
anteriorMelodia,Secuencia previa activada
modoNormal,Nivel normal activado
siguienteMelodia,Pista activa siguiente
siguienteMelodia,Sonido avanzado en lista
encenderLuces,Iluminacion general encendida
anteriorMelodia,Reactivando pista anterior
siguienteMelodia,Avanzando melodia
siguienteMelodia,Modo secuencia siguiente
abrirPuerta,Mecanismo principal aperturándose
anteriorMelodia,Regresando a la melodia previa
abrirPuerta,Activando apertura principal
apagarLuces,Cerrando sistema de luces
modoNormal,Retorno completo al modo normal
abrirPuerta,Acceso iniciando apertura
siguienteMelodia,Continuación musical habilitada
encenderLuces,Encendiendo luces externas
anteriorMelodia,Pista previa habilitada
siguienteMelodia,Modo secuencia siguiente
anteriorMelodia,Pista previa confirmada
siguienteMelodia,Reproducción de próxima pista
encenderLuces,Sistema luminoso completado
siguienteMelodia,Transición a siguiente melodia
apagarLuces,Luz apagada en el hogar
anteriorMelodia,Musica anterior procesada
modoNormal,Restaurando modo normal
modoSuper,Control reforzado habilitado
encenderLuces,Iluminacion del hogar lista
encenderLuces,Iluminacion base encendida
abrirPuerta,Secuencia de apertura activada
abrirPuerta,Activando mecanismos de puerta
abrirPuerta,Accediendo apertura del sistema
encenderLuces,Modo luz encendido
encenderLuces,Sistema iluminando interiores
anteriorMelodia,Musica regresada
abrirPuerta,Acceso principal operando apertura
modoNormal,Patrón operativo normal
apagarLuces,Cerrando sistema de luces
abrirPuerta,Sistema activando apertura
modoNormal,Modo normal activado
siguienteMelodia,Navegación musical siguiente
modoNormal,Parámetros normales aplicados
abrirPuerta,Apertura asistida de puerta
modoSuper,Seguridad maximizada
siguienteMelodia,Avance de playlist
siguienteMelodia,Reproducción secuencial siguiente
modoSuper,Potenciación del sistema iniciada
encenderLuces,Luces habilitadas por sistema
anteriorMelodia,Regresando a la melodia previa
abrirPuerta,Puerta deslizándose
apagarLuces,Luces totalmente desactivadas
modoNormal,Sistema regresando a normalidad
abrirPuerta,Acceso aperturándose
abrirPuerta,Acceso principal moviéndose
modoNormal,Sistema en estado regular
anteriorMelodia,Pista previa habilitada
abrirPuerta,Puerta deslizándose
anteriorMelodia,Retroceso activo
modoNormal,Sistema en régimen estándar
apagarLuces,Luces cortadas
encenderLuces,Iluminacion del hogar lista
siguienteMelodia,Operación siguiente melodia
modoNormal,Parámetros normales aplicados
modoNormal,Revirtiendo a configuración base
encenderLuces,Luces encendidas correctamente
anteriorMelodia,Direccion musical invertida
anteriorMelodia,Regresando en lista musical
abrirPuerta,Abriendo puerta principal
siguienteMelodia,Activación de pista siguiente
encenderLuces,Sistema luminoso completado
abrirPuerta,Puerta respondiendo apertura
siguienteMelodia,Avance de lista musical
encenderLuces,Luces habilitadas por sistema
encenderLuces,Luces encendidas correctamente
siguienteMelodia,Control de avance musical
modoSuper,Control avanzado reforzado
modoSuper,Estatus super habilitado
modoNormal,Estado habitual restablecido
modoSuper,Ejecución de seguridad avanzada
modoSuper,Modo super atendido
anteriorMelodia,Reinicio de melodia previa
anteriorMelodia,Cancion anterior reproducida
modoSuper,Ejecución de seguridad avanzada
siguienteMelodia,Saltando a pista siguiente
modoSuper,Estado de máximo rendimiento
apagarLuces,Sistema oscuro habilitado
apagarLuces,Luces apagadas correctamente
apagarLuces,Iluminacion retirada
apagarLuces,Luz deshabilitada correctamente
encenderLuces,Encendiendo luces externas
siguienteMelodia,Sonido siguiente habilitado
apagarLuces,Luces cortadas
abrirPuerta,Secuencia de apertura activada
encenderLuces,Iluminacion del hogar lista
modoNormal,Modo básico activo
siguienteMelodia,Activando pista posterior
modoNormal,Revirtiendo a configuración base
abrirPuerta,Acceso principal en apertura
modoSuper,Activación avanzada iniciada
encenderLuces,Control de luz activado
modoSuper,Operación ampliada iniciada
apagarLuces,Apagando luces disponibles
anteriorMelodia,Reproduccion regresiva
apagarLuces,Detencion de iluminacion
modoNormal,Retorno completo al modo normal
encenderLuces,Inicio de iluminacion estable
siguienteMelodia,Modo secuencia siguiente
apagarLuces,Luces interiores desactivadas
modoSuper,Sistema en estado intensivo
abrirPuerta,Acceso principal operando apertura
anteriorMelodia,Pista anterior ejecutada
anteriorMelodia,Pista anterior activada
siguienteMelodia,Movimiento a pista consecutiva
apagarLuces,Apagando zonas interiores
apagarLuces,Reduccion luminosa ejecutada
encenderLuces,Iluminacion base encendida
apagarLuces,Luces totalmente desactivadas
modoSuper,Protección reforzada activa
modoSuper,Protección total habilitada
modoNormal,Modo simple habilitado
abrirPuerta,Puerta lista en modo apertura
apagarLuces,Apagando zonas interiores
modoNormal,Nivel normal activado
siguienteMelodia,Avance musical iniciado
anteriorMelodia,Moviendo a melodia anterior
abrirPuerta,Puerta desplazándose hacia apertura
abrirPuerta,Acceso recibiendo orden de apertura
encenderLuces,Luz principal habilitada
abrirPuerta,Iniciando apertura del acceso
encenderLuces,Iluminacion domestica lista
siguienteMelodia,Desplazando a canción siguiente
siguienteMelodia,Posición musical siguiente
modoNormal,Restaurando modo normal
siguienteMelodia,Orden de canción siguiente
siguienteMelodia,Cambio musical siguiente procesado
siguienteMelodia,Cambiando a la siguiente pista
abrirPuerta,Puerta despejando acceso
siguienteMelodia,Transición a siguiente melodia
abrirPuerta,Puerta desbloqueándose
anteriorMelodia,Secuencia previa activada
modoSuper,Ejecución de seguridad avanzada
modoNormal,Modo normal confirmado
anteriorMelodia,Direccion musical invertida
modoNormal,Operación común activada
siguienteMelodia,Canción siguiente ejecutada
apagarLuces,Cierre de sistema luminoso
siguienteMelodia,Cambio musical siguiente procesado
siguienteMelodia,Reproducción adelantada
siguienteMelodia,Activación de pista siguiente
encenderLuces,Luces encendidas correctamente
apagarLuces,Oscureciendo ambiente
anteriorMelodia,Retrocediendo a pista anterior
modoSuper,Control avanzado reforzado
apagarLuces,Apagado interno listo
anteriorMelodia,Melodia desplazada hacia atras
modoSuper,Sistema asegurado en super
abrirPuerta,Puerta iniciando apertura
modoNormal,Sistema en condiciones estándar
apagarLuces,Apagado general procesado
abrirPuerta,Puerta lista en modo apertura
abrirPuerta,Apertura remota activada
apagarLuces,Cerrando sistema de luces
modoSuper,Operación ampliada iniciada
encenderLuces,Luz accesible encendida
siguienteMelodia,Lista continua hacia adelante
siguienteMelodia,Reproducción continua siguiente
apagarLuces,Zona sin iluminacion
abrirPuerta,Acceso automatizado activado
apagarLuces,Reduccion luminosa ejecutada
modoSuper,Funcionamiento avanzado activado
siguienteMelodia,Avanzando melodia
apagarLuces,Sistema en modo sin luz
anteriorMelodia,Retroceso musical activado
modoSuper,Estatus super habilitado
encenderLuces,Sistema en modo iluminado
siguienteMelodia,Control de avance musical
apagarLuces,Luz interior apagada
modoNormal,Modo básico activo
apagarLuces,Control de luz desactivado
anteriorMelodia,Tema en retroceso
apagarLuces,Modo oscuro activado
modoSuper,Modo super atendido
modoSuper,Estado super alcanzado
modoSuper,Modo super en funcionamiento
encenderLuces,Iluminacion interior lista
abrirPuerta,Puerta desbloqueándose
siguienteMelodia,Reproduciendo siguiente melodia
modoNormal,Sistema fuera de modo super
apagarLuces,Focos apagados
apagarLuces,Desconectando iluminacion interna
encenderLuces,Encendiendo ambiente
anteriorMelodia,Volviendo una melodia atras
abrirPuerta,Apertura automática iniciada
apagarLuces,Iluminacion retirada
siguienteMelodia,Activación de pista siguiente
siguienteMelodia,Entrada a melodia siguiente
encenderLuces,Luz ambiental habilitada
abrirPuerta,Secuencia de apertura activada
abrirPuerta,Acceso aperturándose
siguienteMelodia,Desplazando a canción siguiente
encenderLuces,Intensidad luminosa activada
encenderLuces,Focos encendidos
encenderLuces,Luces encendidas correctamente
modoNormal,Sistema reintegrado a normalidad
modoNormal,Desactivando modo super
abrirPuerta,Acceso en secuencia de apertura
apagarLuces,Reduccion luminosa ejecutada
apagarLuces,Ambiente sin iluminacion
encenderLuces,Iluminacion del hogar lista
apagarLuces,Iluminacion desactivada
siguienteMelodia,Control de avance musical
modoNormal,Control básico restaurado
modoNormal,Normalidad recuperada
modoNormal,Modo normal asegurado
anteriorMelodia,Lista regresando atras
abrirPuerta,Accediendo apertura del sistema
modoNormal,Modo ordinario habilitado
modoNormal,Modo normal establecido
modoSuper,Activación máxima ejecutada
encenderLuces,Encendiendo zona iluminada
modoNormal,Modo natural activo
modoNormal,Sistema estabilizado
apagarLuces,Cerrando sistema de luces
anteriorMelodia,Reproduccion retrocedida
modoNormal,Ejecución en modo estándar
modoSuper,Modo super operativo
modoSuper,Funciones mejoradas encendidas
anteriorMelodia,Musica regresada
anteriorMelodia,Pista anterior ejecutada
abrirPuerta,Acceso recibiendo orden de apertura
abrirPuerta,Puerta principal abriendo
anteriorMelodia,Tema anterior en ejecucion
encenderLuces,Encendiendo luces del hogar
anteriorMelodia,Regresando en lista musical
anteriorMelodia,Regresando a la melodia previa
abrirPuerta,Acceso principal en movimiento
modoSuper,Estatus super habilitado
encenderLuces,Iluminacion interior lista
siguienteMelodia,Continuación musical habilitada
modoNormal,Sistema en estado regular
anteriorMelodia,Tema anterior confirmado
encenderLuces,Luces habilitadas por sistema
apagarLuces,Iluminacion detenida
apagarLuces,Luz interior apagada
anteriorMelodia,Volviendo una melodia atras
modoSuper,Activación máxima ejecutada
modoNormal,Restituyendo ajustes originales
modoSuper,Potencia aumentada en sistema
modoNormal,Modo normal en funcionamiento
encenderLuces,Sistema luminoso completado
siguienteMelodia,Navegación musical siguiente
modoNormal,Sistema en condiciones estándar
siguienteMelodia,Reproducción musical progresiva
abrirPuerta,Comenzando apertura de puerta
apagarLuces,Ambiente sin iluminacion
apagarLuces,Iluminacion retirada
modoNormal,Modo normal asegurado
modoSuper,Protección reforzada activa
siguienteMelodia,Desplazando a canción siguiente
encenderLuces,Luz en funcionamiento
apagarLuces,Iluminacion retirada
abrirPuerta,Activando mecanismos de puerta
modoNormal,Modo usual recuperado
abrirPuerta,Acceso principal operando apertura
abrirPuerta,Liberando puerta principal
modoNormal,Operación normal retomada
anteriorMelodia,Tema en retroceso
anteriorMelodia,Retorno musical habilitado
encenderLuces,Luz automatizada encendida
apagarLuces,Iniciando apagado de luces
apagarLuces,Deshabilitando sistema de luces
anteriorMelodia,Reproduccion de pista anterior
modoNormal,Modo regular activado
encenderLuces,Puntos de luz activados
modoSuper,Reforzando capacidad del sistema
abrirPuerta,Puerta en transición de apertura
modoSuper,Funciones super implementadas
apagarLuces,Sistema finalizando luz
anteriorMelodia,Tema previo en curso
encenderLuces,Encendiendo luces del hogar
siguienteMelodia,Ejecutando melodia siguiente
apagarLuces,Sistema finalizando luz
modoNormal,Patrón operativo normal
encenderLuces,Encendido general listo
modoNormal,Modo ordinario habilitado
abrirPuerta,Puerta principal abriendo
abrirPuerta,Acceso principal moviéndose
modoSuper,Estado de máximo rendimiento
encenderLuces,Ambiente iluminado
abrirPuerta,Puerta iniciando apertura
abrirPuerta,Activando mecanismos de puerta
siguienteMelodia,Entrada a melodia siguiente
apagarLuces,Luz desconectada del sistema
modoNormal,Funcionamiento común recuperado
siguienteMelodia,Orden de canción siguiente
abrirPuerta,Puerta desplazándose hacia apertura
abrirPuerta,Apertura remota activada
modoNormal,Volviendo a parámetros normales
siguienteMelodia,Activación de pista siguiente
abrirPuerta,Puerta iniciando apertura
abrirPuerta,Acceso principal en movimiento
encenderLuces,Luz accesible encendida
apagarLuces,Corte de luz interno
abrirPuerta,Desbloqueo inicial de la puerta
apagarLuces,Deshabilitando sistema de luces
modoSuper,Funciones super implementadas
siguienteMelodia,Activando pista posterior
modoNormal,Sistema retornando a valores base
abrirPuerta,Liberación y apertura de puerta
siguienteMelodia,Reproduciendo siguiente melodia
modoNormal,Flujo normal operativo
encenderLuces,Luz en funcionamiento
siguienteMelodia,Pista activa siguiente
modoNormal,Modo normal asegurado
modoSuper,Control aumentado habilitado
modoSuper,Reforzando operación general
modoNormal,Config estándar confirmada
encenderLuces,Iluminacion general encendida
modoSuper,Modo intensificado activo
modoNormal,Modo de funcionamiento tradicional
modoSuper,Modo intensificado activo
modoNormal,Estado habitual restablecido
anteriorMelodia,Retroceso de secuencia musical
apagarLuces,Iluminacion detenida
modoSuper,Modo super sosteniéndose
anteriorMelodia,Cambio a melodia anterior
apagarLuces,Iluminacion deshabilitada
anteriorMelodia,Retorno a melodia previa
siguienteMelodia,Activación de pista siguiente
apagarLuces,Sistema de luz deshabilitado
apagarLuces,Apagado completado
anteriorMelodia,Tema previo en curso
abrirPuerta,Puerta respondiendo al comando
modoSuper,Habilitando funciones super
modoSuper,Estado super alcanzado
modoNormal,Sistema en régimen estándar
siguienteMelodia,Lista musical moviéndose adelante
apagarLuces,Ambiente sin iluminacion
encenderLuces,Sistema iluminando interiores
encenderLuces,Encendido de ambiente interno
encenderLuces,Puntos de luz activados
abrirPuerta,Puerta en transición de apertura
siguienteMelodia,Reproduciendo siguiente melodia
apagarLuces,Iluminacion detenida
modoSuper,Sistema entrando en modo super
encenderLuces,Iluminacion general encendida
modoNormal,Modo normal establecido
modoNormal,Estado habitual restablecido
siguienteMelodia,Operación siguiente melodia
modoSuper,Seguridad al máximo nivel
modoSuper,Control reforzado habilitado
abrirPuerta,Puerta iniciando apertura
anteriorMelodia,Regreso musical ejecutado
apagarLuces,Iniciando apagado de luces
modoNormal,Estabilidad de régimen recuperada
modoSuper,Modo super procesado
apagarLuces,Iluminacion deshabilitada
encenderLuces,Luz ambiental habilitada
modoNormal,Operación sin modo super
encenderLuces,Sistema en modo iluminado
encenderLuces,Sistema iluminando interiores
siguienteMelodia,Pista avanzada habilitada
encenderLuces,Iluminacion base encendida
encenderLuces,Iluminacion del hogar lista
encenderLuces,Iluminacion del entorno activa
modoNormal,Modo cotidiano activado
anteriorMelodia,Regresando a la melodia previa
encenderLuces,Hogar iluminado
apagarLuces,Apagado completado
anteriorMelodia,Reproduccion en retroceso
modoNormal,Modo normal seguro
apagarLuces,Iluminacion totalmente detenida
anteriorMelodia,Pista anterior activada
modoSuper,Modo de seguridad reforzado
modoNormal,Sistema en comportamiento básico
siguienteMelodia,Control musical avanzado
anteriorMelodia,Direccion musical invertida
encenderLuces,Ambiente iluminado
abrirPuerta,Destraba de puerta ejecutada
anteriorMelodia,Melodia previa recuperada
abrirPuerta,Proceso de apertura en curso
apagarLuces,Apagado general procesado
modoNormal,Modo simple habilitado
apagarLuces,Reduccion de iluminacion
apagarLuces,Iluminacion deshabilitada
siguienteMelodia,Activando pista posterior
encenderLuces,Iluminacion interior lista
encenderLuces,Encendiendo luces externas
abrirPuerta,Puerta habilitada para abrir
siguienteMelodia,Melodía adelantada confirmada
modoSuper,Potenciación del sistema iniciada
apagarLuces,Sistema finalizando luz
encenderLuces,Encendido de ambiente interno
siguienteMelodia,Cambio musical siguiente procesado
anteriorMelodia,Retrocediendo a pista anterior
siguienteMelodia,Transición a siguiente melodia
modoSuper,Modo super sosteniéndose
siguienteMelodia,Melodia siguiente en reproducción
modoSuper,Rendimiento super iniciado
anteriorMelodia,Entrada a melodia anterior
anteriorMelodia,Melodia previa recuperada
modoNormal,Sistema fuera de modo super
abrirPuerta,Acceso principal operando apertura
apagarLuces,Luces principales apagadas
siguienteMelodia,Reproducción continua siguiente
modoSuper,Potencia aumentada en sistema
anteriorMelodia,Volviendo en la secuencia sonora
apagarLuces,Desactivando puntos de luz
anteriorMelodia,Reproduccion anterior establecida
apagarLuces,Luz apagada en el hogar
abrirPuerta,Mecanismo principal aperturándose
siguienteMelodia,Pista inmediata siguiente activada
modoSuper,Sistema en estado intensivo
encenderLuces,Iluminacion base encendida
encenderLuces,Iluminacion general encendida
encenderLuces,Luz ambiental habilitada
siguienteMelodia,Continuación musical habilitada
siguienteMelodia,Cambio musical siguiente procesado
anteriorMelodia,Melodia previa en reproduccion
abrirPuerta,Puerta desplazándose hacia apertura
modoNormal,Modo cotidiano activado
encenderLuces,Encendido de ambiente interno
anteriorMelodia,Reinicio de melodia previa
encenderLuces,Puntos de iluminacion activos
apagarLuces,Iluminacion detenida
anteriorMelodia,Melodia retrocedida correctamente
abrirPuerta,Abriendo puerta principal
modoNormal,Modo estable activado
modoSuper,Modo protector elevado
apagarLuces,Sistema en modo sin luz
encenderLuces,Encendido general listo
siguienteMelodia,Transición a siguiente melodia
modoSuper,Control avanzado reforzado
modoNormal,Modo normal establecido
apagarLuces,Luz interior apagada
modoSuper,Modo super atendido
siguienteMelodia,Sonido avanzado en lista
anteriorMelodia,Reactivando pista anterior
modoSuper,Potenciación del sistema iniciada
abrirPuerta,Acceso aperturándose
encenderLuces,Iluminacion del hogar lista
modoNormal,Modo de funcionamiento tradicional
modoNormal,Estabilidad normal restaurada
encenderLuces,Luz automatizada encendida
apagarLuces,Modo oscuro activado
encenderLuces,Luz automatizada encendida
modoNormal,Restituyendo ajustes originales
modoSuper,Modo protector elevado
siguienteMelodia,Entrada a melodia siguiente
apagarLuces,Corte de iluminacion ejecutado
encenderLuces,Iluminacion base encendida
modoSuper,Seguridad elevada activada
modoSuper,Activando modo super
anteriorMelodia,Pista anterior activada
apagarLuces,Iluminacion retirada
abrirPuerta,Apertura del acceso confirmada
encenderLuces,Activacion luminosa procesada
siguienteMelodia,Canción desplazada hacia adelante
siguienteMelodia,Avance de playlist
apagarLuces,Luz deshabilitada correctamente
anteriorMelodia,Reproduciendo melodia anterior
encenderLuces,Sistema en modo iluminado
siguienteMelodia,Reproducción musical progresiva
anteriorMelodia,Regresando en lista musical
anteriorMelodia,Regresando en lista musical
modoSuper,Modo intensificado activo
abrirPuerta,Acceso principal operando apertura
siguienteMelodia,Activando pista posterior
modoNormal,Frecuencia normal en proceso
anteriorMelodia,Cambio a melodia anterior
encenderLuces,Inicializando encendido de luces
modoSuper,Control avanzado reforzado
siguienteMelodia,Transición a siguiente melodia
anteriorMelodia,Pista anterior seleccionada
modoNormal,Estado habitual restablecido
apagarLuces,Apagando zonas interiores
abrirPuerta,Apertura sin obstrucciones en curso
abrirPuerta,Acceso iniciando apertura
siguienteMelodia,Pasando a la próxima canción
modoNormal,Frecuencia normal en proceso
anteriorMelodia,Tema anterior confirmado
anteriorMelodia,Reproduccion regresiva
siguienteMelodia,Ejecutando melodia siguiente
apagarLuces,Iluminacion desactivada
abrirPuerta,Accediendo apertura del sistema
modoNormal,Modo cotidiano activado
encenderLuces,Encendiendo luces del hogar
modoNormal,Norma operativa establecida
siguienteMelodia,Desplazando a canción siguiente
modoNormal,Config estándar confirmada
apagarLuces,Reduccion de iluminacion
siguienteMelodia,Continuación musical habilitada
modoNormal,Sistema en régimen estándar
apagarLuces,Luz cancelada correctamente
anteriorMelodia,Melodia desplazada hacia atras
modoNormal,Volviendo a circulación normal
anteriorMelodia,Ejecutando melodia previa
siguienteMelodia,Reproduciendo siguiente melodia
modoSuper,Funciones mejoradas encendidas
apagarLuces,Luces apagadas correctamente
anteriorMelodia,Retorno a melodia previa
encenderLuces,Hogar iluminado
modoSuper,Funciones mejoradas encendidas
abrirPuerta,Puerta respondiendo al comando
abrirPuerta,Destraba de puerta ejecutada
siguienteMelodia,Sonido avanzado en lista
modoNormal,Sistema regresando a normalidad
encenderLuces,Luces principales encendidas
siguienteMelodia,Rotación musical adelante
anteriorMelodia,Retroceso de playlist
apagarLuces,Luz cancelada correctamente
encenderLuces,Ambiente iluminado
modoSuper,Maximizando niveles operativos
modoNormal,Contexto base reactivado
modoSuper,Control avanzado reforzado
siguienteMelodia,Control musical avanzado
modoNormal,Modo normal seguro
modoSuper,Estado super alcanzado
siguienteMelodia,Avance de playlist
anteriorMelodia,Regresando en lista musical
modoSuper,Estado de máximo rendimiento
anteriorMelodia,Reproduccion retrocedida
encenderLuces,Sistema en modo iluminado
modoNormal,Sistema regresando a normalidad
modoSuper,Activando modo super
encenderLuces,Puntos de iluminacion activos
modoNormal,Control básico restaurado
modoNormal,Modo normal activado
apagarLuces,Iluminacion totalmente detenida
anteriorMelodia,Tema anterior confirmado
abrirPuerta,Liberación de puerta ejecutada
anteriorMelodia,Volviendo una melodia atras
apagarLuces,Apagado interno listo
siguienteMelodia,Cambiando a la siguiente pista
modoSuper,Modo super operativo
modoSuper,Modo super habilitado
modoSuper,Modo de seguridad reforzado
modoNormal,Modo cotidiano activado
modoNormal,Parámetros normales aplicados
modoNormal,Modo estándar restablecido
siguienteMelodia,Lista continua hacia adelante
encenderLuces,Encendido de luz interior
anteriorMelodia,Pista anterior activada
abrirPuerta,Acceso principal en ejecución
encenderLuces,Iluminacion domestica lista
anteriorMelodia,Pista anterior activada
encenderLuces,Encendiendo iluminacion interior
encenderLuces,Sistema luminoso completado
anteriorMelodia,Volviendo a la pista inicial
encenderLuces,Modo luz encendido
modoSuper,Control reforzado habilitado
abrirPuerta,Sistema del acceso activado
encenderLuces,Encendido de luz ejecutado
modoSuper,Entrando en estado super
abrirPuerta,Realizando apertura de puerta
modoSuper,Modo superior en proceso
anteriorMelodia,Lista regresando atras
modoNormal,Funcionamiento común recuperado
siguienteMelodia,Reproducción continua siguiente
modoNormal,Parámetros normales aplicados
anteriorMelodia,Musica regresada
encenderLuces,Sistema luminoso completado
encenderLuces,Encendiendo iluminacion interior
abrirPuerta,Sistema ejecutando apertura remota
encenderLuces,Activacion luminosa procesada
apagarLuces,Sistema apagando luces
abrirPuerta,Sistema ejecutando apertura remota
abrirPuerta,Acceso principal en ejecución
modoNormal,Revirtiendo a configuración base
siguienteMelodia,Musica adelantada
modoSuper,Modo protector elevado
anteriorMelodia,Pista previa confirmada
modoSuper,Optimizando recursos en super
modoNormal,Sistema en estado regular
apagarLuces,Apagando iluminacion interior
anteriorMelodia,Regresando pista musical
modoSuper,Modo de seguridad reforzado
anteriorMelodia,Musica regresada
apagarLuces,Luces cortadas
abrirPuerta,Acceso automatizado activado
abrirPuerta,Liberación de puerta ejecutada
encenderLuces,Iluminacion domestica lista
abrirPuerta,Acceso automatizado activado
modoNormal,Restauración del estado inicial
modoSuper,Sistema elevado a modo super
apagarLuces,Zona sin iluminacion
abrirPuerta,Puerta iniciando apertura
siguienteMelodia,Lista avanzando
modoNormal,Normalidad recuperada
encenderLuces,Iluminacion activada
modoSuper,Sistema asegurado en super
modoSuper,Modo inteligente super activado
apagarLuces,Finalizacion de iluminacion
anteriorMelodia,Retroceso de playlist
encenderLuces,Inicializando encendido de luces
modoNormal,Modo estándar restablecido
anteriorMelodia,Musica regresada
abrirPuerta,Acceso principal en apertura
modoSuper,Sistema entrando en modo super
modoNormal,Restauración del estado inicial
apagarLuces,Luz deshabilitada correctamente
apagarLuces,Desactivacion luminosa ejecutada
encenderLuces,Ambiente correctamente iluminado
apagarLuces,Iluminacion detenida
apagarLuces,Iluminacion retirada
encenderLuces,Luz encendida en la vivienda
encenderLuces,Iluminacion interior lista
apagarLuces,Focos apagados
modoSuper,Reforzando capacidad del sistema
modoSuper,Protección total habilitada
modoNormal,Sistema en comportamiento básico
modoSuper,Potencia del sistema incrementada
modoNormal,Volviendo al estado original
abrirPuerta,Mecanismo de apertura activo
siguienteMelodia,Control de avance musical
apagarLuces,Sistema apagando luces
siguienteMelodia,Rotación musical adelante
modoNormal,Operación normal retomada
modoSuper,Funcionamiento avanzado activado
siguienteMelodia,Reproducción mejorada adelante
siguienteMelodia,Modo secuencia siguiente
siguienteMelodia,Secuencia a tema posterior
apagarLuces,Desactivando iluminacion general
siguienteMelodia,Melodía entrante activada
modoSuper,Seguridad al máximo nivel
modoSuper,Modo superior en proceso
siguienteMelodia,Sonido avanzado en lista
modoSuper,Sistema asegurado en super
siguienteMelodia,Reproducción de próxima pista
modoNormal,Modo regular activado
modoNormal,Operación normal retomada
modoSuper,Sistema entrando en modo super
modoSuper,Control aumentado habilitado
anteriorMelodia,Retroceso activo
encenderLuces,Inicializando encendido de luces
anteriorMelodia,Moviendo a melodia anterior
modoNormal,Contexto base reactivado
apagarLuces,Corte de luz interno
siguienteMelodia,Activando pista posterior
apagarLuces,Sistema oscuro habilitado
encenderLuces,Inicio de iluminacion estable
modoSuper,Modo super operativo
modoSuper,Modo super en funcionamiento
apagarLuces,Control de luz desactivado
abrirPuerta,Puerta respondiendo al comando
modoNormal,Modo normal asegurado
siguienteMelodia,Saltando a pista siguiente
apagarLuces,Iluminacion totalmente detenida
modoSuper,Seguridad al máximo nivel
modoSuper,Procesamiento super activo
anteriorMelodia,Retrocediendo a pista anterior
modoNormal,Control básico restaurado
modoNormal,Revirtiendo a configuración base
abrirPuerta,Puerta deslizándose
siguienteMelodia,Canción siguiente ejecutada
modoSuper,Entrando en estado super
abrirPuerta,Apertura remota activada
encenderLuces,Inicio de proceso de iluminacion
abrirPuerta,Proceso de apertura en curso
modoSuper,Entrando en estado super
modoNormal,Sistema retornando a valores base
modoSuper,Operación super establecida
anteriorMelodia,Ejecutando melodia previa
anteriorMelodia,Regresando pista musical
modoNormal,Modo normal confirmado
apagarLuces,Luces deshabilitadas
siguienteMelodia,Saltando a pista siguiente
encenderLuces,Luces habilitadas
encenderLuces,Luces habilitadas
abrirPuerta,Puerta iniciando apertura
modoNormal,Nivel normal activado
abrirPuerta,Apertura de puerta en proceso
siguienteMelodia,Canción desplazada hacia adelante
encenderLuces,Encendiendo luces del hogar
apagarLuces,Iluminacion minimizada
anteriorMelodia,Secuencia musical previa
siguienteMelodia,Melodía adelantada confirmada
modoNormal,Sistema en condiciones estándar
apagarLuces,Focos apagados
encenderLuces,Iluminacion domestica lista
siguienteMelodia,Melodía entrante activada
apagarLuces,Apagando luces del hogar
apagarLuces,Apagando iluminacion interior
abrirPuerta,Acceso recibiendo orden de apertura
anteriorMelodia,Volviendo en la secuencia sonora
abrirPuerta,Proceso de apertura en curso
siguienteMelodia,Pista inmediata siguiente activada
encenderLuces,Activacion de iluminacion completada
encenderLuces,Encendiendo luces del hogar
modoSuper,Activando modo super
encenderLuces,Iluminacion domestica lista
apagarLuces,Ambiente en modo oscuro
abrirPuerta,Puerta avanzando a apertura
siguienteMelodia,Modo secuencia siguiente
apagarLuces,Desactivacion luminosa ejecutada
apagarLuces,Detencion de iluminacion
siguienteMelodia,Siguiente selección musical ejecutada
apagarLuces,Sistema finalizando luz
modoSuper,Estado de máximo rendimiento
apagarLuces,Oscureciendo ambiente
siguienteMelodia,Control musical avanzado
anteriorMelodia,Ejecutando melodia previa
modoNormal,Modo regular activado
siguienteMelodia,Saltando a pista siguiente
encenderLuces,Sistema en modo iluminado
anteriorMelodia,Retorno a melodia previa
abrirPuerta,Acceso aperturándose
siguienteMelodia,Melodía entrante activada
apagarLuces,Apagando iluminacion interior
abrirPuerta,Apertura automática en progreso
anteriorMelodia,Regresando al sonido previo
anteriorMelodia,Pista anterior seleccionada
abrirPuerta,Puerta respondiendo al comando
abrirPuerta,Mecanismo de apertura activo
modoSuper,Reforzando capacidad del sistema
modoNormal,Sistema retornando a valores base
apagarLuces,Iluminacion deshabilitada
apagarLuces,Ambiente apagado
apagarLuces,Finalizacion de iluminacion
anteriorMelodia,Cambio a melodia anterior
modoNormal,Ejecución en modo estándar
encenderLuces,Luces habilitadas por sistema
modoSuper,Sistema entrando en modo super
siguienteMelodia,Activación de pista siguiente
siguienteMelodia,Pista avanzada habilitada
modoSuper,Rendimiento super iniciado
apagarLuces,Luces deshabilitadas
modoNormal,Modo cotidiano activado
apagarLuces,Luces totalmente desactivadas
abrirPuerta,Apertura remota activada
siguienteMelodia,Sonido avanzado en lista
encenderLuces,Encendiendo zona iluminada
apagarLuces,Luces totalmente desactivadas
apagarLuces,Apagando luces disponibles
modoSuper,Sistema elevado a modo super
siguienteMelodia,Siguiente selección musical ejecutada
modoSuper,Control avanzado reforzado
encenderLuces,Luz automatizada encendida
apagarLuces,Iluminacion desactivada
encenderLuces,Luz principal habilitada
modoSuper,Ejecución de seguridad avanzada
apagarLuces,Luz desconectada del sistema
anteriorMelodia,Seleccionando melodia anterior
modoSuper,Sistema bajo modo super seguro
modoNormal,Frecuencia normal en proceso
apagarLuces,Corte de luz interno
anteriorMelodia,Regresando a la melodia previa
abrirPuerta,Apertura automática iniciada
anteriorMelodia,Regresando al sonido previo
anteriorMelodia,Lista alterada hacia atras
modoSuper,Modo intensificado activo
modoSuper,Modo super confirmado
modoSuper,Modo super en funcionamiento
modoSuper,Funciones mejoradas encendidas
apagarLuces,Reduccion luminosa ejecutada
anteriorMelodia,Direccion musical invertida
modoSuper,Modo super establecido
encenderLuces,Encendiendo luces externas
siguienteMelodia,Melodía adelantada confirmada
modoNormal,Restauración del estado inicial
modoSuper,Rendimiento super iniciado
apagarLuces,Finalizacion de iluminacion
apagarLuces,Apagando luces disponibles
modoSuper,Modo super confirmado
encenderLuces,Encendido de luz interior
modoNormal,Parámetros normales aplicados
abrirPuerta,Sistema liberando puerta
modoNormal,Frecuencia estándar habilitada
apagarLuces,Retiro de luz completado
modoNormal,Sistema en régimen estándar
apagarLuces,Corte de luz interno
siguienteMelodia,Pasando a la próxima canción
modoSuper,Potencia aumentada en sistema
modoNormal,Modo normal establecido
modoSuper,Control reforzado habilitado
apagarLuces,Corte de iluminacion ejecutado
abrirPuerta,Sistema ejecutando apertura remota
siguienteMelodia,Siguiente selección musical ejecutada
modoNormal,Ejecución en modo estándar
modoSuper,Entrando en estado super
anteriorMelodia,Reproduccion en retroceso
encenderLuces,Encendiendo luces disponibles
siguienteMelodia,Melodía entrante activada
apagarLuces,Apagando iluminacion interior
siguienteMelodia,Reproducción secuencial siguiente
siguienteMelodia,Activación de pista siguiente
anteriorMelodia,Reproduccion regresiva
siguienteMelodia,Secuencia musical siguiente
siguienteMelodia,Continuación musical habilitada
encenderLuces,Activando luces internas
encenderLuces,Encendido de luz ejecutado
apagarLuces,Desactivando puntos de luz
modoSuper,Operación super estable
apagarLuces,Sistema en modo sin luz
modoNormal,Frecuencia normal en proceso
anteriorMelodia,Tema anterior confirmado
modoNormal,Restituyendo ajustes originales
siguienteMelodia,Pasando a la próxima canción
modoNormal,Control básico restaurado
siguienteMelodia,Cambio de canción adelante
anteriorMelodia,Pista anterior ejecutada
siguienteMelodia,Melodía adelantada confirmada
modoNormal,Frecuencia normal en proceso
modoNormal,Sistema estabilizado
siguienteMelodia,Activando pista posterior
siguienteMelodia,Cambiando a la siguiente pista
siguienteMelodia,Melodia siguiente en reproducción
anteriorMelodia,Regreso musical ejecutado
abrirPuerta,Apertura asistida de puerta
anteriorMelodia,Pista previa confirmada
anteriorMelodia,Reinicio de melodia previa
modoNormal,Frecuencia estándar habilitada
modoSuper,Operación super estable
siguienteMelodia,Avance musical iniciado
abrirPuerta,Apertura de puerta en proceso
siguienteMelodia,Entrada a melodia siguiente
siguienteMelodia,Activación de pista siguiente
abrirPuerta,Movimiento de apertura iniciado
modoSuper,Modo super establecido
encenderLuces,Puntos de luz activados
encenderLuces,Encendiendo luces externas
abrirPuerta,Liberación de puerta ejecutada
abrirPuerta,Liberación de puerta ejecutada
apagarLuces,Sistema apagando luces
anteriorMelodia,Secuencia previa activada
modoNormal,Sistema estabilizado
siguienteMelodia,Cambiando a la siguiente pista
anteriorMelodia,Reproduccion regresiva
encenderLuces,Intensidad luminosa configurada
modoSuper,Ejecución de modo super iniciada
abrirPuerta,Puerta despejando acceso
modoSuper,Control avanzado reforzado
modoNormal,Modo de funcionamiento tradicional
apagarLuces,Cese completo de luz
anteriorMelodia,Pista anterior seleccionada
encenderLuces,Ambiente correctamente iluminado
encenderLuces,Activando brillo interior
modoSuper,Modo protector elevado
apagarLuces,Luces totalmente desactivadas
modoSuper,Potencia del sistema incrementada
abrirPuerta,Apertura automática iniciada
siguienteMelodia,Activación de pista siguiente
modoSuper,Modo inteligente super activado
apagarLuces,Luces totalmente desactivadas
apagarLuces,Retiro de luz completado
modoSuper,Sistema devuelto a modo super
siguienteMelodia,Movimiento a pista consecutiva
anteriorMelodia,Lista regresando atras
apagarLuces,Zona sin iluminacion
siguienteMelodia,Avanzando melodia
encenderLuces,Sistema de luz activo
abrirPuerta,Apertura del hogar habilitada
modoSuper,Potenciación del sistema iniciada
anteriorMelodia,Reproduciendo melodia anterior
encenderLuces,Encendiendo iluminacion interior
encenderLuces,Luces operativas
abrirPuerta,Desbloqueo y apertura iniciados
modoNormal,Sistema retornando a valores base
modoNormal,Modo usual recuperado
abrirPuerta,Apertura del hogar habilitada
modoSuper,Potencia del sistema incrementada
anteriorMelodia,Pista previa habilitada
modoNormal,Modo regular activado
modoNormal,Restauración del estado inicial
modoNormal,Flujo normal operativo
abrirPuerta,Puerta desbloqueándose
encenderLuces,Luces activadas satisfactoriamente
apagarLuces,Luz interior apagada
modoNormal,Config estándar confirmada
modoNormal,Sistema estabilizado
modoSuper,Potenciación del sistema iniciada
apagarLuces,Sistema finalizando luz
apagarLuces,Reduccion luminosa ejecutada
abrirPuerta,Puerta habilitada para abrir
anteriorMelodia,Regresando a la melodia previa
modoNormal,Modo básico activo
abrirPuerta,Liberación y apertura de puerta
abrirPuerta,Puerta iniciando apertura
apagarLuces,Sistema en modo sin luz
anteriorMelodia,Lista alterada hacia atras
siguienteMelodia,Cambio musical siguiente procesado
siguienteMelodia,Melodía adelantada confirmada
encenderLuces,Activando sistema de luces
apagarLuces,Luces totalmente desactivadas
abrirPuerta,Proceso de apertura en curso
siguienteMelodia,Activando pista posterior
abrirPuerta,Acceso principal en ejecución
encenderLuces,Inicializando encendido de luces
anteriorMelodia,Volviendo al tema previo
siguienteMelodia,Avance de lista musical
apagarLuces,Luz desconectada del sistema
apagarLuces,Luces interiores desactivadas
modoSuper,Entrando en estado super
modoSuper,Modo super procesado
siguienteMelodia,Lista avanzando
modoNormal,Modo estándar restablecido
anteriorMelodia,Tema anterior en ejecucion
modoNormal,Sistema regresando a normalidad
siguienteMelodia,Movimiento a pista consecutiva
modoSuper,Operación super estable
apagarLuces,Apagado interno listo
encenderLuces,Iluminacion del hogar lista
modoSuper,Funcionamiento avanzado activado
modoSuper,Modo super confirmado
siguienteMelodia,Movimiento a pista consecutiva
anteriorMelodia,Regreso musical ejecutado
anteriorMelodia,Tema previo en curso
encenderLuces,Luces principales encendidas
anteriorMelodia,Retroceso musical activado
abrirPuerta,Puerta desplazándose hacia apertura
siguienteMelodia,Melodía adelantada confirmada
encenderLuces,Encendiendo ambiente
abrirPuerta,Acceso siendo liberado
siguienteMelodia,Control de avance musical
apagarLuces,Ambiente en modo oscuro
siguienteMelodia,Rotación musical adelante
abrirPuerta,Puerta desbloqueándose
modoNormal,Restauración del estado inicial
siguienteMelodia,Reproducción musical progresiva
anteriorMelodia,Melodia previa en reproduccion
modoNormal,Modo natural activo
abrirPuerta,Apertura automática iniciada
abrirPuerta,Abriendo puerta principal
anteriorMelodia,Volviendo al tema previo
apagarLuces,Luces principales apagadas
anteriorMelodia,Cambio a melodia anterior
apagarLuces,Modo oscuro activado
anteriorMelodia,Tema anterior en ejecucion
modoSuper,Activación máxima ejecutada
anteriorMelodia,Retroceso musical activado
apagarLuces,Focos apagados
siguienteMelodia,Canción siguiente ejecutada
abrirPuerta,Comenzando apertura de puerta
encenderLuces,Iluminacion del hogar lista
siguienteMelodia,Melodia siguiente en reproducción
anteriorMelodia,Volviendo al tema previo
apagarLuces,Luz desconectada del sistema
siguienteMelodia,Ejecutando tema siguiente
modoNormal,Modo de funcionamiento tradicional
abrirPuerta,Puerta principal abriendo
apagarLuces,Luz cancelada correctamente
siguienteMelodia,Secuencia a tema posterior
modoSuper,Operación super estable
modoNormal,Config estándar confirmada
siguienteMelodia,Control musical avanzado
siguienteMelodia,Rotación musical adelante
siguienteMelodia,Progreso musical hacia adelante
encenderLuces,Iluminacion domestica lista
apagarLuces,Zona sin iluminacion
modoNormal,Sistema fuera de modo super
siguienteMelodia,Modo secuencia siguiente
abrirPuerta,Liberando puerta principal
anteriorMelodia,Reproduccion anterior establecida
modoNormal,Desactivando modo super
encenderLuces,Luz principal iniciada
anteriorMelodia,Cancion previa habilitada
modoNormal,Sistema fuera de modo super
abrirPuerta,Liberación y apertura de puerta
encenderLuces,Ambiente correctamente iluminado
modoSuper,Optimizando recursos en super
modoNormal,Volviendo a parámetros normales
abrirPuerta,Accediendo apertura del sistema
modoSuper,Reforzando capacidad del sistema
modoNormal,Modo normal asegurado
modoNormal,Control básico restaurado
modoNormal,Operación común activada
anteriorMelodia,Regresando pista musical
encenderLuces,Intensidad luminosa configurada
apagarLuces,Luz cancelada correctamente
abrirPuerta,Acceso principal en ejecución
encenderLuces,Luz ambiental habilitada
modoNormal,Modo cotidiano activado
abrirPuerta,Puerta desplazándose hacia apertura
encenderLuces,Activando luces internas
modoSuper,Maximizando niveles operativos
abrirPuerta,Puerta lista en modo apertura
modoNormal,Sistema reintegrado a normalidad
siguienteMelodia,Pista desplazada hacia adelante
modoSuper,Reforzando operación general
modoNormal,Sistema en condiciones estándar
abrirPuerta,Acceso principal en apertura
abrirPuerta,Acceso siendo liberado
apagarLuces,Deshabilitando sistema de luces
anteriorMelodia,Secuencia musical previa
anteriorMelodia,Melodia desplazada hacia atras
modoSuper,Sistema devuelto a modo super
modoSuper,Potencia del sistema incrementada
abrirPuerta,Accediendo apertura del sistema
apagarLuces,Desactivando iluminacion general
abrirPuerta,Puerta lista en modo apertura
encenderLuces,Luces encendidas correctamente
apagarLuces,Luz deshabilitada correctamente
modoSuper,Modo super completamente activo
siguienteMelodia,Lista continua hacia adelante
modoNormal,Sistema retornando a valores base
modoSuper,Protección total habilitada
modoSuper,Modo avanzado habilitado
anteriorMelodia,Regresando en lista musical
anteriorMelodia,Cancion anterior reproducida
modoSuper,Modo super en funcionamiento
modoNormal,Operación normal retomada
modoNormal,Modo normal confirmado
apagarLuces,Apagando luces del hogar
apagarLuces,Luces totalmente desactivadas
modoSuper,Maximizando niveles operativos
anteriorMelodia,Volviendo una melodia atras
anteriorMelodia,Regresando pista musical
modoSuper,Modo super completamente activo
apagarLuces,Cese completo de luz
siguienteMelodia,Rotación musical adelante
encenderLuces,Sistema en modo iluminado
modoSuper,Rendimiento super iniciado
encenderLuces,Luz accesible encendida
siguienteMelodia,Canción desplazada hacia adelante
modoSuper,Operación super establecida
abrirPuerta,Acceso en secuencia de apertura
abrirPuerta,Liberación de puerta ejecutada
encenderLuces,Puntos de iluminacion activos
encenderLuces,Intensidad luminosa activada
modoSuper,Protección reforzada activa
anteriorMelodia,Volviendo al tema previo
modoNormal,Parámetros normales aplicados
encenderLuces,Activacion luminosa procesada
encenderLuces,Activacion luminosa procesada
siguienteMelodia,Ejecutando melodia siguiente
modoSuper,Control reforzado habilitado
encenderLuces,Luz automatizada encendida
abrirPuerta,Mecanismo de apertura activo
encenderLuces,Luz encendida en la vivienda
apagarLuces,Apagando iluminacion interior
modoSuper,Estatus super habilitado
apagarLuces,Luces cortadas
modoSuper,Modo super operativo
abrirPuerta,Puerta avanzando a apertura
modoNormal,Frecuencia estándar habilitada
abrirPuerta,Movimiento de apertura iniciado
encenderLuces,Intensidad luminosa activada
siguienteMelodia,Reproduciendo siguiente melodia
apagarLuces,Cierre de sistema luminoso
siguienteMelodia,Saltando a pista siguiente
modoSuper,Sistema asegurado en super
encenderLuces,Activando puntos luminosos
anteriorMelodia,Retroceso de secuencia musical
modoSuper,Ejecución de seguridad avanzada
anteriorMelodia,Melodia previa en reproduccion
anteriorMelodia,Musica regresada
encenderLuces,Encendiendo zona iluminada
apagarLuces,Desconectando iluminacion interna
apagarLuces,Oscureciendo ambiente
abrirPuerta,Sistema del acceso activado
abrirPuerta,Acceso principal en ejecución
encenderLuces,Encendido general listo
modoNormal,Modo normal en funcionamiento
anteriorMelodia,Regresando a la melodia previa
encenderLuces,Puntos de luz activados
anteriorMelodia,Volviendo al tema previo
anteriorMelodia,Retorno musical habilitado
abrirPuerta,Ejecutando apertura automatizada
apagarLuces,Luces cortadas
modoNormal,Sistema fuera de modo super
apagarLuces,Finalizacion de iluminacion
abrirPuerta,Apertura automática iniciada
abrirPuerta,Activando apertura principal
modoSuper,Modo de seguridad reforzado
apagarLuces,Zona sin iluminacion
abrirPuerta,Desbloqueo y apertura iniciados
modoSuper,Control avanzado reforzado
modoSuper,Modo super completamente activo
modoSuper,Activación avanzada iniciada
modoSuper,Estado funcional elevado
apagarLuces,Ambiente sin iluminacion
modoSuper,Estado de máximo rendimiento
anteriorMelodia,Pista anterior ejecutada
apagarLuces,Apagado del ambiente
abrirPuerta,Acceso principal en apertura
modoSuper,Optimizando recursos en super
encenderLuces,Focos encendidos
anteriorMelodia,Reproduccion retrocedida
siguienteMelodia,Siguiente selección musical ejecutada
apagarLuces,Apagado interno listo
abrirPuerta,Comenzando apertura de puerta
modoNormal,Sistema en condiciones estándar
siguienteMelodia,Posición musical siguiente
anteriorMelodia,Reproduccion retrocedida
modoSuper,Maximizando niveles operativos
modoSuper,Modo de seguridad reforzado
apagarLuces,Cese completo de luz
apagarLuces,Luz retirada por comando
siguienteMelodia,Pasando a la próxima canción
siguienteMelodia,Secuencia a tema posterior
anteriorMelodia,Tema previo en curso
abrirPuerta,Iniciando apertura del acceso
apagarLuces,Luces totalmente desactivadas
apagarLuces,Reduccion luminosa ejecutada
abrirPuerta,Liberación de puerta ejecutada
abrirPuerta,Sistema ejecutando apertura remota
siguienteMelodia,Secuencia a tema posterior
apagarLuces,Apagando zonas interiores
anteriorMelodia,Entrada a melodia anterior
modoSuper,Potenciación del sistema iniciada
modoNormal,Modo normal activado
siguienteMelodia,Cambio musical siguiente procesado
modoNormal,Nivel normal activado
siguienteMelodia,Control musical avanzado
modoNormal,Restauración del estado inicial
apagarLuces,Iluminacion retirada
apagarLuces,Luces deshabilitadas
siguienteMelodia,Control de avance musical
anteriorMelodia,Transicion a pista anterior
apagarLuces,Iluminacion detenida
encenderLuces,Luces encendidas correctamente
apagarLuces,Iniciando apagado de luces
modoNormal,Estado habitual restablecido
encenderLuces,Luces principales encendidas
abrirPuerta,Apertura confirmada
apagarLuces,Luz interior apagada
apagarLuces,Reduccion de iluminacion
siguienteMelodia,Continuación musical habilitada
modoSuper,Funcionamiento avanzado activado
anteriorMelodia,Secuencia musical previa
modoSuper,Modo protector elevado
siguienteMelodia,Ejecutando tema siguiente
apagarLuces,Zona sin iluminacion
apagarLuces,Finalizacion de iluminacion
modoNormal,Contexto base reactivado
modoSuper,Maximizando niveles operativos
modoSuper,Seguridad maximizada
modoNormal,Parámetros normales aplicados
abrirPuerta,Apertura del hogar habilitada
anteriorMelodia,Moviendo a melodia anterior
encenderLuces,Encendido general listo
abrirPuerta,Accediendo apertura del sistema
modoSuper,Sistema elevado a modo super
modoNormal,Modo normal en funcionamiento
anteriorMelodia,Retorno a melodia previa
abrirPuerta,Mecanismo de apertura activo
encenderLuces,Control de luz activado
siguienteMelodia,Reproducción adelantada
encenderLuces,Iluminacion activada
siguienteMelodia,Reproducción continua siguiente
siguienteMelodia,Modo música adelante
apagarLuces,Retiro de luz completado
anteriorMelodia,Retrocediendo a pista anterior
abrirPuerta,Puerta desplazándose hacia apertura
abrirPuerta,Puerta respondiendo al comando
anteriorMelodia,Reproduciendo melodia anterior
modoSuper,Control avanzado reforzado
siguienteMelodia,Ejecutando tema siguiente
modoSuper,Funcionamiento avanzado activado
encenderLuces,Encendiendo luces del hogar
siguienteMelodia,Reproducción secuencial siguiente
abrirPuerta,Puerta despejando acceso
abrirPuerta,Puerta desplazándose hacia apertura
siguienteMelodia,Musica adelantada
modoNormal,Modo base activado
siguienteMelodia,Modo secuencia siguiente
apagarLuces,Apagado del ambiente
modoNormal,Sistema en condiciones estándar
apagarLuces,Apagado completado
anteriorMelodia,Lista regresando atras
siguienteMelodia,Secuencia musical siguiente
apagarLuces,Luces principales apagadas
anteriorMelodia,Melodia retrocedida correctamente
siguienteMelodia,Lista avanzando
anteriorMelodia,Secuencia previa activada
modoSuper,Entrando en estado super
encenderLuces,Encendido de ambiente interno
modoSuper,Funciones super implementadas
anteriorMelodia,Melodia previa recuperada
anteriorMelodia,Cambio a melodia anterior
siguienteMelodia,Siguiente selección musical ejecutada
modoSuper,Sistema bajo modo super seguro
abrirPuerta,Puerta habilitada para abrir
apagarLuces,Ambiente en modo oscuro
abrirPuerta,Puerta desplazándose hacia apertura
abrirPuerta,Movimiento de apertura iniciado
anteriorMelodia,Secuencia previa activada
siguienteMelodia,Rotación musical adelante
anteriorMelodia,Entrada a melodia anterior
anteriorMelodia,Seleccionando melodia anterior
encenderLuces,Activacion luminosa procesada
modoNormal,Modo natural activo
apagarLuces,Luces interiores desactivadas
abrirPuerta,Sistema activando apertura
anteriorMelodia,Cancion anterior reproducida
anteriorMelodia,Reproduccion retrocedida
encenderLuces,Inicializando encendido de luces
apagarLuces,Apagando iluminacion interior
abrirPuerta,Sistema ejecutando apertura remota
abrirPuerta,Ejecutando apertura automatizada
modoSuper,Sistema bajo modo super seguro
abrirPuerta,Acceso automatizado activado
apagarLuces,Corte de iluminacion ejecutado
encenderLuces,Intensidad luminosa activada
modoNormal,Ejecución en modo estándar
abrirPuerta,Sistema del acceso activado
encenderLuces,Luz automatizada encendida
siguienteMelodia,Reproducción mejorada adelante
modoSuper,Entrando en estado super
siguienteMelodia,Avance de lista musical
apagarLuces,Zona sin iluminacion
modoNormal,Volviendo a parámetros normales
anteriorMelodia,Tema anterior confirmado
siguienteMelodia,Sonido avanzado en lista
siguienteMelodia,Lista musical moviéndose adelante
abrirPuerta,Puerta habilitada para abrir
siguienteMelodia,Movimiento a pista consecutiva
modoNormal,Modo ordinario habilitado
abrirPuerta,Acceso aperturándose
modoNormal,Estado habitual restablecido
anteriorMelodia,Ejecutando melodia previa
modoSuper,Estado de máximo rendimiento
apagarLuces,Desactivando puntos de luz
modoNormal,Control básico restaurado
modoSuper,Sistema en estado intensivo
siguienteMelodia,Saltando a pista siguiente
modoNormal,Config estándar confirmada
encenderLuces,Hogar iluminado
siguienteMelodia,Reproducción de próxima pista
modoSuper,Funciones super implementadas
encenderLuces,Sistema luminoso completado
encenderLuces,Sistema luminoso completado
abrirPuerta,Apertura del acceso confirmada
anteriorMelodia,Reinicio de melodia previa
anteriorMelodia,Seleccionando melodia anterior
apagarLuces,Corte de luz interno
anteriorMelodia,Reproduccion en retroceso
apagarLuces,Sistema finalizando luz
apagarLuces,Finalizando proceso de apagado
modoSuper,Ejecución de modo super iniciada
modoSuper,Potencia aumentada en sistema
modoSuper,Seguridad elevada activada
siguienteMelodia,Cambiando a la siguiente pista
siguienteMelodia,Control de avance musical
encenderLuces,Inicio de iluminacion estable
anteriorMelodia,Retrocediendo a pista anterior
modoNormal,Sistema en estado regular
modoNormal,Modo normal activado
anteriorMelodia,Pista anterior seleccionada
encenderLuces,Encendido de luz ejecutado
anteriorMelodia,Regresando al sonido previo
encenderLuces,Encendido de luz interior
apagarLuces,Ambiente apagado
modoSuper,Operación ampliada iniciada
abrirPuerta,Puerta deslizándose
encenderLuces,Puntos de iluminacion activos
modoNormal,Modo básico activo
anteriorMelodia,Seleccionando melodia anterior
anteriorMelodia,Volviendo al tema previo
apagarLuces,Cierre de sistema luminoso
modoNormal,Config estándar confirmada
anteriorMelodia,Retorno a melodia previa
modoNormal,Restituyendo ajustes originales
modoSuper,Modo super habilitado
abrirPuerta,Realizando apertura de puerta
modoSuper,Modo super establecido
siguienteMelodia,Pista avanzada habilitada
apagarLuces,Control de luz desactivado
anteriorMelodia,Pista anterior seleccionada
siguienteMelodia,Avanzando melodia
anteriorMelodia,Regreso musical ejecutado
apagarLuces,Detencion de iluminacion
modoNormal,Operación sin modo super
encenderLuces,Luz encendida en la vivienda
siguienteMelodia,Melodia siguiente en reproducción
modoSuper,Ejecución de modo super iniciada
modoSuper,Estado de máximo rendimiento
siguienteMelodia,Reproducción adelantada
modoNormal,Volviendo al estado original
siguienteMelodia,Reproducción continua siguiente
abrirPuerta,Sistema del acceso activado
abrirPuerta,Comenzando apertura de puerta
encenderLuces,Activacion luminosa procesada
modoNormal,Volviendo a circulación normal
siguienteMelodia,Saltando a pista siguiente
apagarLuces,Iluminacion retirada
modoNormal,Frecuencia estándar habilitada
anteriorMelodia,Retroceso musical activado
modoNormal,Configuración normal aplicada
encenderLuces,Puntos de luz activados
modoSuper,Reforzando capacidad del sistema
encenderLuces,Ambiente iluminado
apagarLuces,Luz interior apagada
siguienteMelodia,Reproducción adelantada
encenderLuces,Luces principales encendidas
anteriorMelodia,Retroceso activo
siguienteMelodia,Avance de playlist
modoSuper,Protección reforzada activa
abrirPuerta,Apertura del acceso confirmada
apagarLuces,Apagando zonas interiores
siguienteMelodia,Pista desplazada hacia adelante
siguienteMelodia,Sonido avanzado en lista
encenderLuces,Luces habilitadas
apagarLuces,Reduccion luminosa ejecutada
modoNormal,Sistema en condiciones estándar
siguienteMelodia,Orden de canción siguiente
abrirPuerta,Abriendo puerta principal
anteriorMelodia,Retorno a melodia previa
apagarLuces,Luz desconectada del sistema
encenderLuces,Control de luz activado
modoNormal,Restauración del estado inicial
apagarLuces,Luz deshabilitada correctamente
abrirPuerta,Liberando puerta principal
apagarLuces,Desactivando iluminacion general
abrirPuerta,Acceso principal en apertura
abrirPuerta,Accediendo apertura del sistema
modoSuper,Activación máxima ejecutada
modoSuper,Modo super operativo
encenderLuces,Encendido de luz interior
encenderLuces,Inicio de proceso de iluminacion
modoNormal,Modo estable activado
apagarLuces,Ambiente sin iluminacion
modoSuper,Seguridad al máximo nivel
abrirPuerta,Acceso principal en ejecución
abrirPuerta,Acceso principal en movimiento
anteriorMelodia,Retroceso de secuencia musical
modoNormal,Modo base activado
abrirPuerta,Acceso principal en movimiento
modoSuper,Funcionamiento avanzado activado
modoNormal,Restaurando modo normal
siguienteMelodia,Avanzando melodia
encenderLuces,Intensidad luminosa activada
apagarLuces,Sistema apagando luces
anteriorMelodia,Reproduccion retrocedida
apagarLuces,Luz cancelada correctamente
encenderLuces,Encendiendo luces externas
anteriorMelodia,Tema anterior en ejecucion
apagarLuces,Apagando iluminacion interior
encenderLuces,Ambiente iluminado
apagarLuces,Luz apagada en el hogar
apagarLuces,Retiro de luz completado
modoSuper,Reforzando operación general
abrirPuerta,Activando apertura principal
modoSuper,Ejecución de seguridad avanzada
modoSuper,Protección reforzada activa
siguienteMelodia,Lista continua hacia adelante
modoSuper,Estatus super habilitado
anteriorMelodia,Direccion musical invertida
modoSuper,Maximizando niveles operativos
apagarLuces,Luz cancelada correctamente
siguienteMelodia,Pista activa siguiente
apagarLuces,Apagado completado
modoSuper,Modo protector elevado
apagarLuces,Cese completo de luz
apagarLuces,Iluminacion totalmente detenida
encenderLuces,Luces habilitadas por sistema
apagarLuces,Reduccion luminosa ejecutada
modoNormal,Sistema estabilizado
apagarLuces,Cese completo de luz
modoSuper,Ejecución de modo super iniciada
modoNormal,Modo simple habilitado
abrirPuerta,Puerta avanzando a apertura
abrirPuerta,Apertura remota activada
encenderLuces,Luces principales encendidas
anteriorMelodia,Tema en retroceso
siguienteMelodia,Pista activa siguiente
encenderLuces,Encendido de ambiente interno
abrirPuerta,Puerta en transición de apertura
abrirPuerta,Mecanismo de apertura activo
modoSuper,Protección reforzada activa
anteriorMelodia,Tema anterior en ejecucion
anteriorMelodia,Reproduccion de pista anterior
siguienteMelodia,Pista desplazada hacia adelante
encenderLuces,Sistema en modo iluminado
apagarLuces,Cierre de sistema luminoso
anteriorMelodia,Lista regresando atras
apagarLuces,Luces totalmente desactivadas
anteriorMelodia,Cambio a melodia anterior
encenderLuces,Iluminacion del entorno activa
siguienteMelodia,Avance de lista musical
anteriorMelodia,Melodia desplazada hacia atras
abrirPuerta,Sistema del acceso activado
modoNormal,Retorno completo al modo normal
modoNormal,Flujo normal operativo
modoNormal,Retorno completo al modo normal
modoSuper,Modo super sosteniéndose
encenderLuces,Luz encendida en la vivienda
modoNormal,Modo base activado
abrirPuerta,Mecanismo de apertura activo
modoSuper,Protección total habilitada
anteriorMelodia,Musica regresada
anteriorMelodia,Volviendo al tema previo
abrirPuerta,Secuencia de apertura activada
modoNormal,Modo natural activo
abrirPuerta,Apertura asistida de puerta
abrirPuerta,Apertura confirmada
anteriorMelodia,Regreso musical ejecutado
siguienteMelodia,Posición musical siguiente
modoNormal,Frecuencia estándar habilitada
siguienteMelodia,Control musical avanzado
modoSuper,Modo super procesado
apagarLuces,Focos apagados
encenderLuces,Luz ambiental habilitada
encenderLuces,Sistema luminoso completado
abrirPuerta,Puerta avanzando a apertura
apagarLuces,Ambiente en modo oscuro
abrirPuerta,Apertura del hogar habilitada
modoSuper,Control reforzado habilitado
anteriorMelodia,Retroceso confirmado
siguienteMelodia,Siguiente selección musical ejecutada
anteriorMelodia,Tema anterior en ejecucion
siguienteMelodia,Pista desplazada hacia adelante
encenderLuces,Activando puntos luminosos
modoNormal,Modo normal asegurado
modoNormal,Retorno completo al modo normal
apagarLuces,Apagado interno listo
modoSuper,Modo avanzado habilitado
modoNormal,Modo natural activo
modoNormal,Contexto base reactivado
abrirPuerta,Puerta principal liberándose
apagarLuces,Ambiente en modo oscuro
siguienteMelodia,Pista desplazada hacia adelante
modoSuper,Maximizando niveles operativos
encenderLuces,Ambiente correctamente iluminado
modoNormal,Retorno completo al modo normal
siguienteMelodia,Lista musical moviéndose adelante
modoSuper,Funcionamiento avanzado activado
siguienteMelodia,Reproducción mejorada adelante
modoNormal,Retorno completo al modo normal
siguienteMelodia,Lista musical moviéndose adelante
anteriorMelodia,Tema anterior confirmado
modoNormal,Configuración normal aplicada
encenderLuces,Puntos de iluminacion activos
anteriorMelodia,Regresando a la melodia previa
siguienteMelodia,Control de avance musical
abrirPuerta,Sistema activando apertura
modoNormal,Modo cotidiano activado
anteriorMelodia,Cancion anterior reproducida
encenderLuces,Luz principal habilitada
siguienteMelodia,Reproducción mejorada adelante
anteriorMelodia,Pista previa confirmada
anteriorMelodia,Volviendo en la secuencia sonora
modoNormal,Frecuencia normal en proceso
abrirPuerta,Mecanismo de apertura activo
modoSuper,Sistema elevado a modo super
modoNormal,Modo usual recuperado
apagarLuces,Iluminacion detenida
modoSuper,Modo super operativo
modoNormal,Patrón operativo normal
abrirPuerta,Sistema ejecutando apertura remota
siguienteMelodia,Desplazando a canción siguiente
encenderLuces,Luz ambiental habilitada
siguienteMelodia,Cambiando a la siguiente pista
siguienteMelodia,Melodia siguiente en reproducción
anteriorMelodia,Musica anterior procesada
encenderLuces,Iluminacion interior lista
anteriorMelodia,Cambio a melodia anterior
anteriorMelodia,Secuencia previa activada
modoSuper,Estado super alcanzado
apagarLuces,Ambiente sin iluminacion
modoNormal,Ejecución en modo estándar
abrirPuerta,Apertura confirmada
modoNormal,Sistema en régimen estándar
apagarLuces,Luz retirada por comando
anteriorMelodia,Moviendo a melodia anterior
siguienteMelodia,Navegación musical siguiente
modoSuper,Seguridad al máximo nivel
modoSuper,Modo super sosteniéndose
abrirPuerta,Apertura asistida de puerta
apagarLuces,Sistema oscuro habilitado
encenderLuces,Activando puntos luminosos
modoSuper,Activando modo super
modoNormal,Flujo normal operativo
anteriorMelodia,Tema anterior confirmado
encenderLuces,Encendiendo luces disponibles
abrirPuerta,Puerta principal abriendo
apagarLuces,Sistema apagando luces
apagarLuces,Desactivacion luminosa ejecutada
modoNormal,Modo cotidiano activado
modoNormal,Sistema estabilizado
encenderLuces,Luz principal habilitada
encenderLuces,Luces activadas satisfactoriamente
modoSuper,Protección total habilitada
abrirPuerta,Sistema del acceso activado
anteriorMelodia,Tema anterior en ejecucion
anteriorMelodia,Tema previo en curso
apagarLuces,Zona sin iluminacion
modoNormal,Restaurando modo normal
apagarLuces,Control de luz desactivado
abrirPuerta,Secuencia de apertura activada
abrirPuerta,Puerta iniciando transición
modoSuper,Activando modo super
abrirPuerta,Puerta habilitada para abrir
siguienteMelodia,Transición a siguiente melodia
siguienteMelodia,Avanzando melodia
anteriorMelodia,Reproduccion regresiva
modoSuper,Control aumentado habilitado
abrirPuerta,Mecanismo principal aperturándose
modoNormal,Config estándar confirmada
abrirPuerta,Puerta despejando acceso
modoSuper,Rendimiento super iniciado
anteriorMelodia,Ejecutando melodia previa
abrirPuerta,Apertura confirmada
encenderLuces,Luces habilitadas
encenderLuces,Iluminacion del hogar lista
modoNormal,Operación normal retomada
siguienteMelodia,Cambio de canción adelante
siguienteMelodia,Pista avanzada habilitada
modoSuper,Seguridad al máximo nivel
encenderLuces,Sistema en modo iluminado
abrirPuerta,Apertura confirmada
modoSuper,Control aumentado habilitado
abrirPuerta,Apertura confirmada
apagarLuces,Ambiente sin iluminacion
abrirPuerta,Puerta avanzando a apertura
modoNormal,Restauración del sistema realizada
siguienteMelodia,Secuencia a tema posterior
anteriorMelodia,Retrocediendo a pista anterior
modoNormal,Modo estándar restablecido
modoNormal,Sistema en comportamiento básico
encenderLuces,Luces principales encendidas
modoSuper,Modo super en funcionamiento
modoNormal,Sistema fuera de modo super
modoNormal,Nivel normal activado
siguienteMelodia,Avance de lista musical
apagarLuces,Retiro de luz completado
abrirPuerta,Apertura asistida de puerta
modoSuper,Modo de seguridad reforzado
apagarLuces,Ambiente sin iluminacion
apagarLuces,Iluminacion minimizada
anteriorMelodia,Secuencia previa activada
modoNormal,Volviendo al estado original
siguienteMelodia,Lista avanzando
encenderLuces,Luz interior activada
encenderLuces,Activando sistema de luces
modoNormal,Desactivando modo super
anteriorMelodia,Retroceso de secuencia musical
modoNormal,Modo normal establecido
modoSuper,Modo de seguridad reforzado
modoNormal,Parámetros normales aplicados
modoNormal,Modo normal en funcionamiento
abrirPuerta,Acceso automatizado activado
apagarLuces,Desconectando iluminacion interna
encenderLuces,Iluminacion del hogar lista
encenderLuces,Sistema luminoso completado
abrirPuerta,Destraba de puerta ejecutada
apagarLuces,Detencion de iluminacion
encenderLuces,Sistema luminoso completado
abrirPuerta,Apertura sin obstrucciones en curso
abrirPuerta,Acceso iniciando apertura
siguienteMelodia,Canción desplazada hacia adelante
siguienteMelodia,Pista desplazada hacia adelante
abrirPuerta,Ejecutando apertura principal
modoSuper,Modo super habilitado
siguienteMelodia,Sonido avanzado en lista
modoNormal,Modo normal seguro
modoSuper,Modo super operativo
modoSuper,Potencia aumentada en sistema
encenderLuces,Encendido de luz ejecutado
modoSuper,Optimizando recursos en super
apagarLuces,Apagado completado
abrirPuerta,Puerta iniciando apertura
modoNormal,Nivel normal activado
apagarLuces,Desactivacion luminosa ejecutada
encenderLuces,Intensidad luminosa activada
modoSuper,Sistema en estado intensivo
apagarLuces,Sistema oscuro habilitado
abrirPuerta,Abriendo puerta principal
abrirPuerta,Acceso principal operando apertura
abrirPuerta,Liberando puerta principal
modoSuper,Ejecución de seguridad avanzada
siguienteMelodia,Saltando a pista siguiente
abrirPuerta,Sistema del acceso activado
siguienteMelodia,Movimiento a pista consecutiva
encenderLuces,Luz principal iniciada
modoSuper,Modo intensificado activo
modoSuper,Estado funcional elevado
encenderLuces,Luz principal habilitada
modoSuper,Modo especializado activado
anteriorMelodia,Melodia desplazada hacia atras
encenderLuces,Hogar iluminado
encenderLuces,Encendiendo zona iluminada
siguienteMelodia,Pista desplazada hacia adelante
encenderLuces,Encendiendo iluminacion interior
modoSuper,Modo super procesado
modoSuper,Modo especializado activado
anteriorMelodia,Secuencia musical previa
modoNormal,Configuración normal aplicada
siguienteMelodia,Reproducción continua siguiente
modoSuper,Modo super operativo
modoSuper,Modo super habilitado
modoNormal,Contexto base reactivado
siguienteMelodia,Melodía adelantada confirmada
siguienteMelodia,Canción siguiente ejecutada
modoNormal,Operación estándar reestablecida
siguienteMelodia,Sonido avanzado en lista
modoNormal,Nivel normal activado
modoNormal,Modo normal seguro
apagarLuces,Iluminacion detenida
encenderLuces,Encendido de luz ejecutado
siguienteMelodia,Avance de playlist
modoSuper,Funciones mejoradas encendidas
anteriorMelodia,Volviendo al tema previo
encenderLuces,Puntos de luz activados
apagarLuces,Desactivando puntos de luz
anteriorMelodia,Volviendo una melodia atras
anteriorMelodia,Pista anterior seleccionada
encenderLuces,Iluminacion del hogar lista
modoSuper,Maximizando niveles operativos
encenderLuces,Ambiente correctamente iluminado
modoNormal,Frecuencia estándar habilitada
siguienteMelodia,Operación siguiente melodia
modoSuper,Protección reforzada activa
abrirPuerta,Puerta principal abriendo
anteriorMelodia,Reproduccion retrocedida
modoSuper,Activación avanzada iniciada
modoNormal,Parámetros normales aplicados
abrirPuerta,Destraba de puerta ejecutada
encenderLuces,Ambiente iluminado
modoSuper,Habilitando funciones super
encenderLuces,Luces operativas
modoSuper,Potencia del sistema incrementada
modoSuper,Seguridad al máximo nivel
abrirPuerta,Sistema liberando puerta
modoNormal,Modo regular activado
abrirPuerta,Ejecutando apertura principal
siguienteMelodia,Pista inmediata siguiente activada
encenderLuces,Sistema luminoso encendido
encenderLuces,Focos encendidos
encenderLuces,Luz automatizada encendida
modoNormal,Modo de funcionamiento tradicional
modoNormal,Modo normal activado
apagarLuces,Desconectando iluminacion interna
apagarLuces,Iluminacion detenida
modoNormal,Retorno completo al modo normal
modoNormal,Restaurando modo normal
siguienteMelodia,Progreso musical hacia adelante
modoSuper,Modo super sosteniéndose
apagarLuces,Sistema de luz deshabilitado
anteriorMelodia,Retorno a melodia previa
anteriorMelodia,Pista anterior seleccionada
modoSuper,Seguridad elevada activada
apagarLuces,Luz apagada en el hogar
abrirPuerta,Liberando puerta principal
abrirPuerta,Apertura automática en progreso
modoSuper,Modo super sosteniéndose
abrirPuerta,Abriendo puerta principal
anteriorMelodia,Regresando en lista musical
anteriorMelodia,Tema anterior confirmado
modoNormal,Volviendo a parámetros normales
abrirPuerta,Acceso recibiendo orden de apertura
siguienteMelodia,Activación de pista siguiente
anteriorMelodia,Retroceso confirmado
abrirPuerta,Puerta despejando acceso
modoSuper,Reforzando capacidad del sistema
siguienteMelodia,Saltando a pista siguiente
modoNormal,Desactivando modo super
abrirPuerta,Sistema activando apertura
modoSuper,Sistema asegurado en super
siguienteMelodia,Canción desplazada hacia adelante
modoSuper,Modo super sosteniéndose
apagarLuces,Reduccion luminosa ejecutada
abrirPuerta,Puerta despejando acceso
siguienteMelodia,Activación de pista siguiente
siguienteMelodia,Canción siguiente ejecutada
apagarLuces,Luces interiores desactivadas
modoNormal,Contexto base reactivado
abrirPuerta,Puerta principal liberándose
encenderLuces,Luz principal iniciada
apagarLuces,Zona sin iluminacion
siguienteMelodia,Entrada a melodia siguiente
modoSuper,Modo super procesado
modoSuper,Activando modo super
modoNormal,Operación sin modo super
siguienteMelodia,Cambiando a la siguiente pista
siguienteMelodia,Ejecutando melodia siguiente
apagarLuces,Reduccion de iluminacion
siguienteMelodia,Pista inmediata siguiente activada
modoSuper,Sistema elevado a modo super
modoSuper,Protección reforzada activa
abrirPuerta,Liberando puerta principal
anteriorMelodia,Melodia desplazada hacia atras
abrirPuerta,Proceso de apertura en curso
anteriorMelodia,Pista previa confirmada
modoSuper,Optimizando recursos en super
modoNormal,Modo normal activado
siguienteMelodia,Ejecutando melodia siguiente
siguienteMelodia,Navegación musical siguiente
modoSuper,Estado de máximo rendimiento
abrirPuerta,Apertura de puerta en proceso
abrirPuerta,Acceso automatizado activado
siguienteMelodia,Ejecutando melodia siguiente
anteriorMelodia,Melodia retrocedida correctamente
modoSuper,Modo super establecido
apagarLuces,Reduccion luminosa ejecutada
apagarLuces,Focos apagados
anteriorMelodia,Retroceso musical activado
modoSuper,Protección reforzada activa
apagarLuces,Control de luz desactivado
encenderLuces,Luces encendidas correctamente
encenderLuces,Puntos de iluminacion activos
apagarLuces,Iluminacion minimizada
siguienteMelodia,Entrada a melodia siguiente
modoSuper,Protección reforzada activa
abrirPuerta,Acceso principal en movimiento
siguienteMelodia,Lista avanzando
modoNormal,Control básico restaurado
modoSuper,Seguridad maximizada
siguienteMelodia,Lista musical moviéndose adelante
apagarLuces,Reduccion luminosa ejecutada
modoNormal,Config estándar confirmada
modoSuper,Sistema en estado intensivo
modoNormal,Operación común activada
modoSuper,Control avanzado reforzado
modoSuper,Estado funcional elevado
apagarLuces,Luces apagadas correctamente
modoNormal,Modo normal establecido
abrirPuerta,Acceso automatizado activado
abrirPuerta,Desbloqueo y apertura iniciados
siguienteMelodia,Continuación musical habilitada
encenderLuces,Inicializando encendido de luces
anteriorMelodia,Pista previa habilitada
abrirPuerta,Abriendo puerta principal
abrirPuerta,Abriendo puerta principal
encenderLuces,Encendiendo luces del hogar
modoSuper,Optimizando recursos en super
encenderLuces,Focos encendidos
abrirPuerta,Realizando apertura de puerta
apagarLuces,Zona sin iluminacion
encenderLuces,Activando sistema de luces
encenderLuces,Iluminacion activada
encenderLuces,Encendiendo luces disponibles
apagarLuces,Luz interior apagada
encenderLuces,Sistema iluminando interiores
abrirPuerta,Accediendo apertura del sistema
anteriorMelodia,Melodia previa recuperada
encenderLuces,Puntos de iluminacion activos
apagarLuces,Apagado completado
siguienteMelodia,Modo secuencia siguiente
modoNormal,Modo de funcionamiento tradicional
encenderLuces,Inicio de proceso de iluminacion
modoSuper,Control reforzado habilitado
anteriorMelodia,Reproduciendo melodia anterior
modoSuper,Modo inteligente super activado
encenderLuces,Encendiendo iluminacion interior
anteriorMelodia,Secuencia regresiva habilitada
modoSuper,Operación super estable
modoNormal,Parámetros normales aplicados
siguienteMelodia,Secuencia musical siguiente
modoSuper,Sistema en estado intensivo
siguienteMelodia,Reproducción musical progresiva
modoNormal,Sistema fuera de modo super
apagarLuces,Zona sin iluminacion
siguienteMelodia,Modo secuencia siguiente
anteriorMelodia,Secuencia musical previa
siguienteMelodia,Siguiente selección musical ejecutada
siguienteMelodia,Reproducción secuencial siguiente
modoSuper,Operación super establecida
modoNormal,Operación común activada
encenderLuces,Iluminacion base encendida
modoSuper,Modo super establecido
encenderLuces,Luces activadas satisfactoriamente
encenderLuces,Modo luz encendido
abrirPuerta,Puerta respondiendo apertura
anteriorMelodia,Retorno a melodia previa
modoNormal,Volviendo a parámetros normales
modoNormal,Modo normal seguro
modoNormal,Sistema reintegrado a normalidad
modoSuper,Ejecución de modo super iniciada
modoSuper,Habilitando funciones super
encenderLuces,Iluminacion interior lista
modoSuper,Modo de seguridad reforzado
apagarLuces,Apagando iluminacion interior
encenderLuces,Intensidad luminosa activada
apagarLuces,Reduccion de iluminacion
siguienteMelodia,Sonido avanzado en lista
anteriorMelodia,Regresando a la melodia previa
siguienteMelodia,Melodia siguiente en reproducción
modoSuper,Protección total habilitada
anteriorMelodia,Secuencia regresiva habilitada
encenderLuces,Ambiente iluminado
encenderLuces,Inicializando encendido de luces
anteriorMelodia,Reproduciendo melodia anterior
siguienteMelodia,Activación de pista siguiente
siguienteMelodia,Canción siguiente ejecutada
siguienteMelodia,Lista avanzando
anteriorMelodia,Retroceso confirmado
abrirPuerta,Apertura remota activada
modoSuper,Operación super estable
apagarLuces,Apagando luces del hogar
modoNormal,Restituyendo ajustes originales
apagarLuces,Cerrando sistema de luces
apagarLuces,Ambiente apagado
anteriorMelodia,Retroceso musical activado
abrirPuerta,Puerta principal liberándose
encenderLuces,Encendiendo luces del hogar
encenderLuces,Intensidad luminosa activada
siguienteMelodia,Reproduciendo siguiente melodia
modoNormal,Modo estable activado
apagarLuces,Apagando zonas interiores
siguienteMelodia,Avance de lista musical
apagarLuces,Reduccion luminosa ejecutada
apagarLuces,Apagando luces del hogar
encenderLuces,Activando brillo interior
abrirPuerta,Abriendo puerta principal
encenderLuces,Encendido general listo
apagarLuces,Apagado interno listo
anteriorMelodia,Melodia previa en reproduccion
apagarLuces,Iluminacion detenida
encenderLuces,Activando sistema de luces
abrirPuerta,Puerta desbloqueándose
abrirPuerta,Puerta desplazándose hacia apertura
abrirPuerta,Acceso en secuencia de apertura
anteriorMelodia,Reproduccion anterior establecida
modoSuper,Modo super atendido
modoSuper,Operación ampliada iniciada
encenderLuces,Intensidad luminosa activada
modoNormal,Operación sin modo super
siguienteMelodia,Canción desplazada hacia adelante
modoNormal,Norma operativa establecida
anteriorMelodia,Reproduccion anterior establecida
modoSuper,Ejecución de seguridad avanzada
modoSuper,Reforzando operación general
modoNormal,Estabilidad normal restaurada
encenderLuces,Hogar iluminado
encenderLuces,Iluminacion general encendida
modoSuper,Activación avanzada iniciada
encenderLuces,Luz encendida en la vivienda
apagarLuces,Retiro de luz completado
siguienteMelodia,Activando melodia sucesora
siguienteMelodia,Reproducción musical progresiva
siguienteMelodia,Operación siguiente melodia
modoSuper,Modo protector elevado
modoSuper,Potenciación del sistema iniciada
apagarLuces,Reduccion luminosa ejecutada
apagarLuces,Iluminacion desactivada
modoNormal,Estado habitual restablecido
modoNormal,Desactivando modo super
apagarLuces,Sistema en modo sin luz
abrirPuerta,Ejecutando apertura principal
abrirPuerta,Apertura del acceso confirmada
siguienteMelodia,Reproducción mejorada adelante
modoNormal,Patrón operativo normal
modoSuper,Modo super completamente activo
apagarLuces,Modo oscuro activado
siguienteMelodia,Avance musical iniciado
modoSuper,Entrando en estado super
modoNormal,Frecuencia normal en proceso
encenderLuces,Encendido de luz interior
siguienteMelodia,Desplazando a canción siguiente
anteriorMelodia,Secuencia regresiva habilitada
siguienteMelodia,Sonido siguiente habilitado
apagarLuces,Detencion de iluminacion
abrirPuerta,Puerta despejando acceso
anteriorMelodia,Tema en retroceso
abrirPuerta,Puerta desbloqueándose
modoSuper,Modo super establecido
encenderLuces,Luces habilitadas
encenderLuces,Inicializando encendido de luces
siguienteMelodia,Secuencia a tema posterior
siguienteMelodia,Progreso musical hacia adelante
siguienteMelodia,Saltando a pista siguiente
siguienteMelodia,Reemplazando melodia por siguiente
siguienteMelodia,Reproduciendo siguiente melodia
anteriorMelodia,Cambio a melodia anterior
modoSuper,Funciones mejoradas encendidas
modoNormal,Restituyendo ajustes originales
abrirPuerta,Sistema activando apertura
modoSuper,Modo super atendido
abrirPuerta,Sistema del acceso activado
modoNormal,Sistema en estado regular
apagarLuces,Luces totalmente desactivadas
abrirPuerta,Puerta principal abriendo
modoNormal,Revirtiendo a configuración base
apagarLuces,Ambiente sin iluminacion
modoSuper,Estado super alcanzado
modoNormal,Modo normal asegurado
apagarLuces,Apagando luces del hogar
anteriorMelodia,Pista previa habilitada
anteriorMelodia,Cancion anterior reproducida
modoSuper,Protección reforzada activa
siguienteMelodia,Navegación musical siguiente
anteriorMelodia,Cancion previa habilitada
anteriorMelodia,Cancion anterior reproducida
apagarLuces,Luces cortadas
modoSuper,Activación máxima ejecutada
apagarLuces,Sistema finalizando luz
abrirPuerta,Puerta habilitada para abrir
modoNormal,Norma operativa establecida
modoSuper,Protección total habilitada
abrirPuerta,Mecanismo principal aperturándose
modoNormal,Estabilidad normal restaurada
siguienteMelodia,Entrada a melodia siguiente
siguienteMelodia,Reproducción continua siguiente
siguienteMelodia,Reproducción adelantada
encenderLuces,Luces habilitadas por sistema
modoSuper,Operación ampliada iniciada
encenderLuces,Activacion de iluminacion completada
siguienteMelodia,Progreso musical hacia adelante
modoNormal,Modo ordinario habilitado
anteriorMelodia,Secuencia musical previa
modoNormal,Modo de funcionamiento tradicional
modoSuper,Modo super establecido
modoSuper,Estado de máximo rendimiento
abrirPuerta,Puerta principal liberándose
modoNormal,Desactivando modo super
anteriorMelodia,Regresando al sonido previo
siguienteMelodia,Avance musical iniciado
modoSuper,Modo super establecido
abrirPuerta,Puerta lista en modo apertura
apagarLuces,Oscureciendo ambiente
encenderLuces,Activando brillo interior
siguienteMelodia,Orden de canción siguiente
abrirPuerta,Puerta principal abriendo
anteriorMelodia,Tema en retroceso
anteriorMelodia,Transicion a pista anterior
apagarLuces,Desactivacion luminosa ejecutada
encenderLuces,Iluminando area del hogar
apagarLuces,Corte de luz interno
siguienteMelodia,Entrada a melodia siguiente
apagarLuces,Apagando luces disponibles
encenderLuces,Activando brillo interior
apagarLuces,Desactivacion luminosa ejecutada
abrirPuerta,Sistema del acceso activado
siguienteMelodia,Activación de pista siguiente
siguienteMelodia,Pista desplazada hacia adelante
modoNormal,Sistema retornando a valores base
siguienteMelodia,Melodía adelantada confirmada
encenderLuces,Iluminacion activada
encenderLuces,Sistema en modo iluminado
modoSuper,Potenciación del sistema iniciada
siguienteMelodia,Canción desplazada hacia adelante
encenderLuces,Ambiente correctamente iluminado
anteriorMelodia,Pista anterior ejecutada
abrirPuerta,Secuencia de apertura activada
siguienteMelodia,Lista avanzando
anteriorMelodia,Retorno musical habilitado
encenderLuces,Luz automatizada encendida
apagarLuces,Cierre de sistema luminoso
encenderLuces,Encendido de luz interior
encenderLuces,Modo luz encendido
encenderLuces,Encendiendo zona iluminada
apagarLuces,Reduccion de iluminacion
encenderLuces,Iluminacion general encendida
abrirPuerta,Ejecutando apertura automatizada
modoSuper,Operación super estable
modoNormal,Estabilidad de régimen recuperada
encenderLuces,Encendiendo luces externas
apagarLuces,Ambiente apagado
encenderLuces,Encendiendo zona iluminada
encenderLuces,Iluminacion del entorno activa
siguienteMelodia,Entrada a melodia siguiente
anteriorMelodia,Musica anterior procesada
encenderLuces,Encendido de luz interior
encenderLuces,Ambiente correctamente iluminado
apagarLuces,Iluminacion detenida
anteriorMelodia,Seleccionando melodia anterior
modoNormal,Restauración del sistema realizada
anteriorMelodia,Retroceso musical activado
modoSuper,Modo super procesado
anteriorMelodia,Melodia retrocedida correctamente
anteriorMelodia,Entrada a melodia anterior
modoNormal,Modo normal establecido
modoSuper,Potenciación del sistema iniciada
abrirPuerta,Apertura automática iniciada
apagarLuces,Oscureciendo ambiente
modoSuper,Modo protector elevado
encenderLuces,Sistema de luz activo
siguienteMelodia,Avance de lista musical
modoSuper,Modo avanzado habilitado
modoNormal,Sistema reintegrado a normalidad
siguienteMelodia,Avance de lista musical
siguienteMelodia,Pasando a la próxima canción
apagarLuces,Iniciando apagado de luces
apagarLuces,Zona sin iluminacion
siguienteMelodia,Orden de canción siguiente
encenderLuces,Activando puntos luminosos
modoSuper,Potencia aumentada en sistema
modoNormal,Flujo normal operativo
siguienteMelodia,Movimiento a pista consecutiva
anteriorMelodia,Lista regresando atras
apagarLuces,Desconectando iluminacion interna
abrirPuerta,Apertura sin obstrucciones en curso
encenderLuces,Activando brillo interior
siguienteMelodia,Movimiento a pista consecutiva
apagarLuces,Finalizando proceso de apagado
modoSuper,Modo superior en proceso
siguienteMelodia,Avanzando melodia
apagarLuces,Desactivando iluminacion general
siguienteMelodia,Rotación musical adelante
encenderLuces,Luz principal habilitada
abrirPuerta,Acceso principal en ejecución
apagarLuces,Apagando iluminacion interior
abrirPuerta,Puerta deslizándose
siguienteMelodia,Posición musical siguiente
modoNormal,Estabilidad normal restaurada
anteriorMelodia,Reproduccion anterior establecida
abrirPuerta,Acceso recibiendo orden de apertura
apagarLuces,Apagado del ambiente
siguienteMelodia,Pista desplazada hacia adelante
anteriorMelodia,Tema anterior en ejecucion
abrirPuerta,Puerta principal liberándose
modoNormal,Restauración del sistema realizada
apagarLuces,Finalizacion de iluminacion
apagarLuces,Luz desconectada del sistema
anteriorMelodia,Retrocediendo a pista anterior
siguienteMelodia,Modo secuencia siguiente
anteriorMelodia,Entrada a melodia anterior
modoSuper,Modo super atendido
apagarLuces,Desconectando iluminacion interna
apagarLuces,Zona sin iluminacion
modoNormal,Modo normal activado
abrirPuerta,Puerta deslizándose
abrirPuerta,Sistema ejecutando apertura remota
anteriorMelodia,Moviendo a melodia anterior
apagarLuces,Ambiente en modo oscuro
modoSuper,Modo super habilitado
abrirPuerta,Acceso principal en apertura
apagarLuces,Iluminacion retirada
abrirPuerta,Acceso principal en apertura
modoNormal,Sistema estabilizado
siguienteMelodia,Lista avanzando
abrirPuerta,Ejecutando apertura automatizada
encenderLuces,Ambiente iluminado
siguienteMelodia,Pista avanzada habilitada
siguienteMelodia,Avance musical iniciado
abrirPuerta,Acceso en secuencia de apertura
modoSuper,Rendimiento super iniciado
encenderLuces,Activando brillo interior
anteriorMelodia,Tema previo en curso
apagarLuces,Cierre de sistema luminoso
siguienteMelodia,Cambio de canción adelante
encenderLuces,Luz accesible encendida
modoNormal,Modo normal confirmado
abrirPuerta,Liberación de puerta ejecutada
siguienteMelodia,Pista avanzada habilitada
abrirPuerta,Apertura automática en progreso
abrirPuerta,Liberación de puerta ejecutada
modoSuper,Operación super estable
modoSuper,Seguridad elevada activada
abrirPuerta,Apertura del acceso confirmada
modoSuper,Protección reforzada activa
anteriorMelodia,Reproduccion retrocedida
modoSuper,Procesamiento super activo
modoNormal,Modo básico activo
anteriorMelodia,Reinicio de melodia previa
abrirPuerta,Mecanismo de apertura activo
modoSuper,Funciones mejoradas encendidas
siguienteMelodia,Pista desplazada hacia adelante
modoNormal,Norma operativa establecida
siguienteMelodia,Movimiento a pista consecutiva
anteriorMelodia,Pista anterior activada
siguienteMelodia,Reproducción musical progresiva
abrirPuerta,Acceso principal en movimiento
anteriorMelodia,Pista anterior activada
siguienteMelodia,Pasando a la próxima canción
siguienteMelodia,Canción desplazada hacia adelante
apagarLuces,Ambiente en modo oscuro
apagarLuces,Cierre de sistema luminoso
anteriorMelodia,Melodia previa en reproduccion
abrirPuerta,Apertura del hogar habilitada
abrirPuerta,Puerta en transición de apertura
apagarLuces,Luces cortadas
siguienteMelodia,Reproducción continua siguiente
abrirPuerta,Ejecutando apertura automatizada
siguienteMelodia,Avanzando melodia
modoNormal,Modo normal activado
modoSuper,Protección total habilitada
encenderLuces,Activando sistema de luces
siguienteMelodia,Ejecutando tema siguiente
apagarLuces,Finalizando proceso de apagado
modoSuper,Seguridad maximizada
modoNormal,Modo natural activo
abrirPuerta,Acceso principal en ejecución
encenderLuces,Control de luz activado
encenderLuces,Iluminacion del entorno activa
anteriorMelodia,Retorno a melodia previa
modoSuper,Modo avanzado habilitado
siguienteMelodia,Pista avanzada habilitada
encenderLuces,Intensidad luminosa configurada
modoSuper,Potencia del sistema incrementada
modoSuper,Control reforzado habilitado
apagarLuces,Iluminacion minimizada
modoSuper,Seguridad al máximo nivel
modoNormal,Revirtiendo a configuración base
anteriorMelodia,Cambio a melodia anterior
apagarLuces,Desactivando puntos de luz
modoNormal,Modo cotidiano activado
modoSuper,Operación super establecida
modoSuper,Protección reforzada activa
siguienteMelodia,Reproducción mejorada adelante
encenderLuces,Ambiente iluminado
encenderLuces,Luces principales encendidas
anteriorMelodia,Reactivando pista anterior
apagarLuces,Ambiente sin iluminacion
modoNormal,Modo estándar restablecido
anteriorMelodia,Pista anterior activada
modoSuper,Activación máxima ejecutada
apagarLuces,Luz cancelada correctamente
siguienteMelodia,Reproducción de próxima pista
siguienteMelodia,Navegación musical siguiente
apagarLuces,Deshabilitando sistema de luces
apagarLuces,Ambiente sin iluminacion
anteriorMelodia,Reinicio de melodia previa
anteriorMelodia,Reinicio de melodia previa
anteriorMelodia,Regresando pista musical
modoSuper,Modo superior en proceso
apagarLuces,Reduccion luminosa ejecutada
encenderLuces,Iluminacion general encendida
siguienteMelodia,Activando melodia sucesora
modoSuper,Estado de máximo rendimiento
anteriorMelodia,Melodia previa recuperada
siguienteMelodia,Reproduciendo siguiente melodia
modoSuper,Estado funcional elevado
abrirPuerta,Sistema activando apertura
modoNormal,Config estándar confirmada
anteriorMelodia,Regresando en lista musical
abrirPuerta,Liberación y apertura de puerta
modoSuper,Habilitando funciones super
siguienteMelodia,Reproducción de próxima pista
siguienteMelodia,Operación siguiente melodia
abrirPuerta,Puerta respondiendo al comando
apagarLuces,Zona sin iluminacion
modoSuper,Modo super en funcionamiento
abrirPuerta,Puerta respondiendo al comando
apagarLuces,Cerrando sistema de luces
anteriorMelodia,Pista previa confirmada
modoSuper,Modo super confirmado
modoSuper,Modo avanzado habilitado
modoNormal,Modo natural activo
siguienteMelodia,Posición musical siguiente
encenderLuces,Iluminacion interior lista
encenderLuces,Luz principal habilitada
encenderLuces,Luces activadas satisfactoriamente
anteriorMelodia,Regresando al sonido previo
apagarLuces,Luz deshabilitada correctamente
anteriorMelodia,Retroceso musical activado
siguienteMelodia,Siguiente selección musical ejecutada
apagarLuces,Iluminacion detenida
encenderLuces,Encendiendo luces externas
modoNormal,Modo básico activo
encenderLuces,Encendiendo ambiente
apagarLuces,Iluminacion deshabilitada
modoNormal,Frecuencia estándar habilitada
modoSuper,Control reforzado habilitado
apagarLuces,Finalizando proceso de apagado
abrirPuerta,Puerta respondiendo apertura
modoSuper,Entrando en estado super
siguienteMelodia,Control de avance musical
modoSuper,Modo avanzado habilitado
modoNormal,Estado habitual restablecido
encenderLuces,Luces operativas
encenderLuces,Iluminacion del hogar lista
anteriorMelodia,Volviendo a la pista inicial
encenderLuces,Encendido de luz interior
anteriorMelodia,Reproduccion retrocedida
anteriorMelodia,Melodia previa recuperada
siguienteMelodia,Secuencia a tema posterior
modoNormal,Sistema fuera de modo super
siguienteMelodia,Reproducción secuencial siguiente
modoSuper,Ejecución de seguridad avanzada
modoSuper,Seguridad elevada activada
siguienteMelodia,Pista avanzada habilitada
siguienteMelodia,Pasando a la próxima canción
modoSuper,Modo super atendido
anteriorMelodia,Tema anterior confirmado
encenderLuces,Encendiendo iluminacion interior
abrirPuerta,Acceso recibiendo orden de apertura
modoNormal,Patrón operativo normal
siguienteMelodia,Avance de lista musical
siguienteMelodia,Control de avance musical
modoNormal,Estabilidad normal restaurada
anteriorMelodia,Transicion a pista anterior
modoNormal,Modo normal establecido
abrirPuerta,Apertura automática en progreso
anteriorMelodia,Secuencia regresiva habilitada
apagarLuces,Luces principales apagadas
apagarLuces,Apagando luces del hogar
siguienteMelodia,Siguiente selección musical ejecutada
abrirPuerta,Sistema ejecutando apertura remota
modoNormal,Control básico restaurado
encenderLuces,Puntos de luz activados
encenderLuces,Inicio de iluminacion estable
abrirPuerta,Sistema ejecutando apertura remota
anteriorMelodia,Volviendo a la pista inicial
abrirPuerta,Comenzando apertura de puerta
modoSuper,Sistema entrando en modo super
siguienteMelodia,Reproduciendo siguiente melodia
apagarLuces,Detencion de iluminacion
siguienteMelodia,Pista inmediata siguiente activada
encenderLuces,Puntos de luz activados
modoSuper,Optimizando recursos en super
modoNormal,Modo básico activo
encenderLuces,Iluminacion domestica lista
modoSuper,Modo super procesado
encenderLuces,Focos encendidos
apagarLuces,Luz apagada en el hogar
anteriorMelodia,Retroceso de playlist
anteriorMelodia,Secuencia regresiva habilitada
modoNormal,Modo regular activado
modoNormal,Restauración del estado inicial
siguienteMelodia,Saltando a pista siguiente
modoNormal,Modo regular activado
abrirPuerta,Acceso principal en apertura
abrirPuerta,Activando apertura principal
modoSuper,Sistema asegurado en super
modoNormal,Retorno completo al modo normal
anteriorMelodia,Retroceso musical activado
encenderLuces,Encendiendo luces disponibles
apagarLuces,Sistema finalizando luz
apagarLuces,Iniciando apagado de luces
siguienteMelodia,Melodía adelantada confirmada
siguienteMelodia,Pasando a la próxima canción
modoNormal,Sistema en estado regular
anteriorMelodia,Volviendo a la pista inicial
anteriorMelodia,Reproduccion retrocedida
modoSuper,Protección reforzada activa
siguienteMelodia,Pista inmediata siguiente activada
modoNormal,Operación normal retomada
abrirPuerta,Liberación de puerta ejecutada
encenderLuces,Iluminacion interior lista
encenderLuces,Luz principal habilitada
abrirPuerta,Sistema activando apertura
abrirPuerta,Iniciando apertura del acceso
modoSuper,Potencia del sistema incrementada
modoSuper,Modo protector elevado
encenderLuces,Activando luces internas
apagarLuces,Sistema en modo sin luz
abrirPuerta,Sistema ejecutando apertura remota
modoSuper,Potenciación del sistema iniciada
modoSuper,Modo super habilitado
siguienteMelodia,Lista avanzando
abrirPuerta,Puerta avanzando a apertura
modoSuper,Operación ampliada iniciada
abrirPuerta,Acceso siendo liberado
siguienteMelodia,Pista activa siguiente
anteriorMelodia,Lista alterada hacia atras
abrirPuerta,Mecanismo principal aperturándose
modoNormal,Sistema regresando a normalidad
anteriorMelodia,Seleccionando melodia anterior
apagarLuces,Sistema de luz deshabilitado
modoNormal,Operación común activada
modoSuper,Control reforzado habilitado
modoSuper,Activación máxima ejecutada
encenderLuces,Inicializando encendido de luces
abrirPuerta,Apertura remota activada
apagarLuces,Finalizando proceso de apagado
encenderLuces,Iluminando area del hogar
abrirPuerta,Liberación y apertura de puerta
encenderLuces,Encendiendo ambiente
modoNormal,Sistema retornando a valores base
modoSuper,Estado funcional elevado
anteriorMelodia,Lista alterada hacia atras
siguienteMelodia,Activación de pista siguiente
abrirPuerta,Desbloqueo inicial de la puerta
modoSuper,Ejecución de modo super iniciada
abrirPuerta,Acceso principal en apertura
siguienteMelodia,Melodia siguiente en reproducción
encenderLuces,Encendiendo iluminacion interior
abrirPuerta,Puerta respondiendo apertura
anteriorMelodia,Cancion previa habilitada
modoSuper,Reforzando capacidad del sistema
siguienteMelodia,Continuación musical habilitada
abrirPuerta,Activando apertura principal
encenderLuces,Activando brillo interior
abrirPuerta,Puerta habilitada para abrir
modoSuper,Sistema en estado intensivo
encenderLuces,Activacion luminosa procesada
anteriorMelodia,Retrocediendo a pista anterior
modoSuper,Modo extremo habilitado
siguienteMelodia,Secuencia musical siguiente
siguienteMelodia,Rotación musical adelante
abrirPuerta,Acceso en secuencia de apertura
anteriorMelodia,Secuencia musical previa
modoSuper,Modo super establecido
anteriorMelodia,Regresando en lista musical
abrirPuerta,Apertura remota activada
siguienteMelodia,Musica adelantada
encenderLuces,Luces activadas satisfactoriamente
modoNormal,Modo usual recuperado
siguienteMelodia,Reproducción adelantada
modoSuper,Operación super estable
anteriorMelodia,Melodia desplazada hacia atras
modoSuper,Seguridad maximizada
abrirPuerta,Puerta iniciando transición
apagarLuces,Luces apagadas correctamente
modoSuper,Estado super alcanzado
modoNormal,Config estándar confirmada
modoSuper,Potencia del sistema incrementada
anteriorMelodia,Tema anterior confirmado
encenderLuces,Puntos de luz activados
anteriorMelodia,Reproduccion retrocedida
modoNormal,Desactivando modo super
anteriorMelodia,Reproduccion regresiva
modoSuper,Rendimiento super iniciado
siguienteMelodia,Avance musical iniciado
modoNormal,Modo usual recuperado
anteriorMelodia,Retroceso confirmado
anteriorMelodia,Pista anterior seleccionada
modoSuper,Protección total habilitada
modoNormal,Sistema estabilizado
encenderLuces,Sistema en modo iluminado
abrirPuerta,Accediendo apertura del sistema
encenderLuces,Puntos de luz activados
anteriorMelodia,Melodia previa recuperada
encenderLuces,Iluminacion del entorno activa
modoSuper,Modo protector elevado
modoSuper,Operación super estable
apagarLuces,Iluminacion detenida
siguienteMelodia,Activando melodia sucesora
anteriorMelodia,Retrocediendo a pista anterior
modoNormal,Modo regular activado
modoSuper,Rendimiento super iniciado
abrirPuerta,Ejecutando apertura automatizada
modoNormal,Volviendo a parámetros normales
modoNormal,Sistema en régimen estándar
modoNormal,Patrón operativo normal
modoNormal,Restituyendo ajustes originales
modoSuper,Funciones mejoradas encendidas
siguienteMelodia,Secuencia musical siguiente
apagarLuces,Corte de luz interno
encenderLuces,Luz encendida en la vivienda
modoNormal,Modo normal en funcionamiento
apagarLuces,Luz cancelada correctamente
siguienteMelodia,Pista inmediata siguiente activada
modoNormal,Modo regular activado
modoSuper,Funciones super implementadas
abrirPuerta,Puerta iniciando transición
siguienteMelodia,Avance de playlist
siguienteMelodia,Reproducción de próxima pista
abrirPuerta,Liberación de puerta ejecutada
modoNormal,Modo estándar restablecido
anteriorMelodia,Reproduccion retrocedida
modoSuper,Modo super completamente activo
modoSuper,Operación super establecida
apagarLuces,Reduccion de iluminacion
modoNormal,Config estándar confirmada
abrirPuerta,Puerta lista en modo apertura
encenderLuces,Activando sistema de luces
modoNormal,Sistema reintegrado a normalidad
abrirPuerta,Acceso principal en movimiento
modoNormal,Modo de funcionamiento tradicional
modoSuper,Modo super en funcionamiento
encenderLuces,Encendido de luz interior
anteriorMelodia,Melodia desplazada hacia atras
modoSuper,Protección total habilitada
anteriorMelodia,Secuencia regresiva habilitada
encenderLuces,Encendido de luz ejecutado
modoNormal,Sistema reintegrado a normalidad
modoNormal,Modo básico activo
encenderLuces,Encendido de luz interior
siguienteMelodia,Avance de lista musical
apagarLuces,Cese completo de luz
abrirPuerta,Puerta respondiendo al comando
modoNormal,Volviendo al estado original
encenderLuces,Activando luces internas
modoNormal,Sistema fuera de modo super
encenderLuces,Inicio de iluminacion estable
modoSuper,Maximizando niveles operativos
siguienteMelodia,Activando pista posterior
modoNormal,Sistema retornando a valores base
siguienteMelodia,Avance de lista musical
abrirPuerta,Liberación y apertura de puerta
apagarLuces,Reduccion luminosa ejecutada
modoSuper,Modo super atendido
anteriorMelodia,Melodia retrocedida correctamente
modoNormal,Normalidad recuperada
modoSuper,Modo super habilitado
anteriorMelodia,Melodia desplazada hacia atras
apagarLuces,Apagando luces del hogar
modoSuper,Modo protector elevado
encenderLuces,Inicio de proceso de iluminacion
modoNormal,Operación normal retomada
siguienteMelodia,Melodía adelantada confirmada
modoNormal,Sistema estabilizado
modoSuper,Sistema asegurado en super
apagarLuces,Corte de luz interno
abrirPuerta,Acceso principal en movimiento
modoSuper,Estado super alcanzado
apagarLuces,Luz desconectada del sistema
siguienteMelodia,Pista avanzada habilitada
apagarLuces,Finalizando proceso de apagado
abrirPuerta,Puerta avanzando a apertura
modoSuper,Protección reforzada activa
encenderLuces,Luces operativas
apagarLuces,Luz cancelada correctamente
modoNormal,Modo cotidiano activado
modoSuper,Funciones mejoradas encendidas
siguienteMelodia,Reproducción musical progresiva
abrirPuerta,Abriendo puerta principal
abrirPuerta,Acceso recibiendo orden de apertura
encenderLuces,Control de luz activado
modoNormal,Restauración del sistema realizada
anteriorMelodia,Retroceso musical activado
modoNormal,Modo normal asegurado
encenderLuces,Encendido de luz ejecutado
apagarLuces,Apagando zonas interiores
encenderLuces,Encendiendo luces disponibles
apagarLuces,Ambiente apagado
modoNormal,Volviendo a circulación normal
siguienteMelodia,Lista avanzando
encenderLuces,Luz interior activada
anteriorMelodia,Musica regresada
encenderLuces,Luz en funcionamiento
abrirPuerta,Apertura automática en progreso
encenderLuces,Inicio de proceso de iluminacion
modoNormal,Estado habitual restablecido
modoSuper,Modo super habilitado
anteriorMelodia,Melodia desplazada hacia atras
encenderLuces,Modo luz encendido
siguienteMelodia,Melodía entrante activada
anteriorMelodia,Regresando al sonido previo
siguienteMelodia,Entrada a melodia siguiente
modoNormal,Sistema retornando a valores base
apagarLuces,Desactivando iluminacion general
apagarLuces,Sistema de luz deshabilitado
siguienteMelodia,Ejecutando melodia siguiente
encenderLuces,Iluminacion del entorno activa
siguienteMelodia,Tema posterior en curso
modoNormal,Modo natural activo
modoNormal,Contexto base reactivado
siguienteMelodia,Pista inmediata siguiente activada
siguienteMelodia,Secuencia a tema posterior
modoSuper,Modo super operativo
abrirPuerta,Liberación de puerta ejecutada
apagarLuces,Iluminacion totalmente detenida
modoNormal,Modo normal asegurado
anteriorMelodia,Melodia desplazada hacia atras
anteriorMelodia,Volviendo a la pista inicial
apagarLuces,Apagado del ambiente
siguienteMelodia,Activando melodia sucesora
modoSuper,Potencia aumentada en sistema
anteriorMelodia,Cancion anterior reproducida
siguienteMelodia,Lista musical moviéndose adelante
siguienteMelodia,Reproducción mejorada adelante
modoSuper,Maximizando niveles operativos
apagarLuces,Cese completo de luz
siguienteMelodia,Reproducción de próxima pista
apagarLuces,Iluminacion totalmente detenida
modoSuper,Protección total habilitada
modoSuper,Seguridad elevada activada
anteriorMelodia,Tema previo en curso
modoSuper,Funcionamiento avanzado activado
abrirPuerta,Acceso aperturándose
apagarLuces,Desactivacion luminosa ejecutada
siguienteMelodia,Pista activa siguiente
apagarLuces,Iluminacion retirada
encenderLuces,Encendido de ambiente interno
apagarLuces,Ambiente en modo oscuro
encenderLuces,Luces operativas
siguienteMelodia,Ejecutando melodia siguiente
apagarLuces,Sistema de luz deshabilitado
modoNormal,Operación sin modo super
siguienteMelodia,Reproducción adelantada
apagarLuces,Reduccion de iluminacion
encenderLuces,Luces encendidas correctamente
encenderLuces,Activando brillo interior
modoSuper,Seguridad al máximo nivel
apagarLuces,Apagando luces disponibles
anteriorMelodia,Retroceso confirmado
abrirPuerta,Proceso de apertura en curso
siguienteMelodia,Tema posterior en curso
modoSuper,Modo avanzado habilitado
siguienteMelodia,Reproducción mejorada adelante
anteriorMelodia,Retroceso musical activado
apagarLuces,Corte de luz interno
modoSuper,Entrando en estado super
apagarLuces,Reduccion luminosa ejecutada
abrirPuerta,Iniciando apertura del acceso
abrirPuerta,Acceso en secuencia de apertura
apagarLuces,Luz desconectada del sistema
abrirPuerta,Liberación de puerta ejecutada
modoNormal,Modo estable activado
modoSuper,Sistema entrando en modo super
modoSuper,Modo protector elevado
siguienteMelodia,Siguiente selección musical ejecutada
modoSuper,Activación avanzada iniciada
anteriorMelodia,Melodia desplazada hacia atras
anteriorMelodia,Cancion previa habilitada
modoSuper,Seguridad elevada activada
anteriorMelodia,Retroceso confirmado
siguienteMelodia,Control musical avanzado
encenderLuces,Ambiente iluminado
abrirPuerta,Comenzando apertura de puerta
siguienteMelodia,Activando pista posterior
abrirPuerta,Acceso principal en movimiento
encenderLuces,Ambiente correctamente iluminado
encenderLuces,Activando puntos luminosos
siguienteMelodia,Lista continua hacia adelante
anteriorMelodia,Pista previa habilitada
modoNormal,Operación estándar reestablecida
anteriorMelodia,Musica regresada
apagarLuces,Desconectando iluminacion interna
abrirPuerta,Desbloqueo inicial de la puerta
modoSuper,Modo super procesado
abrirPuerta,Movimiento de apertura iniciado
encenderLuces,Luces activadas satisfactoriamente
modoSuper,Modo super confirmado
modoNormal,Operación estándar reestablecida
abrirPuerta,Puerta respondiendo al comando
modoSuper,Estado de máximo rendimiento
encenderLuces,Luces activadas satisfactoriamente
modoNormal,Config estándar confirmada
apagarLuces,Luces interiores desactivadas
apagarLuces,Sistema finalizando luz
encenderLuces,Inicio de iluminacion estable
anteriorMelodia,Secuencia previa activada
siguienteMelodia,Tema posterior en curso
encenderLuces,Encendido general listo
abrirPuerta,Sistema ejecutando apertura remota
anteriorMelodia,Retroceso activo
abrirPuerta,Apertura del hogar habilitada
modoSuper,Rendimiento super iniciado
siguienteMelodia,Modo secuencia siguiente
modoSuper,Sistema en estado intensivo
apagarLuces,Luz deshabilitada correctamente
modoSuper,Estado funcional elevado
abrirPuerta,Apertura confirmada
encenderLuces,Activando luces internas
apagarLuces,Finalizacion de iluminacion
modoSuper,Operación ampliada iniciada
apagarLuces,Zona sin iluminacion
modoSuper,Modo super operativo
anteriorMelodia,Cambio a melodia anterior
modoNormal,Modo normal en funcionamiento
abrirPuerta,Comenzando apertura de puerta
abrirPuerta,Activando mecanismos de puerta
modoNormal,Operación estándar reestablecida
anteriorMelodia,Pista anterior activada
siguienteMelodia,Transición a siguiente melodia
encenderLuces,Luz automatizada encendida
modoSuper,Operación ampliada iniciada
apagarLuces,Corte de iluminacion ejecutado
modoNormal,Restauración del sistema realizada
modoSuper,Modo de seguridad reforzado
modoNormal,Modo regular activado
siguienteMelodia,Avance de lista musical
modoSuper,Ejecución de seguridad avanzada
apagarLuces,Iluminacion desactivada
modoNormal,Patrón operativo normal
anteriorMelodia,Lista regresando atras
modoNormal,Ejecución en modo estándar
anteriorMelodia,Reproduccion retrocedida
modoSuper,Activación máxima ejecutada
abrirPuerta,Liberación de puerta ejecutada
anteriorMelodia,Retroceso activo
modoSuper,Modo super establecido
apagarLuces,Finalizacion de iluminacion
modoNormal,Sistema en condiciones estándar
abrirPuerta,Activando mecanismos de puerta
apagarLuces,Corte de iluminacion ejecutado
apagarLuces,Finalizacion de iluminacion
anteriorMelodia,Musica regresada
abrirPuerta,Secuencia de apertura activada
abrirPuerta,Activando apertura principal
modoNormal,Modo estable activado
encenderLuces,Luces habilitadas
anteriorMelodia,Reinicio de melodia previa
anteriorMelodia,Retroceso de playlist
modoSuper,Procesamiento super activo
siguienteMelodia,Activación de pista siguiente
apagarLuces,Desactivando puntos de luz
siguienteMelodia,Avanzando melodia
encenderLuces,Sistema en modo iluminado
siguienteMelodia,Cambio de canción adelante
encenderLuces,Iluminacion activada
modoNormal,Sistema reintegrado a normalidad
encenderLuces,Luz principal habilitada
modoSuper,Modo super sosteniéndose
abrirPuerta,Acceso siendo liberado
anteriorMelodia,Tema anterior confirmado
siguienteMelodia,Movimiento a pista consecutiva
siguienteMelodia,Saltando a pista siguiente
abrirPuerta,Ejecutando apertura principal
anteriorMelodia,Regresando a la melodia previa
modoNormal,Nivel normal activado
encenderLuces,Control de luz activado
modoNormal,Operación estándar reestablecida
abrirPuerta,Liberación de puerta ejecutada
modoSuper,Protección reforzada activa
encenderLuces,Luces habilitadas por sistema
abrirPuerta,Puerta deslizándose
modoNormal,Modo de funcionamiento tradicional
encenderLuces,Iluminando area del hogar
encenderLuces,Encendido de luz interior
modoSuper,Estado super alcanzado
abrirPuerta,Proceso de apertura en curso
apagarLuces,Oscureciendo ambiente
encenderLuces,Inicio de iluminacion estable
apagarLuces,Cerrando sistema de luces
apagarLuces,Luces totalmente desactivadas
abrirPuerta,Ejecutando apertura principal
anteriorMelodia,Reproduccion regresiva
modoSuper,Modo super confirmado
abrirPuerta,Acceso principal en ejecución
modoNormal,Normalidad recuperada
modoNormal,Sistema estabilizado
encenderLuces,Luces operativas
modoSuper,Modo super completamente activo
apagarLuces,Sistema de luz deshabilitado
apagarLuces,Deshabilitando sistema de luces
anteriorMelodia,Tema anterior confirmado
encenderLuces,Iluminacion domestica lista
apagarLuces,Ambiente apagado
modoSuper,Sistema en estado intensivo
modoSuper,Modo super completamente activo
modoSuper,Optimizando recursos en super
apagarLuces,Oscureciendo ambiente
anteriorMelodia,Regresando a la melodia previa
siguienteMelodia,Entrada a melodia siguiente
apagarLuces,Luces interiores desactivadas
modoNormal,Modo estable activado
anteriorMelodia,Regresando al sonido previo
siguienteMelodia,Avance de playlist
modoSuper,Sistema elevado a modo super
anteriorMelodia,Pista previa habilitada
modoSuper,Seguridad elevada activada
apagarLuces,Reduccion de iluminacion
encenderLuces,Luces principales encendidas
modoNormal,Sistema en condiciones estándar
modoNormal,Modo estable activado
encenderLuces,Luz principal iniciada
modoSuper,Procesamiento super activo
anteriorMelodia,Ejecutando melodia previa
siguienteMelodia,Operación siguiente melodia
apagarLuces,Luces apagadas correctamente
modoNormal,Modo estándar restablecido
siguienteMelodia,Modo secuencia siguiente
encenderLuces,Activando puntos luminosos
apagarLuces,Apagado general procesado
abrirPuerta,Puerta habilitada para abrir
abrirPuerta,Acceso recibiendo orden de apertura
modoSuper,Modo super operativo
siguienteMelodia,Lista avanzando
modoNormal,Operación común activada
apagarLuces,Apagando luces del hogar
siguienteMelodia,Pista avanzada habilitada
encenderLuces,Inicio de iluminacion estable
siguienteMelodia,Reproducción de próxima pista
encenderLuces,Activacion de iluminacion completada
encenderLuces,Luces activadas satisfactoriamente
modoNormal,Modo básico activo
modoNormal,Operación normal retomada
modoSuper,Control aumentado habilitado
modoSuper,Modo avanzado habilitado
siguienteMelodia,Secuencia musical siguiente
apagarLuces,Sistema oscuro habilitado
encenderLuces,Inicio de iluminacion estable
modoSuper,Modo super establecido
siguienteMelodia,Melodia siguiente en reproducción
apagarLuces,Luz cancelada correctamente
modoSuper,Potenciación del sistema iniciada
encenderLuces,Luz automatizada encendida
encenderLuces,Iluminacion interior lista
apagarLuces,Luces totalmente desactivadas
siguienteMelodia,Saltando a pista siguiente
siguienteMelodia,Posición musical siguiente
anteriorMelodia,Lista alterada hacia atras
apagarLuces,Luz retirada por comando
anteriorMelodia,Regresando en lista musical
modoNormal,Modo normal establecido
anteriorMelodia,Lista regresando atras
modoSuper,Modo super confirmado
encenderLuces,Sistema de luz activo
abrirPuerta,Acceso principal en apertura
anteriorMelodia,Melodia retrocedida correctamente
abrirPuerta,Movimiento de apertura iniciado
siguienteMelodia,Reproducción secuencial siguiente
modoSuper,Estado funcional elevado
abrirPuerta,Acceso principal en apertura
modoSuper,Modo de seguridad reforzado
apagarLuces,Luces principales apagadas
anteriorMelodia,Secuencia musical previa
modoSuper,Seguridad elevada activada
anteriorMelodia,Tema anterior en ejecucion
modoNormal,Nivel normal activado
modoNormal,Contexto base reactivado
modoNormal,Control básico restaurado
abrirPuerta,Acceso recibiendo orden de apertura
apagarLuces,Reduccion luminosa ejecutada
siguienteMelodia,Avanzando melodia
modoNormal,Sistema en condiciones estándar
modoNormal,Modo normal establecido
siguienteMelodia,Pista desplazada hacia adelante
apagarLuces,Apagando luces disponibles
modoSuper,Modo super completamente activo
encenderLuces,Activacion de iluminacion completada
abrirPuerta,Apertura sin obstrucciones en curso
siguienteMelodia,Entrada a melodia siguiente
anteriorMelodia,Secuencia previa activada
encenderLuces,Focos encendidos
modoSuper,Modo especializado activado
siguienteMelodia,Posición musical siguiente
encenderLuces,Activando brillo interior
encenderLuces,Modo luz encendido
encenderLuces,Modo luz encendido
anteriorMelodia,Retroceso musical activado
encenderLuces,Iluminacion general encendida
anteriorMelodia,Retroceso activo
encenderLuces,Encendiendo luces externas
encenderLuces,Luz encendida en la vivienda
abrirPuerta,Acceso automatizado activado
encenderLuces,Activando sistema de luces
modoSuper,Activación avanzada iniciada
abrirPuerta,Puerta respondiendo al comando
apagarLuces,Apagado completado
modoSuper,Operación ampliada iniciada
modoNormal,Estabilidad normal restaurada
apagarLuces,Deshabilitando sistema de luces
siguienteMelodia,Continuación musical habilitada
abrirPuerta,Iniciando apertura del acceso
encenderLuces,Iluminacion domestica lista
abrirPuerta,Ejecutando apertura principal
anteriorMelodia,Melodia previa recuperada
apagarLuces,Apagando luces disponibles
anteriorMelodia,Volviendo en la secuencia sonora
apagarLuces,Corte de luz interno
abrirPuerta,Destraba de puerta ejecutada
modoSuper,Modo avanzado habilitado
siguienteMelodia,Control musical avanzado
modoSuper,Habilitando funciones super
anteriorMelodia,Musica regresada
apagarLuces,Detencion de iluminacion
abrirPuerta,Apertura sin obstrucciones en curso
siguienteMelodia,Cambiando a la siguiente pista
modoSuper,Operación ampliada iniciada
encenderLuces,Encendiendo luces externas
encenderLuces,Luces operativas
encenderLuces,Luces operativas
apagarLuces,Apagado general procesado
apagarLuces,Apagado del ambiente
apagarLuces,Deshabilitando sistema de luces
modoNormal,Norma operativa establecida
modoNormal,Modo básico activo
anteriorMelodia,Pista anterior activada
anteriorMelodia,Cancion previa habilitada
modoNormal,Modo estándar restablecido
siguienteMelodia,Avance de playlist
apagarLuces,Cierre de sistema luminoso
apagarLuces,Luces interiores desactivadas
anteriorMelodia,Volviendo a la pista inicial
modoSuper,Optimizando recursos en super
anteriorMelodia,Reproduccion anterior establecida
encenderLuces,Iluminacion interior lista
abrirPuerta,Acceso aperturándose
abrirPuerta,Puerta habilitada para abrir
abrirPuerta,Apertura de puerta en proceso
abrirPuerta,Desbloqueo y apertura iniciados
siguienteMelodia,Orden de canción siguiente
modoSuper,Modo inteligente super activado
encenderLuces,Luz encendida en la vivienda
anteriorMelodia,Volviendo una melodia atras
modoNormal,Normalidad recuperada
siguienteMelodia,Reproduciendo siguiente melodia
apagarLuces,Sistema en modo sin luz
encenderLuces,Iluminacion domestica lista
anteriorMelodia,Secuencia regresiva habilitada
abrirPuerta,Puerta desplazándose hacia apertura
modoSuper,Sistema entrando en modo super
abrirPuerta,Ejecutando apertura automatizada
abrirPuerta,Puerta lista en modo apertura
modoSuper,Estatus super habilitado
modoSuper,Modo super sosteniéndose
modoNormal,Modo normal confirmado
modoNormal,Volviendo al estado original
apagarLuces,Apagado interno listo
siguienteMelodia,Musica adelantada
abrirPuerta,Acceso iniciando apertura
apagarLuces,Ambiente sin iluminacion
anteriorMelodia,Pista previa habilitada
anteriorMelodia,Musica anterior procesada
apagarLuces,Finalizacion de iluminacion
abrirPuerta,Desbloqueo inicial de la puerta
apagarLuces,Corte de iluminacion ejecutado
modoSuper,Modo super en funcionamiento
abrirPuerta,Apertura automática iniciada
siguienteMelodia,Reemplazando melodia por siguiente
apagarLuces,Apagado interno listo
siguienteMelodia,Reproducción secuencial siguiente
anteriorMelodia,Volviendo a la pista inicial
siguienteMelodia,Saltando a pista siguiente
encenderLuces,Luces habilitadas
siguienteMelodia,Canción siguiente ejecutada
encenderLuces,Luz automatizada encendida
anteriorMelodia,Reactivando pista anterior
encenderLuces,Activacion de iluminacion completada
abrirPuerta,Ejecutando apertura automatizada
anteriorMelodia,Seleccionando melodia anterior
apagarLuces,Desconectando iluminacion interna
encenderLuces,Encendiendo luces externas
modoSuper,Modo super completamente activo
encenderLuces,Iluminacion interior lista
anteriorMelodia,Reactivando pista anterior
apagarLuces,Luz apagada en el hogar
anteriorMelodia,Pista anterior activada
encenderLuces,Iluminacion del hogar lista
modoSuper,Potencia aumentada en sistema
modoSuper,Modo super operativo
abrirPuerta,Proceso de apertura en curso
apagarLuces,Desactivacion luminosa ejecutada
encenderLuces,Encendiendo zona iluminada
anteriorMelodia,Volviendo a la pista inicial
anteriorMelodia,Cancion previa habilitada
abrirPuerta,Acceso recibiendo orden de apertura
siguienteMelodia,Tema posterior en curso
anteriorMelodia,Retroceso de secuencia musical
siguienteMelodia,Secuencia a tema posterior
encenderLuces,Sistema luminoso completado
modoNormal,Sistema regresando a normalidad
modoNormal,Frecuencia estándar habilitada
modoNormal,Operación común activada
anteriorMelodia,Tema anterior en ejecucion
encenderLuces,Luces encendidas correctamente
apagarLuces,Luz apagada en el hogar
siguienteMelodia,Desplazando a canción siguiente
encenderLuces,Luces habilitadas
anteriorMelodia,Reproduccion de pista anterior
encenderLuces,Encendiendo iluminacion interior
apagarLuces,Sistema oscuro habilitado
anteriorMelodia,Retroceso confirmado
encenderLuces,Intensidad luminosa configurada
modoSuper,Entrando en estado super
anteriorMelodia,Reproduccion en retroceso
modoNormal,Modo estándar restablecido
anteriorMelodia,Regresando a la melodia previa
apagarLuces,Iluminacion retirada
anteriorMelodia,Cancion previa habilitada
modoNormal,Estabilidad de régimen recuperada
modoNormal,Volviendo a parámetros normales
apagarLuces,Iluminacion deshabilitada
anteriorMelodia,Melodia previa recuperada
apagarLuces,Zona sin iluminacion
encenderLuces,Iluminacion del hogar lista
siguienteMelodia,Pista avanzada habilitada
siguienteMelodia,Cambio musical siguiente procesado
encenderLuces,Activando puntos luminosos
siguienteMelodia,Canción desplazada hacia adelante
anteriorMelodia,Musica anterior procesada
modoNormal,Sistema retornando a valores base
apagarLuces,Luz retirada por comando
anteriorMelodia,Tema previo en curso
anteriorMelodia,Retroceso musical activado
abrirPuerta,Desbloqueo inicial de la puerta
modoNormal,Sistema retornando a valores base
modoSuper,Modo super sosteniéndose
abrirPuerta,Puerta desplazándose hacia apertura
modoNormal,Estabilidad de régimen recuperada
abrirPuerta,Sistema liberando puerta
modoSuper,Operación ampliada iniciada
siguienteMelodia,Rotación musical adelante
modoNormal,Desactivando modo super
siguienteMelodia,Reproducción musical progresiva
encenderLuces,Focos encendidos
apagarLuces,Apagando luces disponibles
anteriorMelodia,Cambio a melodia anterior
abrirPuerta,Ejecutando apertura principal
modoNormal,Modo normal asegurado
siguienteMelodia,Ejecutando tema siguiente
anteriorMelodia,Volviendo al tema previo
modoNormal,Retorno completo al modo normal
encenderLuces,Hogar iluminado
modoSuper,Modo super confirmado
apagarLuces,Corte de luz interno
anteriorMelodia,Retorno a melodia previa
siguienteMelodia,Operación siguiente melodia
encenderLuces,Encendiendo luces del hogar
apagarLuces,Apagado interno listo
apagarLuces,Luces interiores desactivadas
apagarLuces,Apagando iluminacion interior
siguienteMelodia,Continuación musical habilitada
encenderLuces,Iluminacion del entorno activa
abrirPuerta,Puerta desplazándose hacia apertura
apagarLuces,Deshabilitando sistema de luces
modoSuper,Funciones mejoradas encendidas
modoNormal,Modo estándar restablecido
modoNormal,Operación estándar reestablecida
apagarLuces,Luz apagada en el hogar
modoNormal,Modo normal en funcionamiento
apagarLuces,Finalizando proceso de apagado
modoSuper,Sistema en estado intensivo
encenderLuces,Control de luz activado
siguienteMelodia,Sonido siguiente habilitado
apagarLuces,Apagando iluminacion interior
anteriorMelodia,Secuencia regresiva habilitada
abrirPuerta,Sistema liberando puerta
siguienteMelodia,Tema posterior en curso
anteriorMelodia,Reproduccion retrocedida
siguienteMelodia,Reemplazando melodia por siguiente
modoSuper,Modo super confirmado
encenderLuces,Activando sistema de luces
siguienteMelodia,Progreso musical hacia adelante
modoNormal,Modo normal asegurado
apagarLuces,Apagado completado
encenderLuces,Luz interior activada
modoSuper,Modo inteligente super activado
siguienteMelodia,Movimiento a pista consecutiva
modoNormal,Operación sin modo super
apagarLuces,Apagado completado
modoNormal,Estabilidad normal restaurada
apagarLuces,Apagado general procesado
modoSuper,Optimizando recursos en super
encenderLuces,Luz ambiental habilitada
anteriorMelodia,Reproduccion de pista anterior
siguienteMelodia,Lista musical moviéndose adelante
apagarLuces,Ambiente en modo oscuro
modoNormal,Frecuencia normal en proceso
abrirPuerta,Acceso aperturándose
siguienteMelodia,Continuación musical habilitada
encenderLuces,Luces operativas
modoSuper,Protección total habilitada
modoSuper,Modo especializado activado
encenderLuces,Luz principal habilitada
apagarLuces,Iniciando apagado de luces
anteriorMelodia,Moviendo a melodia anterior
encenderLuces,Activando brillo interior
encenderLuces,Luces habilitadas por sistema
siguienteMelodia,Canción siguiente ejecutada
modoNormal,Sistema en condiciones estándar
siguienteMelodia,Melodia siguiente en reproducción
abrirPuerta,Acceso automatizado activado
anteriorMelodia,Regresando en lista musical
apagarLuces,Ambiente sin iluminacion
modoSuper,Estado de máximo rendimiento
encenderLuces,Luz interior activada
siguienteMelodia,Cambiando a la siguiente pista
anteriorMelodia,Retroceso activo
apagarLuces,Ambiente apagado
apagarLuces,Corte de luz interno
modoSuper,Protección total habilitada
siguienteMelodia,Secuencia a tema posterior
encenderLuces,Luces habilitadas
anteriorMelodia,Pista anterior activada
abrirPuerta,Puerta en transición de apertura
modoSuper,Modo protector elevado
siguienteMelodia,Melodia siguiente en reproducción
encenderLuces,Ambiente iluminado
modoSuper,Protección total habilitada
siguienteMelodia,Pista activa siguiente
apagarLuces,Apagando luces disponibles
modoNormal,Operación estándar reestablecida
apagarLuces,Iniciando apagado de luces
modoNormal,Operación normal retomada
anteriorMelodia,Pista anterior activada
modoSuper,Ejecución de seguridad avanzada
anteriorMelodia,Ejecutando melodia previa
encenderLuces,Sistema de luz activo
apagarLuces,Iluminacion minimizada
modoNormal,Modo normal asegurado
modoNormal,Modo regular activado
siguienteMelodia,Pista inmediata siguiente activada
modoNormal,Norma operativa establecida
modoSuper,Potencia aumentada en sistema
anteriorMelodia,Reproduciendo melodia anterior
siguienteMelodia,Reproducción continua siguiente
anteriorMelodia,Musica regresada
anteriorMelodia,Pista anterior seleccionada
encenderLuces,Sistema iluminando interiores
modoSuper,Ejecución de seguridad avanzada
encenderLuces,Sistema en modo iluminado
modoNormal,Patrón operativo normal
abrirPuerta,Puerta despejando acceso
abrirPuerta,Apertura remota activada
abrirPuerta,Puerta desplazándose hacia apertura
abrirPuerta,Activando apertura principal
modoSuper,Estado funcional elevado
siguienteMelodia,Avance de lista musical
apagarLuces,Cierre de sistema luminoso
modoNormal,Modo básico activo
encenderLuces,Ambiente correctamente iluminado
anteriorMelodia,Pista anterior activada
siguienteMelodia,Continuación musical habilitada
modoSuper,Modo super procesado
modoSuper,Entrando en estado super
abrirPuerta,Puerta deslizándose
anteriorMelodia,Cambio a melodia anterior
abrirPuerta,Apertura asistida de puerta
abrirPuerta,Acceso principal en movimiento
abrirPuerta,Desbloqueo inicial de la puerta
siguienteMelodia,Reproducción musical progresiva
encenderLuces,Activando brillo interior
encenderLuces,Iluminacion del entorno activa
apagarLuces,Desconectando iluminacion interna
anteriorMelodia,Musica anterior procesada
anteriorMelodia,Reproduccion en retroceso
encenderLuces,Encendido de luz interior
siguienteMelodia,Lista continua hacia adelante
encenderLuces,Iluminacion interior lista
anteriorMelodia,Volviendo una melodia atras
modoSuper,Funciones mejoradas encendidas
modoNormal,Restauración del sistema realizada
abrirPuerta,Mecanismo de apertura activo
abrirPuerta,Puerta desbloqueándose
anteriorMelodia,Secuencia musical previa
abrirPuerta,Apertura asistida de puerta
siguienteMelodia,Posición musical siguiente
siguienteMelodia,Reproducción musical progresiva
modoSuper,Control reforzado habilitado
siguienteMelodia,Saltando a pista siguiente
modoSuper,Modo avanzado habilitado
encenderLuces,Encendiendo iluminacion interior
siguienteMelodia,Avance musical iniciado
encenderLuces,Luz accesible encendida
abrirPuerta,Movimiento de apertura iniciado
abrirPuerta,Apertura sin obstrucciones en curso
encenderLuces,Encendido de luz interior
encenderLuces,Iluminacion activada
anteriorMelodia,Secuencia previa activada
siguienteMelodia,Secuencia a tema posterior
modoSuper,Ejecución de seguridad avanzada
siguienteMelodia,Pista activa siguiente
apagarLuces,Cierre de sistema luminoso
apagarLuces,Ambiente en modo oscuro
modoSuper,Ejecución de modo super iniciada
apagarLuces,Finalizacion de iluminacion
apagarLuces,Desactivacion luminosa ejecutada
anteriorMelodia,Melodia desplazada hacia atras
anteriorMelodia,Regresando al sonido previo
modoNormal,Nivel normal activado
modoNormal,Modo estable activado
apagarLuces,Ambiente en modo oscuro
apagarLuces,Finalizacion de iluminacion
anteriorMelodia,Regresando al sonido previo
siguienteMelodia,Movimiento a pista consecutiva
encenderLuces,Inicializando encendido de luces
abrirPuerta,Apertura remota activada
siguienteMelodia,Pasando a la próxima canción
encenderLuces,Luz principal iniciada
modoNormal,Estabilidad de régimen recuperada
modoSuper,Modo de seguridad reforzado
abrirPuerta,Liberación de puerta ejecutada
encenderLuces,Activando sistema de luces
encenderLuces,Encendiendo luces disponibles
modoNormal,Norma operativa establecida
modoNormal,Nivel normal activado
abrirPuerta,Puerta iniciando transición
apagarLuces,Luz apagada en el hogar
anteriorMelodia,Regresando a la melodia previa
anteriorMelodia,Musica regresada
siguienteMelodia,Navegación musical siguiente
siguienteMelodia,Ejecutando melodia siguiente
abrirPuerta,Acceso principal en movimiento
apagarLuces,Desactivando puntos de luz
encenderLuces,Encendiendo luces disponibles
modoSuper,Seguridad al máximo nivel
apagarLuces,Focos apagados
anteriorMelodia,Control musical hacia atras
modoNormal,Nivel normal activado
siguienteMelodia,Lista continua hacia adelante
abrirPuerta,Acceso en secuencia de apertura
modoNormal,Modo normal establecido
anteriorMelodia,Retrocediendo a pista anterior
encenderLuces,Encendiendo luces disponibles
apagarLuces,Apagando luces del hogar
abrirPuerta,Liberación y apertura de puerta
modoNormal,Nivel normal activado
apagarLuces,Iluminacion desactivada
modoSuper,Estado funcional elevado
encenderLuces,Luz ambiental habilitada
apagarLuces,Control de luz desactivado
abrirPuerta,Mecanismo principal aperturándose
encenderLuces,Hogar iluminado
apagarLuces,Retiro de luz completado
modoSuper,Ejecución de modo super iniciada
siguienteMelodia,Control musical avanzado
anteriorMelodia,Retorno musical habilitado
encenderLuces,Sistema en modo iluminado
abrirPuerta,Iniciando apertura del acceso
anteriorMelodia,Reproduccion en retroceso
abrirPuerta,Puerta respondiendo apertura
modoSuper,Modo superior en proceso
encenderLuces,Activando puntos luminosos
abrirPuerta,Puerta iniciando transición
modoNormal,Revirtiendo a configuración base
abrirPuerta,Apertura remota activada
modoSuper,Sistema en estado intensivo
encenderLuces,Luces habilitadas
apagarLuces,Iniciando apagado de luces
abrirPuerta,Puerta respondiendo apertura
siguienteMelodia,Pista avanzada habilitada
abrirPuerta,Puerta lista en modo apertura
apagarLuces,Luz cancelada correctamente
apagarLuces,Cerrando sistema de luces
modoNormal,Operación estándar reestablecida
anteriorMelodia,Volviendo a la pista inicial
anteriorMelodia,Lista regresando atras
siguienteMelodia,Reproducción de próxima pista
modoNormal,Restituyendo ajustes originales
encenderLuces,Encendiendo luces disponibles
encenderLuces,Puntos de iluminacion activos
abrirPuerta,Apertura confirmada
encenderLuces,Encendiendo luces disponibles
abrirPuerta,Acceso recibiendo orden de apertura
modoSuper,Protección total habilitada
abrirPuerta,Acceso principal moviéndose
modoSuper,Modo inteligente super activado
modoSuper,Modo protector elevado
siguienteMelodia,Melodia siguiente en reproducción
modoNormal,Ejecución en modo estándar
modoNormal,Modo normal confirmado
modoSuper,Seguridad maximizada
abrirPuerta,Mecanismo de apertura activo
modoSuper,Maximizando niveles operativos
modoNormal,Modo estable activado
apagarLuces,Ambiente sin iluminacion
siguienteMelodia,Avance de lista musical
encenderLuces,Luces principales encendidas
apagarLuces,Sistema en modo sin luz
modoSuper,Seguridad maximizada
modoSuper,Habilitando funciones super
modoNormal,Sistema en comportamiento básico
apagarLuces,Luz desconectada del sistema
encenderLuces,Inicio de proceso de iluminacion
abrirPuerta,Desbloqueo y apertura iniciados
siguienteMelodia,Activación de pista siguiente
siguienteMelodia,Cambio musical siguiente procesado
apagarLuces,Ambiente en modo oscuro
siguienteMelodia,Lista avanzando
siguienteMelodia,Activando melodia sucesora
apagarLuces,Corte de luz interno
modoNormal,Sistema estabilizado
abrirPuerta,Liberando puerta principal
modoNormal,Modo cotidiano activado
abrirPuerta,Acceso siendo liberado
anteriorMelodia,Reinicio de melodia previa
encenderLuces,Activando brillo interior
siguienteMelodia,Secuencia musical siguiente
modoSuper,Sistema bajo modo super seguro
modoNormal,Config estándar confirmada
siguienteMelodia,Avanzando melodia
modoNormal,Desactivando modo super
modoNormal,Retorno completo al modo normal
modoSuper,Seguridad elevada activada
apagarLuces,Iluminacion retirada
modoSuper,Modo super habilitado
apagarLuces,Desactivando iluminacion general
modoNormal,Modo normal establecido
apagarLuces,Ambiente en modo oscuro
encenderLuces,Encendiendo luces externas
abrirPuerta,Acceso principal moviéndose
apagarLuces,Iluminacion retirada
modoNormal,Modo cotidiano activado
modoSuper,Modo intensificado activo
modoNormal,Modo natural activo
modoNormal,Restaurando modo normal
modoSuper,Entrando en estado super
encenderLuces,Encendido general listo
modoSuper,Ejecución de seguridad avanzada
encenderLuces,Encendiendo luces disponibles
siguienteMelodia,Lista continua hacia adelante
encenderLuces,Encendido general listo
siguienteMelodia,Pista desplazada hacia adelante
encenderLuces,Luces encendidas correctamente
apagarLuces,Sistema oscuro habilitado
anteriorMelodia,Secuencia musical previa
modoNormal,Patrón operativo normal
anteriorMelodia,Reproduccion de pista anterior
modoSuper,Sistema asegurado en super
modoSuper,Modo intensificado activo
apagarLuces,Sistema de luz deshabilitado
siguienteMelodia,Pista desplazada hacia adelante
anteriorMelodia,Entrada a melodia anterior
siguienteMelodia,Sonido siguiente habilitado
encenderLuces,Iluminacion general encendida
abrirPuerta,Puerta respondiendo al comando
apagarLuces,Apagado general procesado
siguienteMelodia,Reproducción de próxima pista
modoNormal,Sistema regresando a normalidad
modoNormal,Operación normal retomada
anteriorMelodia,Secuencia regresiva habilitada
anteriorMelodia,Regresando a la melodia previa
apagarLuces,Ambiente sin iluminacion
modoNormal,Estabilidad normal restaurada
anteriorMelodia,Tema anterior en ejecucion
encenderLuces,Encendido de luz ejecutado
anteriorMelodia,Cancion anterior reproducida
modoNormal,Sistema retornando a valores base
apagarLuces,Apagado interno listo
modoNormal,Revirtiendo a configuración base
siguienteMelodia,Activación de pista siguiente
abrirPuerta,Acceso principal operando apertura
modoSuper,Activación avanzada iniciada
siguienteMelodia,Cambiando a la siguiente pista
modoNormal,Modo normal activado
apagarLuces,Cese completo de luz
siguienteMelodia,Reproduciendo siguiente melodia
apagarLuces,Apagado general procesado
siguienteMelodia,Lista continua hacia adelante
modoNormal,Modo normal en funcionamiento
encenderLuces,Iluminacion interior lista
encenderLuces,Luz ambiental habilitada
encenderLuces,Encendiendo luces del hogar
modoNormal,Volviendo a circulación normal
encenderLuces,Luz automatizada encendida
siguienteMelodia,Avanzando melodia
encenderLuces,Activacion de iluminacion completada
modoSuper,Modo superior en proceso
apagarLuces,Cese completo de luz
siguienteMelodia,Siguiente selección musical ejecutada
apagarLuces,Cese completo de luz
abrirPuerta,Puerta lista en modo apertura
anteriorMelodia,Pista anterior activada
anteriorMelodia,Volviendo al tema previo
abrirPuerta,Accediendo apertura del sistema
modoSuper,Optimizando recursos en super
modoSuper,Estatus super habilitado
modoSuper,Funciones mejoradas encendidas
abrirPuerta,Apertura confirmada
encenderLuces,Luces habilitadas
siguienteMelodia,Reproducción musical progresiva
anteriorMelodia,Reproduccion anterior establecida
abrirPuerta,Puerta desbloqueándose
encenderLuces,Sistema de luz activo
siguienteMelodia,Activando melodia sucesora
modoNormal,Funcionamiento común recuperado
apagarLuces,Luces deshabilitadas
siguienteMelodia,Reproduciendo siguiente melodia
encenderLuces,Iluminacion base encendida
apagarLuces,Retiro de luz completado
modoNormal,Modo normal en funcionamiento
siguienteMelodia,Reproducción continua siguiente
encenderLuces,Sistema en modo iluminado
modoNormal,Flujo normal operativo
encenderLuces,Control de luz activado
abrirPuerta,Ejecutando apertura principal
siguienteMelodia,Lista avanzando
siguienteMelodia,Continuación musical habilitada
apagarLuces,Reduccion de iluminacion
abrirPuerta,Apertura asistida de puerta
encenderLuces,Encendiendo iluminacion interior
encenderLuces,Activacion luminosa procesada
abrirPuerta,Puerta respondiendo apertura
encenderLuces,Ambiente correctamente iluminado
encenderLuces,Focos encendidos
abrirPuerta,Liberando puerta principal
modoSuper,Modo super habilitado
apagarLuces,Deshabilitando sistema de luces
abrirPuerta,Proceso de apertura en curso
apagarLuces,Finalizando proceso de apagado
siguienteMelodia,Reemplazando melodia por siguiente
modoSuper,Potencia del sistema incrementada
modoNormal,Sistema en régimen estándar
siguienteMelodia,Saltando a pista siguiente
anteriorMelodia,Cancion previa habilitada
siguienteMelodia,Control musical avanzado
abrirPuerta,Liberación de puerta ejecutada
modoNormal,Operación normal retomada
encenderLuces,Luces operativas
modoSuper,Modo super operativo
encenderLuces,Puntos de iluminacion activos
apagarLuces,Luz apagada en el hogar
modoNormal,Ejecución en modo estándar
encenderLuces,Luz accesible encendida
modoNormal,Configuración normal aplicada
anteriorMelodia,Lista regresando atras
encenderLuces,Inicializando encendido de luces
siguienteMelodia,Reproducción musical progresiva
abrirPuerta,Puerta respondiendo al comando
modoNormal,Modo normal confirmado
apagarLuces,Iluminacion minimizada
modoSuper,Modo protector elevado
apagarLuces,Desconectando iluminacion interna
abrirPuerta,Apertura confirmada
modoNormal,Estado habitual restablecido
abrirPuerta,Acceso recibiendo orden de apertura
encenderLuces,Inicio de iluminacion estable
encenderLuces,Luces encendidas correctamente
modoNormal,Modo de funcionamiento tradicional
modoSuper,Modo super procesado
modoSuper,Sistema bajo modo super seguro
encenderLuces,Puntos de iluminacion activos
abrirPuerta,Acceso recibiendo orden de apertura
modoSuper,Potencia aumentada en sistema
modoSuper,Ejecución de seguridad avanzada
encenderLuces,Luz principal habilitada
siguienteMelodia,Cambio de canción adelante
siguienteMelodia,Melodía entrante activada
modoSuper,Seguridad maximizada
modoNormal,Modo normal en funcionamiento
anteriorMelodia,Moviendo a melodia anterior
apagarLuces,Desconectando iluminacion interna
modoNormal,Patrón operativo normal
anteriorMelodia,Retroceso musical activado
apagarLuces,Luz cancelada correctamente
modoNormal,Volviendo al estado original
modoSuper,Funciones super implementadas
siguienteMelodia,Rotación musical adelante
modoSuper,Modo super confirmado
abrirPuerta,Puerta principal abriendo
encenderLuces,Luz interior activada
abrirPuerta,Acceso principal en movimiento
modoSuper,Ejecución de modo super iniciada
anteriorMelodia,Regresando pista musical
anteriorMelodia,Retorno a melodia previa
abrirPuerta,Ejecutando apertura principal
modoSuper,Activación máxima ejecutada
abrirPuerta,Puerta respondiendo apertura
encenderLuces,Encendiendo luces externas
modoSuper,Modo super completamente activo
modoSuper,Potencia aumentada en sistema
siguienteMelodia,Pista activa siguiente
abrirPuerta,Puerta habilitada para abrir
anteriorMelodia,Reactivando pista anterior
modoNormal,Modo normal activado
anteriorMelodia,Moviendo a melodia anterior
modoSuper,Operación super estable
modoSuper,Ejecución de modo super iniciada
modoSuper,Control reforzado habilitado
encenderLuces,Luz en funcionamiento
modoSuper,Modo super atendido
modoNormal,Modo base activado
encenderLuces,Sistema en modo iluminado
modoNormal,Operación sin modo super
encenderLuces,Encendido de luz interior
anteriorMelodia,Retroceso de playlist
apagarLuces,Apagado interno listo
apagarLuces,Corte de luz interno
encenderLuces,Ambiente iluminado
encenderLuces,Sistema de luz activo
apagarLuces,Luces principales apagadas
anteriorMelodia,Melodia previa en reproduccion
encenderLuces,Modo luz encendido
anteriorMelodia,Cambio a melodia anterior
anteriorMelodia,Reproduciendo melodia anterior
encenderLuces,Activando brillo interior
encenderLuces,Sistema de luz activo
apagarLuces,Luz apagada en el hogar
siguienteMelodia,Reproducción mejorada adelante
modoSuper,Modo intensificado activo
anteriorMelodia,Reproduccion retrocedida
apagarLuces,Sistema apagando luces
modoNormal,Modo cotidiano activado
anteriorMelodia,Entrada a melodia anterior
apagarLuces,Desactivando puntos de luz
modoNormal,Sistema fuera de modo super
anteriorMelodia,Volviendo en la secuencia sonora
encenderLuces,Encendiendo luces externas
modoSuper,Modo extremo habilitado
anteriorMelodia,Retorno a melodia previa
modoNormal,Modo normal establecido
siguienteMelodia,Modo música adelante
encenderLuces,Iluminacion interior lista
modoSuper,Sistema asegurado en super
abrirPuerta,Ejecutando apertura automatizada
anteriorMelodia,Musica regresada
encenderLuces,Luces principales encendidas
abrirPuerta,Acceso principal en movimiento
modoNormal,Modo normal seguro
encenderLuces,Activacion de iluminacion completada
encenderLuces,Iluminacion domestica lista
modoSuper,Funciones mejoradas encendidas
siguienteMelodia,Melodía entrante activada
modoSuper,Optimizando recursos en super
encenderLuces,Puntos de iluminacion activos
encenderLuces,Activando sistema de luces
encenderLuces,Luces habilitadas por sistema
modoSuper,Modo de seguridad reforzado
siguienteMelodia,Control musical avanzado
modoNormal,Configuración normal aplicada
apagarLuces,Iluminacion retirada
modoSuper,Modo super confirmado
anteriorMelodia,Retrocediendo a pista anterior
siguienteMelodia,Melodía adelantada confirmada
anteriorMelodia,Regresando al sonido previo
apagarLuces,Reduccion luminosa ejecutada
encenderLuces,Luz en funcionamiento
abrirPuerta,Destraba de puerta ejecutada
anteriorMelodia,Musica regresada
modoNormal,Sistema fuera de modo super
modoNormal,Sistema en régimen estándar
abrirPuerta,Mecanismo principal aperturándose
abrirPuerta,Destraba de puerta ejecutada
anteriorMelodia,Ejecutando melodia previa
apagarLuces,Iluminacion deshabilitada
apagarLuces,Cierre de sistema luminoso
modoNormal,Frecuencia estándar habilitada
anteriorMelodia,Retorno musical habilitado
encenderLuces,Luces habilitadas
modoSuper,Funciones mejoradas encendidas
anteriorMelodia,Volviendo una melodia atras
encenderLuces,Activacion de iluminacion completada
encenderLuces,Inicio de proceso de iluminacion
modoNormal,Operación sin modo super
modoSuper,Funciones super implementadas
anteriorMelodia,Secuencia previa activada
modoSuper,Estado super alcanzado
siguienteMelodia,Siguiente selección musical ejecutada
apagarLuces,Reduccion de iluminacion
anteriorMelodia,Retroceso musical activado
encenderLuces,Encendiendo luces del hogar
modoNormal,Normalidad recuperada
encenderLuces,Sistema de luz activo
modoNormal,Parámetros normales aplicados
siguienteMelodia,Cambio de canción adelante
abrirPuerta,Desbloqueo inicial de la puerta
apagarLuces,Cierre de sistema luminoso
modoNormal,Volviendo a circulación normal
apagarLuces,Apagado del ambiente
apagarLuces,Zona sin iluminacion
encenderLuces,Luces principales encendidas
abrirPuerta,Acceso principal en movimiento
apagarLuces,Ambiente sin iluminacion
modoSuper,Seguridad elevada activada
siguienteMelodia,Lista musical moviéndose adelante
modoSuper,Operación super establecida
modoSuper,Activación máxima ejecutada
modoNormal,Modo base activado
siguienteMelodia,Melodia siguiente en reproducción
encenderLuces,Luz encendida en la vivienda
encenderLuces,Iluminacion domestica lista
modoNormal,Sistema en estado regular
abrirPuerta,Puerta desbloqueándose
apagarLuces,Luz interior apagada
siguienteMelodia,Avance de playlist
abrirPuerta,Acceso en secuencia de apertura
encenderLuces,Encendido de luz ejecutado
encenderLuces,Iluminacion activada
modoSuper,Funciones mejoradas encendidas
modoNormal,Modo regular activado
modoSuper,Entrando en estado super
siguienteMelodia,Saltando a pista siguiente
abrirPuerta,Acceso siendo liberado
siguienteMelodia,Movimiento a pista consecutiva
abrirPuerta,Apertura automática iniciada
encenderLuces,Luz en funcionamiento
anteriorMelodia,Retorno musical habilitado
encenderLuces,Puntos de iluminacion activos
modoNormal,Control básico restaurado
apagarLuces,Reduccion luminosa ejecutada
abrirPuerta,Liberación y apertura de puerta
modoSuper,Ejecución de seguridad avanzada
modoNormal,Control básico restaurado
modoNormal,Estabilidad normal restaurada
apagarLuces,Apagando iluminacion interior
encenderLuces,Focos encendidos
apagarLuces,Iluminacion detenida
siguienteMelodia,Ejecutando tema siguiente
anteriorMelodia,Reproduccion retrocedida
siguienteMelodia,Melodía adelantada confirmada
modoNormal,Modo ordinario habilitado
apagarLuces,Apagando luces disponibles
apagarLuces,Luces cortadas
anteriorMelodia,Retrocediendo a pista anterior
anteriorMelodia,Reproduccion anterior establecida
anteriorMelodia,Volviendo una melodia atras
siguienteMelodia,Avanzando melodia
modoNormal,Patrón operativo normal
modoSuper,Potencia aumentada en sistema
modoSuper,Modo de seguridad reforzado
encenderLuces,Puntos de iluminacion activos
encenderLuces,Puntos de luz activados
encenderLuces,Encendiendo iluminacion interior
modoNormal,Operación común activada
modoNormal,Patrón operativo normal
modoSuper,Modo avanzado habilitado
modoNormal,Volviendo al estado original
modoNormal,Restauración del sistema realizada
modoSuper,Funciones super implementadas
apagarLuces,Luz interior apagada
modoSuper,Estado funcional elevado
encenderLuces,Luces habilitadas
modoSuper,Sistema asegurado en super
anteriorMelodia,Lista alterada hacia atras
apagarLuces,Reduccion luminosa ejecutada
modoNormal,Modo básico activo
abrirPuerta,Accediendo apertura del sistema
modoNormal,Modo de funcionamiento tradicional
modoNormal,Sistema regresando a normalidad
abrirPuerta,Apertura remota activada
encenderLuces,Activando puntos luminosos
abrirPuerta,Liberación y apertura de puerta
anteriorMelodia,Volviendo a la pista inicial
abrirPuerta,Mecanismo de apertura activo
encenderLuces,Luz encendida en la vivienda
anteriorMelodia,Reactivando pista anterior
encenderLuces,Luz accesible encendida
anteriorMelodia,Regresando a la melodia previa
encenderLuces,Luces habilitadas
apagarLuces,Retiro de luz completado
apagarLuces,Iluminacion detenida
apagarLuces,Cerrando sistema de luces
modoNormal,Modo normal establecido
encenderLuces,Inicializando encendido de luces
anteriorMelodia,Regresando en lista musical
abrirPuerta,Activando apertura principal
abrirPuerta,Acceso en secuencia de apertura
encenderLuces,Encendido de luz ejecutado
siguienteMelodia,Cambio de canción adelante
siguienteMelodia,Avance de lista musical
abrirPuerta,Liberación y apertura de puerta
modoNormal,Funcionamiento común recuperado
encenderLuces,Activando sistema de luces
modoSuper,Sistema asegurado en super
encenderLuces,Iluminando area del hogar
encenderLuces,Inicio de proceso de iluminacion
siguienteMelodia,Transición a siguiente melodia
modoSuper,Modo super operativo
abrirPuerta,Apertura del acceso confirmada
modoNormal,Retorno completo al modo normal
encenderLuces,Luces encendidas correctamente
abrirPuerta,Acceso recibiendo orden de apertura
siguienteMelodia,Reproducción adelantada
modoNormal,Sistema en comportamiento básico
modoNormal,Funcionamiento común recuperado
encenderLuces,Activando brillo interior
siguienteMelodia,Activación de pista siguiente
encenderLuces,Luz en funcionamiento
anteriorMelodia,Reproduccion regresiva
anteriorMelodia,Pista anterior seleccionada
apagarLuces,Deshabilitando sistema de luces
encenderLuces,Puntos de iluminacion activos
modoNormal,Operación estándar reestablecida
abrirPuerta,Mecanismo de apertura activo
anteriorMelodia,Musica regresada
anteriorMelodia,Volviendo al tema previo
abrirPuerta,Sistema del acceso activado
modoSuper,Potenciación del sistema iniciada
modoNormal,Sistema retornando a valores base
modoNormal,Sistema en condiciones estándar
anteriorMelodia,Secuencia musical previa
abrirPuerta,Acceso principal operando apertura
anteriorMelodia,Volviendo una melodia atras
modoSuper,Estado de máximo rendimiento
encenderLuces,Ambiente correctamente iluminado
encenderLuces,Activando luces internas
modoNormal,Modo normal seguro
modoSuper,Operación super estable
encenderLuces,Activacion de iluminacion completada
apagarLuces,Retiro de luz completado
apagarLuces,Luz interior apagada
modoSuper,Estado super alcanzado
anteriorMelodia,Direccion musical invertida
anteriorMelodia,Retrocediendo a pista anterior
encenderLuces,Luz interior activada
apagarLuces,Iluminacion totalmente detenida
siguienteMelodia,Activando melodia sucesora
abrirPuerta,Acceso siendo liberado
apagarLuces,Finalizando proceso de apagado
modoNormal,Modo estándar restablecido
siguienteMelodia,Reproducción adelantada
abrirPuerta,Accediendo apertura del sistema
modoSuper,Activación avanzada iniciada
modoSuper,Modo inteligente super activado
apagarLuces,Luz deshabilitada correctamente
siguienteMelodia,Melodía adelantada confirmada
abrirPuerta,Activando apertura principal
encenderLuces,Luces principales encendidas
anteriorMelodia,Reproduciendo melodia anterior
siguienteMelodia,Rotación musical adelante
abrirPuerta,Accediendo apertura del sistema
abrirPuerta,Puerta iniciando transición
modoNormal,Nivel normal activado
modoNormal,Sistema en condiciones estándar
abrirPuerta,Activando mecanismos de puerta
modoSuper,Estado super alcanzado
encenderLuces,Encendiendo ambiente
siguienteMelodia,Modo secuencia siguiente
siguienteMelodia,Melodia siguiente en reproducción
apagarLuces,Oscureciendo ambiente
siguienteMelodia,Sonido avanzado en lista
abrirPuerta,Liberando puerta principal
abrirPuerta,Sistema ejecutando apertura remota
modoSuper,Procesamiento super activo
siguienteMelodia,Sonido avanzado en lista
apagarLuces,Apagado completado
modoSuper,Seguridad al máximo nivel
siguienteMelodia,Pista inmediata siguiente activada
anteriorMelodia,Reproduccion de pista anterior
anteriorMelodia,Retroceso activo
anteriorMelodia,Pista anterior activada
modoSuper,Control reforzado habilitado
apagarLuces,Cierre de sistema luminoso
abrirPuerta,Activando mecanismos de puerta
anteriorMelodia,Tema anterior confirmado
anteriorMelodia,Pista anterior ejecutada
siguienteMelodia,Rotación musical adelante
modoNormal,Sistema regresando a normalidad
encenderLuces,Luces habilitadas
siguienteMelodia,Musica adelantada
modoSuper,Reforzando operación general
anteriorMelodia,Transicion a pista anterior
apagarLuces,Sistema de luz deshabilitado
apagarLuces,Retiro de luz completado
modoSuper,Potencia aumentada en sistema
abrirPuerta,Acceso iniciando apertura
modoSuper,Entrando en estado super
siguienteMelodia,Cambiando a la siguiente pista
abrirPuerta,Apertura del acceso confirmada
modoSuper,Modo super completamente activo
siguienteMelodia,Modo música adelante
modoSuper,Reforzando capacidad del sistema
modoSuper,Modo super habilitado
encenderLuces,Encendiendo luces externas
abrirPuerta,Apertura sin obstrucciones en curso
abrirPuerta,Puerta principal abriendo
siguienteMelodia,Saltando a pista siguiente
anteriorMelodia,Pista previa confirmada
anteriorMelodia,Retroceso de secuencia musical
anteriorMelodia,Retroceso musical activado
siguienteMelodia,Pasando a la próxima canción
modoNormal,Modo normal asegurado
encenderLuces,Encendiendo luces disponibles
apagarLuces,Apagado completado
siguienteMelodia,Reproducción mejorada adelante
siguienteMelodia,Avanzando melodia
apagarLuces,Luz desconectada del sistema
apagarLuces,Sistema oscuro habilitado
modoSuper,Seguridad elevada activada
anteriorMelodia,Pista previa confirmada
apagarLuces,Finalizacion de iluminacion
modoSuper,Sistema devuelto a modo super
modoSuper,Sistema en estado intensivo
modoNormal,Sistema estabilizado
encenderLuces,Encendiendo ambiente
modoSuper,Potenciación del sistema iniciada
modoNormal,Contexto base reactivado
siguienteMelodia,Sonido avanzado en lista
anteriorMelodia,Reproduccion de pista anterior
anteriorMelodia,Retorno musical habilitado
modoSuper,Activando modo super
modoSuper,Modo de seguridad reforzado
anteriorMelodia,Control musical hacia atras
apagarLuces,Luz interior apagada
modoNormal,Modo usual recuperado
encenderLuces,Intensidad luminosa activada
apagarLuces,Iluminacion totalmente detenida
modoNormal,Sistema reintegrado a normalidad
siguienteMelodia,Melodía entrante activada
apagarLuces,Apagado completado
anteriorMelodia,Retorno musical habilitado
modoSuper,Reforzando operación general
siguienteMelodia,Lista avanzando
siguienteMelodia,Pista inmediata siguiente activada
modoSuper,Modo super sosteniéndose
encenderLuces,Puntos de luz activados
abrirPuerta,Apertura remota activada
siguienteMelodia,Cambio musical siguiente procesado
modoNormal,Estado habitual restablecido
modoNormal,Sistema estabilizado
abrirPuerta,Puerta principal liberándose
siguienteMelodia,Pasando a la próxima canción
modoSuper,Sistema elevado a modo super
modoNormal,Operación sin modo super
modoSuper,Modo de seguridad reforzado
modoNormal,Patrón operativo normal
apagarLuces,Luz desconectada del sistema
anteriorMelodia,Lista alterada hacia atras
apagarLuces,Desactivacion luminosa ejecutada
anteriorMelodia,Volviendo en la secuencia sonora
abrirPuerta,Liberación y apertura de puerta
modoNormal,Sistema regresando a normalidad
anteriorMelodia,Melodia previa recuperada
apagarLuces,Corte de iluminacion ejecutado
encenderLuces,Luz automatizada encendida
abrirPuerta,Puerta respondiendo al comando
anteriorMelodia,Regreso musical ejecutado
modoSuper,Funciones super implementadas
modoNormal,Modo normal activado
apagarLuces,Apagado completado
apagarLuces,Luz deshabilitada correctamente
encenderLuces,Encendido de ambiente interno
siguienteMelodia,Cambiando a la siguiente pista
encenderLuces,Iluminacion del entorno activa
modoNormal,Normalidad recuperada
encenderLuces,Luces operativas
siguienteMelodia,Pista activa siguiente
apagarLuces,Apagando luces disponibles
modoNormal,Modo básico activo
apagarLuces,Retiro de luz completado
encenderLuces,Encendiendo zona iluminada
encenderLuces,Iluminacion del entorno activa
modoSuper,Operación ampliada iniciada
modoSuper,Sistema elevado a modo super
encenderLuces,Activando luces internas
modoSuper,Estado de máximo rendimiento
siguienteMelodia,Sonido avanzado en lista
modoNormal,Config estándar confirmada
anteriorMelodia,Volviendo al tema previo
modoNormal,Revirtiendo a configuración base
siguienteMelodia,Reproducción de próxima pista
modoSuper,Seguridad elevada activada
abrirPuerta,Ejecutando apertura principal
encenderLuces,Intensidad luminosa activada
siguienteMelodia,Lista musical moviéndose adelante
encenderLuces,Luz ambiental habilitada
modoNormal,Volviendo a parámetros normales
anteriorMelodia,Retroceso activo
modoNormal,Modo normal establecido
modoSuper,Rendimiento super iniciado
siguienteMelodia,Avanzando melodia
modoNormal,Modo normal confirmado
abrirPuerta,Sistema activando apertura
modoNormal,Modo usual recuperado
modoSuper,Sistema en estado intensivo
encenderLuces,Luz principal habilitada
anteriorMelodia,Retroceso musical activado
anteriorMelodia,Seleccionando melodia anterior
abrirPuerta,Puerta desbloqueándose
anteriorMelodia,Lista alterada hacia atras
encenderLuces,Luces principales encendidas
modoNormal,Volviendo a circulación normal
anteriorMelodia,Volviendo a la pista inicial
encenderLuces,Luz principal habilitada
anteriorMelodia,Reproduccion anterior establecida
encenderLuces,Focos encendidos
abrirPuerta,Acceso principal operando apertura
encenderLuces,Activando puntos luminosos
modoNormal,Modo normal en funcionamiento
abrirPuerta,Acceso principal en ejecución
apagarLuces,Luces interiores desactivadas
siguienteMelodia,Reproducción continua siguiente
abrirPuerta,Activando mecanismos de puerta
siguienteMelodia,Control musical avanzado
anteriorMelodia,Cambio a melodia anterior
abrirPuerta,Puerta principal liberándose
anteriorMelodia,Direccion musical invertida
abrirPuerta,Puerta lista en modo apertura
apagarLuces,Modo oscuro activado
encenderLuces,Sistema de luz activo
encenderLuces,Activacion de iluminacion completada
modoSuper,Funcionamiento avanzado activado
anteriorMelodia,Pista previa habilitada
modoSuper,Estado funcional elevado
modoSuper,Seguridad maximizada
apagarLuces,Oscureciendo ambiente
anteriorMelodia,Reactivando pista anterior
siguienteMelodia,Melodía entrante activada
abrirPuerta,Acceso principal en ejecución
abrirPuerta,Apertura automática en progreso
modoNormal,Ejecución en modo estándar
siguienteMelodia,Pasando a la próxima canción
apagarLuces,Iluminacion detenida
apagarLuces,Cese completo de luz
abrirPuerta,Desbloqueo inicial de la puerta
modoSuper,Modo super establecido
encenderLuces,Focos encendidos
anteriorMelodia,Pista anterior seleccionada
anteriorMelodia,Volviendo en la secuencia sonora
modoSuper,Maximizando niveles operativos
abrirPuerta,Apertura de puerta en proceso
anteriorMelodia,Pista anterior ejecutada
modoSuper,Rendimiento super iniciado
modoNormal,Modo estándar restablecido
encenderLuces,Encendido de ambiente interno
modoNormal,Configuración normal aplicada
encenderLuces,Sistema luminoso encendido
modoNormal,Modo estable activado
encenderLuces,Luz automatizada encendida
apagarLuces,Ambiente sin iluminacion
anteriorMelodia,Reproduccion regresiva
anteriorMelodia,Reinicio de melodia previa
siguienteMelodia,Reproducción de próxima pista
siguienteMelodia,Reproducción de próxima pista
anteriorMelodia,Regreso musical ejecutado
anteriorMelodia,Ejecutando melodia previa
modoSuper,Protección total habilitada
siguienteMelodia,Cambio de canción adelante
modoSuper,Modo especializado activado
apagarLuces,Apagado del ambiente
anteriorMelodia,Musica regresada
encenderLuces,Sistema en modo iluminado
siguienteMelodia,Modo música adelante
anteriorMelodia,Lista alterada hacia atras
encenderLuces,Luz interior activada
apagarLuces,Finalizando proceso de apagado
siguienteMelodia,Cambio musical siguiente procesado
modoNormal,Modo básico activo
encenderLuces,Iluminacion domestica lista
modoNormal,Modo normal confirmado
modoNormal,Modo normal en funcionamiento
abrirPuerta,Apertura automática iniciada
encenderLuces,Activacion luminosa procesada
anteriorMelodia,Melodia previa recuperada
encenderLuces,Encendiendo ambiente
modoSuper,Funciones mejoradas encendidas
anteriorMelodia,Reproduccion anterior establecida
modoNormal,Restauración del estado inicial
modoNormal,Modo estable activado
modoSuper,Seguridad elevada activada
siguienteMelodia,Pasando a la próxima canción
encenderLuces,Encendiendo iluminacion interior
modoNormal,Restaurando modo normal
apagarLuces,Apagando luces disponibles
encenderLuces,Intensidad luminosa activada
apagarLuces,Sistema finalizando luz
encenderLuces,Control de luz activado
siguienteMelodia,Pista avanzada habilitada
apagarLuces,Iluminacion retirada
modoSuper,Reforzando operación general
anteriorMelodia,Reactivando pista anterior
abrirPuerta,Sistema del acceso activado
apagarLuces,Luz deshabilitada correctamente
abrirPuerta,Puerta iniciando transición
siguienteMelodia,Cambiando a la siguiente pista
apagarLuces,Oscureciendo ambiente
anteriorMelodia,Ejecutando melodia previa
apagarLuces,Detencion de iluminacion
modoNormal,Frecuencia normal en proceso
modoNormal,Nivel normal activado
modoNormal,Estado habitual restablecido
apagarLuces,Sistema finalizando luz
siguienteMelodia,Lista musical moviéndose adelante
siguienteMelodia,Canción siguiente ejecutada
siguienteMelodia,Activando melodia sucesora
apagarLuces,Iluminacion totalmente detenida
encenderLuces,Inicializando encendido de luces
encenderLuces,Iluminacion domestica lista
modoNormal,Operación sin modo super
modoNormal,Modo normal en funcionamiento
apagarLuces,Apagando luces disponibles
abrirPuerta,Activando mecanismos de puerta
modoNormal,Sistema regresando a normalidad
encenderLuces,Sistema luminoso completado
encenderLuces,Activando sistema de luces
modoNormal,Operación estándar reestablecida
anteriorMelodia,Regreso musical ejecutado
siguienteMelodia,Activando pista posterior
anteriorMelodia,Pista anterior seleccionada
modoSuper,Modo especializado activado
abrirPuerta,Secuencia de apertura activada
modoSuper,Modo super operativo
modoSuper,Estatus super habilitado
modoNormal,Restaurando modo normal
apagarLuces,Luz deshabilitada correctamente
modoSuper,Modo protector elevado
abrirPuerta,Apertura de puerta en proceso
encenderLuces,Iluminacion interior lista
abrirPuerta,Puerta en transición de apertura
encenderLuces,Activando luces internas
encenderLuces,Luces encendidas correctamente
encenderLuces,Luces habilitadas por sistema
siguienteMelodia,Cambio de canción adelante
encenderLuces,Encendiendo luces del hogar
anteriorMelodia,Tema en retroceso
modoNormal,Restituyendo ajustes originales
siguienteMelodia,Posición musical siguiente
anteriorMelodia,Musica regresada
encenderLuces,Activando brillo interior
encenderLuces,Control de luz activado
apagarLuces,Apagado general procesado
siguienteMelodia,Control musical avanzado
encenderLuces,Encendiendo iluminacion interior
modoSuper,Protección total habilitada
encenderLuces,Modo luz encendido
apagarLuces,Luz cancelada correctamente
siguienteMelodia,Continuación musical habilitada
abrirPuerta,Mecanismo de apertura activo
anteriorMelodia,Cambio a melodia anterior
encenderLuces,Encendido general listo
anteriorMelodia,Regresando en lista musical
abrirPuerta,Puerta respondiendo apertura
apagarLuces,Luces interiores desactivadas
siguienteMelodia,Modo secuencia siguiente
encenderLuces,Activacion luminosa procesada
siguienteMelodia,Reproducción adelantada
abrirPuerta,Abriendo puerta principal
siguienteMelodia,Reproducción de próxima pista
anteriorMelodia,Retroceso confirmado
modoSuper,Modo especializado activado
siguienteMelodia,Sonido avanzado en lista
modoSuper,Modo intensificado activo
abrirPuerta,Puerta en transición de apertura
modoNormal,Volviendo a parámetros normales
apagarLuces,Ambiente sin iluminacion
siguienteMelodia,Progreso musical hacia adelante
anteriorMelodia,Reproduccion de pista anterior
modoSuper,Modo extremo habilitado
siguienteMelodia,Canción siguiente ejecutada
anteriorMelodia,Musica anterior procesada
encenderLuces,Encendiendo zona iluminada
abrirPuerta,Apertura automática en progreso
anteriorMelodia,Reproduciendo melodia anterior
siguienteMelodia,Operación siguiente melodia
modoNormal,Restaurando modo normal
encenderLuces,Luz principal iniciada
modoSuper,Potencia aumentada en sistema
abrirPuerta,Ejecutando apertura principal
anteriorMelodia,Volviendo al tema previo
encenderLuces,Encendiendo luces externas
modoSuper,Operación super estable
abrirPuerta,Acceso automatizado activado
encenderLuces,Encendiendo luces externas
abrirPuerta,Desbloqueo inicial de la puerta
modoSuper,Potenciación del sistema iniciada
siguienteMelodia,Cambiando a la siguiente pista
encenderLuces,Encendido de luz ejecutado
modoNormal,Modo regular activado
anteriorMelodia,Retroceso activo
abrirPuerta,Movimiento de apertura iniciado
apagarLuces,Iluminacion retirada
abrirPuerta,Acceso principal operando apertura
abrirPuerta,Apertura remota activada
abrirPuerta,Destraba de puerta ejecutada
modoNormal,Modo de funcionamiento tradicional
apagarLuces,Oscureciendo ambiente
encenderLuces,Sistema en modo iluminado
siguienteMelodia,Reproducción continua siguiente
modoNormal,Frecuencia estándar habilitada
anteriorMelodia,Retorno a melodia previa
encenderLuces,Encendiendo iluminacion interior
anteriorMelodia,Regresando a la melodia previa
siguienteMelodia,Movimiento a pista consecutiva
modoSuper,Modo super atendido
abrirPuerta,Apertura automática iniciada
modoSuper,Protección total habilitada
encenderLuces,Control de luz activado
siguienteMelodia,Pasando a la próxima canción
anteriorMelodia,Tema anterior en ejecucion
modoNormal,Modo normal seguro
modoSuper,Control avanzado reforzado
apagarLuces,Luces principales apagadas
anteriorMelodia,Pista anterior seleccionada
apagarLuces,Cese completo de luz
abrirPuerta,Puerta desplazándose hacia apertura
anteriorMelodia,Entrada a melodia anterior
siguienteMelodia,Melodia siguiente en reproducción
abrirPuerta,Acceso recibiendo orden de apertura
apagarLuces,Iluminacion totalmente detenida
modoSuper,Control aumentado habilitado
abrirPuerta,Acceso en secuencia de apertura
abrirPuerta,Apertura de puerta en proceso
encenderLuces,Ambiente correctamente iluminado
siguienteMelodia,Control de avance musical
siguienteMelodia,Control musical avanzado
modoNormal,Funcionamiento común recuperado
anteriorMelodia,Ejecutando melodia previa
encenderLuces,Activacion de iluminacion completada
anteriorMelodia,Lista regresando atras
encenderLuces,Inicio de iluminacion estable
modoSuper,Estatus super habilitado
anteriorMelodia,Seleccionando melodia anterior
anteriorMelodia,Reinicio de melodia previa
modoSuper,Sistema bajo modo super seguro
modoSuper,Operación super estable
anteriorMelodia,Pista anterior ejecutada
modoSuper,Operación super estable
siguienteMelodia,Entrada a melodia siguiente
modoNormal,Modo natural activo
anteriorMelodia,Tema previo en curso
modoSuper,Habilitando funciones super
encenderLuces,Sistema iluminando interiores
modoNormal,Nivel normal activado
abrirPuerta,Acceso principal moviéndose
modoSuper,Modo super sosteniéndose
modoNormal,Modo estándar restablecido
siguienteMelodia,Operación siguiente melodia
modoNormal,Modo base activado
encenderLuces,Luces operativas
siguienteMelodia,Operación siguiente melodia
apagarLuces,Modo oscuro activado
modoNormal,Frecuencia normal en proceso
anteriorMelodia,Retroceso activo
siguienteMelodia,Movimiento a pista consecutiva
encenderLuces,Ambiente correctamente iluminado
encenderLuces,Modo luz encendido
encenderLuces,Encendiendo luces disponibles
siguienteMelodia,Avanzando melodia
encenderLuces,Iluminacion del hogar lista
encenderLuces,Iluminacion activada
apagarLuces,Iluminacion totalmente detenida
apagarLuces,Sistema oscuro habilitado
siguienteMelodia,Reproducción de próxima pista
modoSuper,Modo super atendido
encenderLuces,Puntos de luz activados
encenderLuces,Control de luz activado
modoNormal,Modo base activado
modoSuper,Modo super completamente activo
siguienteMelodia,Sonido siguiente habilitado
modoSuper,Seguridad al máximo nivel
modoNormal,Modo estable activado
encenderLuces,Activacion luminosa procesada
apagarLuces,Luces cortadas
encenderLuces,Luces habilitadas
abrirPuerta,Puerta despejando acceso
anteriorMelodia,Retroceso de secuencia musical
abrirPuerta,Acceso principal operando apertura
anteriorMelodia,Volviendo a la pista inicial
anteriorMelodia,Musica anterior procesada
modoSuper,Control reforzado habilitado
siguienteMelodia,Tema posterior en curso
encenderLuces,Sistema luminoso completado
anteriorMelodia,Entrada a melodia anterior
modoSuper,Control aumentado habilitado
encenderLuces,Luz interior activada
modoSuper,Protección reforzada activa
abrirPuerta,Acceso automatizado activado
modoNormal,Sistema en régimen estándar
abrirPuerta,Proceso de apertura en curso
modoNormal,Modo cotidiano activado
encenderLuces,Iluminacion del hogar lista
encenderLuces,Puntos de luz activados
siguienteMelodia,Transición a siguiente melodia
modoSuper,Protección reforzada activa
siguienteMelodia,Pista desplazada hacia adelante
modoNormal,Estado habitual restablecido
siguienteMelodia,Progreso musical hacia adelante
encenderLuces,Encendiendo zona iluminada
modoNormal,Modo normal en funcionamiento
encenderLuces,Luz principal habilitada
siguienteMelodia,Sonido avanzado en lista
abrirPuerta,Liberando puerta principal
abrirPuerta,Liberando puerta principal
modoSuper,Sistema devuelto a modo super
modoNormal,Volviendo a parámetros normales
siguienteMelodia,Continuación musical habilitada
modoSuper,Modo super sosteniéndose
abrirPuerta,Acceso principal moviéndose
apagarLuces,Finalizacion de iluminacion
anteriorMelodia,Seleccionando melodia anterior
abrirPuerta,Comenzando apertura de puerta
modoSuper,Funciones mejoradas encendidas
siguienteMelodia,Canción siguiente ejecutada
apagarLuces,Iniciando apagado de luces
modoSuper,Sistema entrando en modo super
apagarLuces,Iluminacion retirada
anteriorMelodia,Melodia retrocedida correctamente
anteriorMelodia,Reproduciendo melodia anterior
apagarLuces,Modo oscuro activado
encenderLuces,Activando puntos luminosos
anteriorMelodia,Entrada a melodia anterior
anteriorMelodia,Retroceso de playlist
modoNormal,Modo regular activado
encenderLuces,Luces habilitadas por sistema
abrirPuerta,Puerta despejando acceso
siguienteMelodia,Activando melodia sucesora
siguienteMelodia,Secuencia a tema posterior
modoSuper,Potencia aumentada en sistema
modoNormal,Restauración del estado inicial
modoNormal,Operación normal retomada
siguienteMelodia,Rotación musical adelante
anteriorMelodia,Cancion anterior reproducida
encenderLuces,Encendiendo zona iluminada
siguienteMelodia,Reproducción mejorada adelante
modoNormal,Control básico restaurado
abrirPuerta,Realizando apertura de puerta
apagarLuces,Detencion de iluminacion
encenderLuces,Encendido general listo
modoSuper,Sistema entrando en modo super
encenderLuces,Activacion de iluminacion completada
siguienteMelodia,Continuación musical habilitada
modoNormal,Volviendo a parámetros normales
apagarLuces,Luz cancelada correctamente
siguienteMelodia,Lista musical moviéndose adelante
abrirPuerta,Puerta habilitada para abrir
siguienteMelodia,Lista continua hacia adelante
anteriorMelodia,Volviendo en la secuencia sonora
encenderLuces,Sistema luminoso completado
siguienteMelodia,Pista avanzada habilitada
modoSuper,Maximizando niveles operativos
anteriorMelodia,Reproduciendo melodia anterior
modoNormal,Modo normal seguro
apagarLuces,Luces totalmente desactivadas
abrirPuerta,Apertura automática en progreso
siguienteMelodia,Ejecutando melodia siguiente
abrirPuerta,Abriendo puerta principal
anteriorMelodia,Lista regresando atras
modoSuper,Entrando en estado super
siguienteMelodia,Modo música adelante
modoNormal,Normalidad recuperada
abrirPuerta,Ejecutando apertura automatizada
abrirPuerta,Ejecutando apertura principal
anteriorMelodia,Retorno musical habilitado
abrirPuerta,Apertura confirmada
abrirPuerta,Activando mecanismos de puerta
encenderLuces,Sistema en modo iluminado
modoSuper,Procesamiento super activo
encenderLuces,Iluminando area del hogar
modoSuper,Estado funcional elevado
apagarLuces,Apagado del ambiente
modoSuper,Control reforzado habilitado
modoNormal,Sistema en comportamiento básico
anteriorMelodia,Lista regresando atras
encenderLuces,Focos encendidos
anteriorMelodia,Melodia retrocedida correctamente
anteriorMelodia,Volviendo a la pista inicial
modoSuper,Estatus super habilitado
encenderLuces,Encendido de luz interior
modoSuper,Sistema en estado intensivo
siguienteMelodia,Modo música adelante
modoSuper,Modo especializado activado
apagarLuces,Apagado del ambiente
anteriorMelodia,Reproduciendo melodia anterior
anteriorMelodia,Transicion a pista anterior
siguienteMelodia,Movimiento a pista consecutiva
apagarLuces,Luz interior apagada
encenderLuces,Encendiendo luces disponibles
apagarLuces,Sistema de luz deshabilitado
encenderLuces,Activacion luminosa procesada
anteriorMelodia,Retroceso de secuencia musical
abrirPuerta,Puerta desbloqueándose
modoNormal,Modo usual recuperado
encenderLuces,Luces habilitadas por sistema
anteriorMelodia,Lista regresando atras
modoSuper,Modo super sosteniéndose
siguienteMelodia,Desplazando a canción siguiente
anteriorMelodia,Lista alterada hacia atras
anteriorMelodia,Volviendo al tema previo
modoNormal,Sistema en estado regular
anteriorMelodia,Reproduccion retrocedida
apagarLuces,Desconectando iluminacion interna
siguienteMelodia,Desplazando a canción siguiente
encenderLuces,Luces habilitadas
siguienteMelodia,Avanzando melodia
modoNormal,Modo cotidiano activado
encenderLuces,Sistema luminoso encendido
abrirPuerta,Acceso principal operando apertura
apagarLuces,Desactivando iluminacion general
encenderLuces,Iluminacion domestica lista
anteriorMelodia,Pista anterior ejecutada
modoSuper,Funcionamiento avanzado activado
modoSuper,Operación ampliada iniciada
siguienteMelodia,Transición a siguiente melodia
modoSuper,Sistema elevado a modo super
siguienteMelodia,Reproducción adelantada
modoNormal,Frecuencia normal en proceso
modoSuper,Control reforzado habilitado
anteriorMelodia,Regresando al sonido previo
abrirPuerta,Puerta despejando acceso
siguienteMelodia,Cambio de canción adelante
modoNormal,Volviendo al estado original
siguienteMelodia,Pista inmediata siguiente activada
encenderLuces,Inicio de proceso de iluminacion
modoSuper,Modo super sosteniéndose
abrirPuerta,Movimiento de apertura iniciado
siguienteMelodia,Control musical avanzado
modoSuper,Sistema devuelto a modo super
encenderLuces,Luz interior activada
abrirPuerta,Apertura de puerta en proceso
anteriorMelodia,Melodia previa en reproduccion
anteriorMelodia,Tema anterior en ejecucion
apagarLuces,Sistema apagando luces
modoNormal,Config estándar confirmada
encenderLuces,Luces habilitadas
modoNormal,Operación normal retomada
encenderLuces,Inicializando encendido de luces
encenderLuces,Sistema luminoso completado
apagarLuces,Deshabilitando sistema de luces
encenderLuces,Encendiendo ambiente
apagarLuces,Luces cortadas
siguienteMelodia,Control musical avanzado
anteriorMelodia,Seleccionando melodia anterior
modoNormal,Modo estable activado
encenderLuces,Luces activadas satisfactoriamente
abrirPuerta,Apertura sin obstrucciones en curso
modoSuper,Funciones super implementadas
abrirPuerta,Puerta avanzando a apertura
encenderLuces,Encendiendo luces disponibles
apagarLuces,Focos apagados
siguienteMelodia,Continuación musical habilitada
anteriorMelodia,Tema anterior en ejecucion
siguienteMelodia,Canción desplazada hacia adelante
encenderLuces,Activando sistema de luces
modoNormal,Modo estable activado
encenderLuces,Inicializando encendido de luces
abrirPuerta,Sistema liberando puerta
modoSuper,Control avanzado reforzado
modoSuper,Maximizando niveles operativos
modoSuper,Sistema devuelto a modo super
modoNormal,Modo normal en funcionamiento
abrirPuerta,Apertura automática iniciada
modoNormal,Modo normal establecido
anteriorMelodia,Volviendo a la pista inicial
abrirPuerta,Puerta desplazándose hacia apertura
modoNormal,Sistema en régimen estándar
abrirPuerta,Apertura de puerta en proceso
siguienteMelodia,Lista musical moviéndose adelante
siguienteMelodia,Secuencia musical siguiente
modoSuper,Operación super estable
abrirPuerta,Puerta habilitada para abrir
abrirPuerta,Destraba de puerta ejecutada
modoNormal,Frecuencia normal en proceso
apagarLuces,Finalizacion de iluminacion
anteriorMelodia,Volviendo una melodia atras
modoSuper,Ejecución de seguridad avanzada
siguienteMelodia,Control de avance musical
encenderLuces,Puntos de iluminacion activos
anteriorMelodia,Pista previa confirmada
encenderLuces,Ambiente iluminado
modoNormal,Modo normal establecido
modoNormal,Modo básico activo
apagarLuces,Luz deshabilitada correctamente
siguienteMelodia,Activación de pista siguiente
abrirPuerta,Sistema ejecutando apertura remota
encenderLuces,Iluminacion general encendida
siguienteMelodia,Operación siguiente melodia
modoSuper,Reforzando capacidad del sistema
modoNormal,Sistema en condiciones estándar
anteriorMelodia,Retrocediendo a pista anterior
modoNormal,Sistema fuera de modo super
modoNormal,Modo estándar restablecido
encenderLuces,Iluminacion domestica lista
apagarLuces,Iluminacion minimizada
anteriorMelodia,Regresando al sonido previo
abrirPuerta,Secuencia de apertura activada
apagarLuces,Luces deshabilitadas
encenderLuces,Modo luz encendido
modoSuper,Modo extremo habilitado
apagarLuces,Apagado general procesado
abrirPuerta,Destraba de puerta ejecutada
modoSuper,Modo super operativo
modoSuper,Seguridad al máximo nivel
siguienteMelodia,Activación de pista siguiente
modoSuper,Potencia aumentada en sistema
abrirPuerta,Acceso principal moviéndose
apagarLuces,Apagado interno listo
modoNormal,Volviendo a circulación normal
encenderLuces,Sistema de luz activo
modoSuper,Activación máxima ejecutada
apagarLuces,Luz interior apagada
abrirPuerta,Iniciando apertura del acceso
modoSuper,Potenciación del sistema iniciada
modoSuper,Activación máxima ejecutada
modoNormal,Modo regular activado
abrirPuerta,Desbloqueo inicial de la puerta
apagarLuces,Luz retirada por comando
anteriorMelodia,Retroceso de secuencia musical
apagarLuces,Corte de iluminacion ejecutado
modoSuper,Potenciación del sistema iniciada
siguienteMelodia,Ejecutando tema siguiente
apagarLuces,Desactivando puntos de luz
anteriorMelodia,Musica anterior procesada
modoNormal,Operación común activada
encenderLuces,Encendido general listo
siguienteMelodia,Desplazando a canción siguiente
modoNormal,Sistema regresando a normalidad
apagarLuces,Iluminacion detenida
siguienteMelodia,Reproduciendo siguiente melodia
modoNormal,Patrón operativo normal
anteriorMelodia,Tema en retroceso
apagarLuces,Desconectando iluminacion interna
siguienteMelodia,Progreso musical hacia adelante
modoSuper,Protección total habilitada
abrirPuerta,Sistema liberando puerta
encenderLuces,Activando brillo interior
abrirPuerta,Realizando apertura de puerta
siguienteMelodia,Reproducción de próxima pista
siguienteMelodia,Posición musical siguiente
abrirPuerta,Puerta respondiendo al comando
siguienteMelodia,Melodía entrante activada
apagarLuces,Iluminacion detenida
modoNormal,Volviendo al estado original
encenderLuces,Modo luz encendido
modoSuper,Operación super establecida
encenderLuces,Luz ambiental habilitada
siguienteMelodia,Melodia siguiente en reproducción
anteriorMelodia,Entrada a melodia anterior
anteriorMelodia,Seleccionando melodia anterior
encenderLuces,Iluminacion activada
modoNormal,Modo base activado
abrirPuerta,Destraba de puerta ejecutada
anteriorMelodia,Musica anterior procesada
encenderLuces,Activando brillo interior
abrirPuerta,Acceso principal en apertura
anteriorMelodia,Retroceso musical activado
modoNormal,Desactivando modo super
siguienteMelodia,Pista activa siguiente
encenderLuces,Intensidad luminosa activada
modoSuper,Modo superior en proceso
modoNormal,Norma operativa establecida
modoNormal,Volviendo a circulación normal
modoSuper,Estado de máximo rendimiento
modoSuper,Activación avanzada iniciada
abrirPuerta,Ejecutando apertura principal
modoNormal,Modo regular activado
abrirPuerta,Acceso siendo liberado
encenderLuces,Intensidad luminosa activada
anteriorMelodia,Tema en retroceso
siguienteMelodia,Reproduciendo siguiente melodia
apagarLuces,Sistema en modo sin luz
abrirPuerta,Destraba de puerta ejecutada
apagarLuces,Desactivando puntos de luz
modoSuper,Modo inteligente super activado
encenderLuces,Luz principal iniciada
modoSuper,Procesamiento super activo
anteriorMelodia,Secuencia regresiva habilitada
abrirPuerta,Sistema ejecutando apertura remota
modoSuper,Seguridad al máximo nivel
apagarLuces,Iluminacion totalmente detenida
modoSuper,Protección reforzada activa
modoNormal,Sistema en condiciones estándar
modoNormal,Estado habitual restablecido
abrirPuerta,Acceso principal en movimiento
encenderLuces,Focos encendidos
apagarLuces,Ambiente en modo oscuro
apagarLuces,Apagando luces disponibles
encenderLuces,Luz principal iniciada
modoSuper,Entrando en estado super
apagarLuces,Sistema en modo sin luz
modoNormal,Parámetros normales aplicados
siguienteMelodia,Desplazando a canción siguiente
abrirPuerta,Puerta iniciando apertura
siguienteMelodia,Pista avanzada habilitada
abrirPuerta,Acceso principal operando apertura
modoNormal,Modo estable activado
encenderLuces,Luz en funcionamiento
abrirPuerta,Puerta desplazándose hacia apertura
modoNormal,Desactivando modo super
modoSuper,Protección reforzada activa
encenderLuces,Activando sistema de luces
abrirPuerta,Puerta lista en modo apertura
modoSuper,Modo extremo habilitado
siguienteMelodia,Movimiento a pista consecutiva
encenderLuces,Inicio de iluminacion estable
anteriorMelodia,Direccion musical invertida
encenderLuces,Luz automatizada encendida
abrirPuerta,Desbloqueo y apertura iniciados
apagarLuces,Luces principales apagadas
siguienteMelodia,Activación de pista siguiente
encenderLuces,Luces encendidas correctamente
apagarLuces,Ambiente sin iluminacion
encenderLuces,Activando sistema de luces
modoNormal,Normalidad recuperada
modoSuper,Sistema devuelto a modo super
modoSuper,Modo super completamente activo
siguienteMelodia,Avance de playlist
modoSuper,Modo superior en proceso
apagarLuces,Detencion de iluminacion
modoSuper,Activación máxima ejecutada
anteriorMelodia,Entrada a melodia anterior
modoSuper,Modo avanzado habilitado
modoSuper,Control reforzado habilitado
modoSuper,Modo avanzado habilitado
modoNormal,Sistema en comportamiento básico
anteriorMelodia,Reproduccion anterior establecida
siguienteMelodia,Operación siguiente melodia
modoNormal,Parámetros normales aplicados
siguienteMelodia,Movimiento a pista consecutiva
anteriorMelodia,Retroceso musical activado
anteriorMelodia,Retorno a melodia previa
modoSuper,Sistema entrando en modo super
siguienteMelodia,Reproducción secuencial siguiente
anteriorMelodia,Retrocediendo a pista anterior
modoSuper,Modo super operativo
apagarLuces,Sistema de luz deshabilitado
modoSuper,Optimizando recursos en super
siguienteMelodia,Canción desplazada hacia adelante
siguienteMelodia,Modo secuencia siguiente
abrirPuerta,Acceso principal en movimiento
abrirPuerta,Puerta respondiendo al comando
modoSuper,Optimizando recursos en super
modoNormal,Modo de funcionamiento tradicional
encenderLuces,Encendido general listo
modoSuper,Ejecución de seguridad avanzada
siguienteMelodia,Ejecutando melodia siguiente
abrirPuerta,Puerta desplazándose hacia apertura
encenderLuces,Puntos de iluminacion activos
anteriorMelodia,Retrocediendo a pista anterior
anteriorMelodia,Volviendo al tema previo
apagarLuces,Desactivando iluminacion general
anteriorMelodia,Reproduccion retrocedida
anteriorMelodia,Musica anterior procesada
anteriorMelodia,Retroceso activo
modoSuper,Ejecución de seguridad avanzada
apagarLuces,Sistema de luz deshabilitado
modoSuper,Seguridad maximizada
encenderLuces,Luz principal habilitada
encenderLuces,Sistema de luz activo
apagarLuces,Luz retirada por comando
apagarLuces,Sistema de luz deshabilitado
apagarLuces,Modo oscuro activado
abrirPuerta,Sistema liberando puerta
abrirPuerta,Acceso principal en apertura
abrirPuerta,Apertura automática iniciada
encenderLuces,Modo luz encendido
apagarLuces,Sistema finalizando luz
abrirPuerta,Puerta despejando acceso
abrirPuerta,Puerta en transición de apertura
abrirPuerta,Apertura del acceso confirmada
modoNormal,Volviendo a circulación normal
anteriorMelodia,Retorno musical habilitado
siguienteMelodia,Lista musical moviéndose adelante
apagarLuces,Iluminacion desactivada
encenderLuces,Luz interior activada
modoNormal,Modo normal en funcionamiento
modoNormal,Operación común activada
anteriorMelodia,Pista anterior ejecutada
anteriorMelodia,Reproduccion anterior establecida
apagarLuces,Desactivando iluminacion general
modoSuper,Potencia aumentada en sistema
modoSuper,Modo super atendido
modoSuper,Modo super sosteniéndose
apagarLuces,Finalizacion de iluminacion
encenderLuces,Luz principal iniciada
siguienteMelodia,Reproducción adelantada
modoNormal,Sistema reintegrado a normalidad
modoNormal,Normalidad recuperada
abrirPuerta,Apertura automática iniciada
apagarLuces,Retiro de luz completado
anteriorMelodia,Secuencia previa activada
anteriorMelodia,Regresando a la melodia previa
anteriorMelodia,Regreso musical ejecutado
abrirPuerta,Mecanismo principal aperturándose
apagarLuces,Apagado interno listo
encenderLuces,Control de luz activado
anteriorMelodia,Direccion musical invertida
encenderLuces,Activando sistema de luces
anteriorMelodia,Tema en retroceso
siguienteMelodia,Canción desplazada hacia adelante
encenderLuces,Iluminacion del hogar lista
modoSuper,Sistema asegurado en super
siguienteMelodia,Continuación musical habilitada
abrirPuerta,Puerta deslizándose
anteriorMelodia,Melodia desplazada hacia atras
modoNormal,Config estándar confirmada
anteriorMelodia,Cancion anterior reproducida
encenderLuces,Luz ambiental habilitada
siguienteMelodia,Movimiento a pista consecutiva
modoNormal,Operación sin modo super
modoNormal,Modo normal en funcionamiento
apagarLuces,Sistema en modo sin luz
modoSuper,Sistema en estado intensivo
apagarLuces,Modo oscuro activado
modoNormal,Modo natural activo
anteriorMelodia,Melodia previa recuperada
apagarLuces,Iluminacion desactivada
siguienteMelodia,Activando melodia sucesora
siguienteMelodia,Reemplazando melodia por siguiente
modoSuper,Sistema entrando en modo super
modoSuper,Sistema elevado a modo super
apagarLuces,Apagado completado
apagarLuces,Sistema en modo sin luz
modoNormal,Retorno completo al modo normal
encenderLuces,Iluminacion activada
modoNormal,Retorno completo al modo normal
encenderLuces,Luz encendida en la vivienda
modoSuper,Control avanzado reforzado
encenderLuces,Luz ambiental habilitada
modoSuper,Modo super sosteniéndose
modoNormal,Estabilidad de régimen recuperada
abrirPuerta,Apertura remota activada
modoNormal,Frecuencia estándar habilitada
siguienteMelodia,Saltando a pista siguiente
encenderLuces,Luces operativas
abrirPuerta,Sistema liberando puerta
apagarLuces,Deshabilitando sistema de luces
modoNormal,Modo básico activo
encenderLuces,Iluminacion interior lista
apagarLuces,Retiro de luz completado
modoSuper,Operación super establecida
modoNormal,Flujo normal operativo
anteriorMelodia,Musica regresada
modoNormal,Modo estándar restablecido
encenderLuces,Encendido de luz interior
siguienteMelodia,Rotación musical adelante
modoSuper,Modo super sosteniéndose
encenderLuces,Inicio de proceso de iluminacion
modoSuper,Control aumentado habilitado
anteriorMelodia,Reinicio de melodia previa
modoSuper,Funcionamiento avanzado activado
siguienteMelodia,Reproducción mejorada adelante
encenderLuces,Iluminacion activada
modoNormal,Modo normal seguro
apagarLuces,Luz desconectada del sistema
anteriorMelodia,Regresando al sonido previo
anteriorMelodia,Regresando al sonido previo
apagarLuces,Iluminacion deshabilitada
siguienteMelodia,Cambio de canción adelante
modoSuper,Modo super procesado
modoSuper,Funcionamiento avanzado activado
siguienteMelodia,Secuencia a tema posterior
modoNormal,Flujo normal operativo
siguienteMelodia,Reemplazando melodia por siguiente
apagarLuces,Ambiente sin iluminacion
siguienteMelodia,Continuación musical habilitada
anteriorMelodia,Regresando pista musical
abrirPuerta,Puerta despejando acceso
abrirPuerta,Acceso automatizado activado
abrirPuerta,Sistema activando apertura
abrirPuerta,Apertura asistida de puerta
apagarLuces,Cese completo de luz
anteriorMelodia,Regresando en lista musical
modoSuper,Modo super completamente activo
apagarLuces,Desactivando puntos de luz
modoNormal,Sistema fuera de modo super
siguienteMelodia,Pista inmediata siguiente activada
modoNormal,Sistema estabilizado
encenderLuces,Encendido de ambiente interno
abrirPuerta,Puerta deslizándose
abrirPuerta,Acceso principal en apertura
modoSuper,Modo super completamente activo
anteriorMelodia,Lista regresando atras
encenderLuces,Intensidad luminosa activada
abrirPuerta,Apertura sin obstrucciones en curso
anteriorMelodia,Musica regresada
modoNormal,Operación común activada
modoSuper,Maximizando niveles operativos
siguienteMelodia,Desplazando a canción siguiente
abrirPuerta,Puerta iniciando apertura
abrirPuerta,Sistema ejecutando apertura remota
abrirPuerta,Comenzando apertura de puerta
siguienteMelodia,Sonido avanzado en lista
encenderLuces,Encendiendo luces disponibles
anteriorMelodia,Reproduccion de pista anterior
modoSuper,Operación super establecida
modoSuper,Sistema devuelto a modo super
modoSuper,Modo de seguridad reforzado
modoNormal,Normalidad recuperada
modoSuper,Reforzando capacidad del sistema
apagarLuces,Desactivacion luminosa ejecutada
siguienteMelodia,Activación de pista siguiente
abrirPuerta,Apertura del acceso confirmada
modoSuper,Protección total habilitada
siguienteMelodia,Reproducción musical progresiva
anteriorMelodia,Regreso musical ejecutado
modoNormal,Sistema reintegrado a normalidad
abrirPuerta,Puerta respondiendo al comando
modoSuper,Operación super establecida
anteriorMelodia,Retroceso de playlist
abrirPuerta,Liberación y apertura de puerta
siguienteMelodia,Reemplazando melodia por siguiente
siguienteMelodia,Sonido siguiente habilitado
apagarLuces,Finalizando proceso de apagado
abrirPuerta,Apertura remota activada
siguienteMelodia,Control de avance musical
modoNormal,Funcionamiento común recuperado
abrirPuerta,Puerta despejando acceso
modoNormal,Restauración del estado inicial
anteriorMelodia,Musica anterior procesada
siguienteMelodia,Cambio musical siguiente procesado
modoSuper,Potencia aumentada en sistema
encenderLuces,Luces encendidas correctamente
siguienteMelodia,Pasando a la próxima canción
abrirPuerta,Puerta principal abriendo
siguienteMelodia,Control de avance musical
modoNormal,Retorno completo al modo normal
apagarLuces,Luz retirada por comando
abrirPuerta,Destraba de puerta ejecutada
abrirPuerta,Apertura automática en progreso
abrirPuerta,Acceso en secuencia de apertura
encenderLuces,Ambiente correctamente iluminado
siguienteMelodia,Pasando a la próxima canción
abrirPuerta,Acceso siendo liberado
abrirPuerta,Acceso principal en apertura
encenderLuces,Encendido general listo
abrirPuerta,Puerta iniciando transición
apagarLuces,Reduccion de iluminacion
encenderLuces,Encendiendo iluminacion interior
modoSuper,Funcionamiento avanzado activado
siguienteMelodia,Ejecutando melodia siguiente
abrirPuerta,Puerta habilitada para abrir
abrirPuerta,Acceso aperturándose
encenderLuces,Puntos de luz activados
encenderLuces,Intensidad luminosa activada
anteriorMelodia,Secuencia musical previa
modoNormal,Sistema en estado regular
modoNormal,Modo básico activo
encenderLuces,Sistema de luz activo
modoNormal,Sistema reintegrado a normalidad
anteriorMelodia,Retroceso musical activado
modoNormal,Operación estándar reestablecida
abrirPuerta,Accediendo apertura del sistema
modoNormal,Sistema en comportamiento básico
siguienteMelodia,Activando pista posterior
siguienteMelodia,Navegación musical siguiente
modoSuper,Activación avanzada iniciada
siguienteMelodia,Cambiando a la siguiente pista
encenderLuces,Luz accesible encendida
modoNormal,Estabilidad de régimen recuperada
anteriorMelodia,Transicion a pista anterior
anteriorMelodia,Secuencia musical previa
apagarLuces,Desactivando iluminacion general
siguienteMelodia,Lista avanzando
modoNormal,Modo cotidiano activado
modoSuper,Operación super estable
apagarLuces,Zona sin iluminacion
anteriorMelodia,Volviendo a la pista inicial
siguienteMelodia,Progreso musical hacia adelante
encenderLuces,Luz principal habilitada
modoSuper,Protección total habilitada
modoSuper,Potencia aumentada en sistema
modoNormal,Sistema regresando a normalidad
siguienteMelodia,Lista musical moviéndose adelante
anteriorMelodia,Reproduccion retrocedida
modoSuper,Modo super sosteniéndose
modoNormal,Sistema estabilizado
siguienteMelodia,Avance de playlist
modoSuper,Modo extremo habilitado
siguienteMelodia,Control musical avanzado
abrirPuerta,Apertura asistida de puerta
siguienteMelodia,Ejecutando tema siguiente
encenderLuces,Modo luz encendido
encenderLuces,Sistema en modo iluminado
modoSuper,Reforzando operación general
modoNormal,Restauración del sistema realizada
anteriorMelodia,Pista anterior activada
anteriorMelodia,Pista anterior ejecutada
apagarLuces,Deshabilitando sistema de luces
modoSuper,Control reforzado habilitado
encenderLuces,Activacion de iluminacion completada
modoNormal,Ejecución en modo estándar
anteriorMelodia,Pista anterior ejecutada
apagarLuces,Desactivacion luminosa ejecutada
encenderLuces,Luz automatizada encendida
anteriorMelodia,Regresando a la melodia previa
siguienteMelodia,Modo secuencia siguiente
anteriorMelodia,Retorno a melodia previa
apagarLuces,Luz deshabilitada correctamente
modoNormal,Restaurando modo normal
apagarLuces,Luces interiores desactivadas
modoSuper,Estado funcional elevado
encenderLuces,Luces encendidas correctamente
abrirPuerta,Apertura del acceso confirmada
modoSuper,Estado funcional elevado
anteriorMelodia,Melodia previa recuperada
anteriorMelodia,Melodia retrocedida correctamente
abrirPuerta,Acceso principal moviéndose
abrirPuerta,Apertura confirmada
modoNormal,Operación normal retomada
anteriorMelodia,Reproduciendo melodia anterior
siguienteMelodia,Reemplazando melodia por siguiente
encenderLuces,Ambiente correctamente iluminado
encenderLuces,Sistema iluminando interiores
modoNormal,Config estándar confirmada
encenderLuces,Encendido general listo
modoNormal,Operación común activada
apagarLuces,Luces principales apagadas
abrirPuerta,Iniciando apertura del acceso
apagarLuces,Desactivando iluminacion general
abrirPuerta,Acceso siendo liberado
siguienteMelodia,Operación siguiente melodia
anteriorMelodia,Retroceso de playlist
abrirPuerta,Desbloqueo y apertura iniciados
anteriorMelodia,Pista anterior ejecutada
modoSuper,Modo super operativo
anteriorMelodia,Reproduciendo melodia anterior
siguienteMelodia,Transición a siguiente melodia
modoNormal,Restaurando modo normal
siguienteMelodia,Desplazando a canción siguiente
modoNormal,Volviendo al estado original
modoNormal,Modo normal establecido
apagarLuces,Ambiente sin iluminacion
modoSuper,Operación super establecida
abrirPuerta,Acceso aperturándose
encenderLuces,Luz interior activada
encenderLuces,Focos encendidos
encenderLuces,Modo luz encendido
anteriorMelodia,Reproduccion anterior establecida
modoNormal,Sistema regresando a normalidad
anteriorMelodia,Regresando al sonido previo
apagarLuces,Luz apagada en el hogar
encenderLuces,Iluminacion base encendida
apagarLuces,Corte de luz interno
modoSuper,Seguridad al máximo nivel
modoNormal,Sistema en condiciones estándar
apagarLuces,Apagando iluminacion interior
modoNormal,Frecuencia estándar habilitada
modoNormal,Volviendo al estado original
modoSuper,Modo super sosteniéndose
siguienteMelodia,Control de avance musical
siguienteMelodia,Progreso musical hacia adelante
abrirPuerta,Apertura remota activada
modoNormal,Modo estable activado
siguienteMelodia,Secuencia musical siguiente
anteriorMelodia,Retrocediendo a pista anterior
modoSuper,Operación ampliada iniciada
encenderLuces,Luces activadas satisfactoriamente
encenderLuces,Iluminando area del hogar
abrirPuerta,Destraba de puerta ejecutada
encenderLuces,Luz en funcionamiento
apagarLuces,Oscureciendo ambiente
modoSuper,Modo super habilitado
anteriorMelodia,Musica anterior procesada
modoNormal,Revirtiendo a configuración base
modoNormal,Modo simple habilitado
abrirPuerta,Puerta deslizándose
siguienteMelodia,Entrada a melodia siguiente
modoSuper,Estado de máximo rendimiento
abrirPuerta,Proceso de apertura en curso
modoNormal,Volviendo a parámetros normales
siguienteMelodia,Activando pista posterior
modoSuper,Estado funcional elevado
encenderLuces,Luces habilitadas
anteriorMelodia,Reinicio de melodia previa
modoSuper,Ejecución de modo super iniciada
modoSuper,Modo super sosteniéndose
siguienteMelodia,Secuencia musical siguiente
abrirPuerta,Apertura del acceso confirmada
modoSuper,Rendimiento super iniciado
siguienteMelodia,Reproducción secuencial siguiente
apagarLuces,Modo oscuro activado
encenderLuces,Luces encendidas correctamente
apagarLuces,Apagado interno listo
abrirPuerta,Puerta principal liberándose
modoNormal,Modo normal seguro
abrirPuerta,Mecanismo principal aperturándose
apagarLuces,Iluminacion totalmente detenida
apagarLuces,Desconectando iluminacion interna
abrirPuerta,Ejecutando apertura principal
encenderLuces,Focos encendidos
siguienteMelodia,Orden de canción siguiente
siguienteMelodia,Lista musical moviéndose adelante
modoSuper,Procesamiento super activo
modoNormal,Nivel normal activado
modoNormal,Sistema fuera de modo super
modoSuper,Sistema entrando en modo super
encenderLuces,Iluminando area del hogar
modoSuper,Modo super procesado
apagarLuces,Iluminacion totalmente detenida
encenderLuces,Luces habilitadas
anteriorMelodia,Control musical hacia atras
modoSuper,Ejecución de seguridad avanzada
anteriorMelodia,Tema anterior confirmado
modoNormal,Modo básico activo
abrirPuerta,Acceso principal moviéndose
encenderLuces,Luz accesible encendida
modoSuper,Modo super operativo
modoSuper,Activando modo super
encenderLuces,Luz ambiental habilitada
siguienteMelodia,Lista avanzando
modoNormal,Modo base activado
modoSuper,Activando modo super
anteriorMelodia,Retroceso activo
encenderLuces,Activando brillo interior
anteriorMelodia,Ejecutando melodia previa
apagarLuces,Luces cortadas
siguienteMelodia,Secuencia a tema posterior
encenderLuces,Control de luz activado
modoNormal,Operación sin modo super
apagarLuces,Apagado general procesado
modoNormal,Estabilidad de régimen recuperada
modoSuper,Modo super procesado
apagarLuces,Luces deshabilitadas
encenderLuces,Intensidad luminosa configurada
apagarLuces,Iluminacion totalmente detenida
abrirPuerta,Activando mecanismos de puerta
modoSuper,Modo super en funcionamiento
modoSuper,Sistema devuelto a modo super
modoSuper,Control avanzado reforzado
modoSuper,Sistema elevado a modo super
siguienteMelodia,Lista musical moviéndose adelante
abrirPuerta,Activando mecanismos de puerta
encenderLuces,Intensidad luminosa activada
encenderLuces,Luces activadas satisfactoriamente
abrirPuerta,Acceso principal en movimiento
anteriorMelodia,Reproduccion anterior establecida
siguienteMelodia,Activación de pista siguiente
apagarLuces,Sistema en modo sin luz
encenderLuces,Luz automatizada encendida
apagarLuces,Apagado del ambiente
anteriorMelodia,Volviendo al tema previo
siguienteMelodia,Tema posterior en curso
anteriorMelodia,Direccion musical invertida
modoNormal,Modo de funcionamiento tradicional
modoNormal,Sistema reintegrado a normalidad
modoSuper,Funciones mejoradas encendidas
siguienteMelodia,Canción siguiente ejecutada
abrirPuerta,Puerta habilitada para abrir
abrirPuerta,Puerta habilitada para abrir
siguienteMelodia,Entrada a melodia siguiente
encenderLuces,Luz principal habilitada
encenderLuces,Luz accesible encendida
anteriorMelodia,Lista regresando atras
anteriorMelodia,Direccion musical invertida
anteriorMelodia,Regresando al sonido previo
abrirPuerta,Liberación de puerta ejecutada
anteriorMelodia,Control musical hacia atras
abrirPuerta,Apertura asistida de puerta
modoSuper,Potenciación del sistema iniciada
encenderLuces,Activando sistema de luces
encenderLuces,Puntos de iluminacion activos
modoNormal,Config estándar confirmada
encenderLuces,Luz ambiental habilitada
modoSuper,Modo avanzado habilitado
modoNormal,Modo estándar restablecido
apagarLuces,Desconectando iluminacion interna
modoSuper,Modo extremo habilitado
encenderLuces,Activando brillo interior
siguienteMelodia,Activando melodia sucesora
apagarLuces,Zona sin iluminacion
abrirPuerta,Apertura remota activada
modoSuper,Modo avanzado habilitado
abrirPuerta,Puerta principal liberándose
siguienteMelodia,Progreso musical hacia adelante
abrirPuerta,Sistema ejecutando apertura remota
modoNormal,Modo de funcionamiento tradicional
siguienteMelodia,Activando melodia sucesora
encenderLuces,Luces principales encendidas
encenderLuces,Iluminacion base encendida
encenderLuces,Sistema en modo iluminado
encenderLuces,Sistema de luz activo
modoSuper,Modo protector elevado
siguienteMelodia,Tema posterior en curso
apagarLuces,Desactivando iluminacion general
apagarLuces,Luz deshabilitada correctamente
modoSuper,Protección total habilitada
encenderLuces,Encendido de ambiente interno
siguienteMelodia,Melodía entrante activada
abrirPuerta,Apertura asistida de puerta
encenderLuces,Puntos de iluminacion activos
apagarLuces,Iluminacion totalmente detenida
modoNormal,Restituyendo ajustes originales
apagarLuces,Desconectando iluminacion interna
siguienteMelodia,Saltando a pista siguiente
siguienteMelodia,Movimiento a pista consecutiva
siguienteMelodia,Lista avanzando
siguienteMelodia,Canción desplazada hacia adelante
modoSuper,Seguridad maximizada
modoSuper,Estado funcional elevado
apagarLuces,Luz retirada por comando
abrirPuerta,Puerta respondiendo apertura
anteriorMelodia,Regresando pista musical
encenderLuces,Inicio de proceso de iluminacion
encenderLuces,Sistema luminoso completado
modoNormal,Volviendo al estado original
encenderLuces,Luz en funcionamiento
modoSuper,Maximizando niveles operativos
siguienteMelodia,Activación de pista siguiente
modoNormal,Restauración del estado inicial
modoNormal,Estabilidad de régimen recuperada
abrirPuerta,Puerta habilitada para abrir
anteriorMelodia,Volviendo a la pista inicial
anteriorMelodia,Reproduccion anterior establecida
apagarLuces,Corte de iluminacion ejecutado
modoNormal,Contexto base reactivado
modoSuper,Control reforzado habilitado
modoNormal,Modo ordinario habilitado
apagarLuces,Luces apagadas correctamente
siguienteMelodia,Activando pista posterior
encenderLuces,Sistema iluminando interiores
modoNormal,Norma operativa establecida
modoSuper,Potenciación del sistema iniciada
encenderLuces,Inicio de iluminacion estable
apagarLuces,Detencion de iluminacion
siguienteMelodia,Cambiando a la siguiente pista
encenderLuces,Encendiendo ambiente
modoSuper,Operación super estable
encenderLuces,Iluminando area del hogar
abrirPuerta,Puerta principal liberándose
encenderLuces,Encendiendo luces del hogar
apagarLuces,Apagado completado
anteriorMelodia,Retroceso musical activado
abrirPuerta,Apertura del acceso confirmada
anteriorMelodia,Control musical hacia atras
modoSuper,Modo super procesado
modoNormal,Sistema reintegrado a normalidad
siguienteMelodia,Musica adelantada
modoNormal,Patrón operativo normal
encenderLuces,Luces encendidas correctamente
encenderLuces,Encendido de luz ejecutado
anteriorMelodia,Transicion a pista anterior
anteriorMelodia,Regresando al sonido previo
abrirPuerta,Apertura de puerta en proceso
modoNormal,Modo normal establecido
modoSuper,Potencia aumentada en sistema
modoNormal,Estabilidad de régimen recuperada
modoSuper,Modo avanzado habilitado
encenderLuces,Sistema en modo iluminado
siguienteMelodia,Movimiento a pista consecutiva
anteriorMelodia,Pista anterior seleccionada
modoNormal,Operación sin modo super
siguienteMelodia,Activación de pista siguiente
apagarLuces,Zona sin iluminacion
modoSuper,Funciones super implementadas
abrirPuerta,Desbloqueo y apertura iniciados
apagarLuces,Corte de luz interno
apagarLuces,Apagado general procesado
encenderLuces,Control de luz activado
abrirPuerta,Acceso aperturándose
modoSuper,Modo super procesado
modoNormal,Sistema en estado regular
abrirPuerta,Abriendo puerta principal
anteriorMelodia,Melodia desplazada hacia atras
encenderLuces,Luz en funcionamiento
encenderLuces,Iluminacion domestica lista
modoSuper,Estado de máximo rendimiento
modoNormal,Contexto base reactivado
anteriorMelodia,Reproduccion retrocedida
modoSuper,Modo super sosteniéndose
modoNormal,Modo normal asegurado
abrirPuerta,Realizando apertura de puerta
encenderLuces,Focos encendidos
siguienteMelodia,Cambio musical siguiente procesado
modoNormal,Sistema regresando a normalidad
apagarLuces,Sistema finalizando luz
apagarLuces,Apagando iluminacion interior
abrirPuerta,Liberación y apertura de puerta
abrirPuerta,Proceso de apertura en curso
anteriorMelodia,Control musical hacia atras
apagarLuces,Desactivacion luminosa ejecutada
siguienteMelodia,Reemplazando melodia por siguiente
apagarLuces,Luz retirada por comando
encenderLuces,Luz automatizada encendida
modoSuper,Modo protector elevado
siguienteMelodia,Reproducción secuencial siguiente
anteriorMelodia,Secuencia previa activada
apagarLuces,Sistema de luz deshabilitado
modoNormal,Contexto base reactivado
encenderLuces,Activacion de iluminacion completada
abrirPuerta,Liberando puerta principal
abrirPuerta,Apertura del hogar habilitada
siguienteMelodia,Reproducción continua siguiente
apagarLuces,Desactivando iluminacion general
siguienteMelodia,Cambiando a la siguiente pista
modoSuper,Estado de máximo rendimiento
abrirPuerta,Ejecutando apertura principal
apagarLuces,Luz retirada por comando
abrirPuerta,Desbloqueo inicial de la puerta
encenderLuces,Luces operativas
apagarLuces,Desconectando iluminacion interna
siguienteMelodia,Melodia siguiente en reproducción
modoSuper,Control aumentado habilitado
abrirPuerta,Apertura asistida de puerta
apagarLuces,Cierre de sistema luminoso
apagarLuces,Apagado interno listo
siguienteMelodia,Modo música adelante
encenderLuces,Iluminacion activada
abrirPuerta,Movimiento de apertura iniciado
apagarLuces,Ambiente apagado
apagarLuces,Sistema finalizando luz
abrirPuerta,Activando apertura principal
anteriorMelodia,Cambio a melodia anterior
modoNormal,Modo estable activado
modoSuper,Funciones mejoradas encendidas
siguienteMelodia,Avance de lista musical
anteriorMelodia,Tema en retroceso
abrirPuerta,Desbloqueo y apertura iniciados
siguienteMelodia,Lista musical moviéndose adelante
modoNormal,Modo básico activo
encenderLuces,Activando puntos luminosos
modoNormal,Sistema estabilizado
encenderLuces,Sistema en modo iluminado
anteriorMelodia,Tema anterior en ejecucion
modoSuper,Modo intensificado activo
apagarLuces,Luz interior apagada
modoSuper,Seguridad al máximo nivel
modoSuper,Sistema asegurado en super
anteriorMelodia,Reactivando pista anterior
encenderLuces,Encendiendo iluminacion interior
abrirPuerta,Desbloqueo inicial de la puerta
apagarLuces,Luz retirada por comando
modoSuper,Activando modo super
modoNormal,Patrón operativo normal
modoSuper,Activación avanzada iniciada
abrirPuerta,Desbloqueo y apertura iniciados
apagarLuces,Apagado general procesado
anteriorMelodia,Reproduccion en retroceso
anteriorMelodia,Reproduccion regresiva
apagarLuces,Iluminacion deshabilitada
encenderLuces,Luz en funcionamiento
modoSuper,Sistema en estado intensivo
modoSuper,Funcionamiento avanzado activado
siguienteMelodia,Modo secuencia siguiente
abrirPuerta,Desbloqueo y apertura iniciados
abrirPuerta,Secuencia de apertura activada
apagarLuces,Desconectando iluminacion interna
abrirPuerta,Apertura remota activada
siguienteMelodia,Cambio musical siguiente procesado
modoNormal,Operación normal retomada
modoNormal,Estabilidad de régimen recuperada
apagarLuces,Sistema apagando luces
siguienteMelodia,Melodía adelantada confirmada
apagarLuces,Cerrando sistema de luces
anteriorMelodia,Pista previa habilitada
apagarLuces,Luces deshabilitadas
siguienteMelodia,Lista musical moviéndose adelante
modoNormal,Sistema fuera de modo super
modoSuper,Funciones super implementadas
abrirPuerta,Mecanismo principal aperturándose
apagarLuces,Apagando luces disponibles
modoNormal,Volviendo al estado original
encenderLuces,Iluminacion general encendida
apagarLuces,Detencion de iluminacion
encenderLuces,Ambiente correctamente iluminado
abrirPuerta,Destraba de puerta ejecutada
anteriorMelodia,Pista anterior ejecutada
apagarLuces,Luces cortadas
encenderLuces,Hogar iluminado
encenderLuces,Iluminacion domestica lista
siguienteMelodia,Ejecutando tema siguiente
anteriorMelodia,Secuencia previa activada
apagarLuces,Iluminacion desactivada
modoSuper,Potencia aumentada en sistema
encenderLuces,Luz encendida en la vivienda
modoNormal,Estado habitual restablecido
modoSuper,Modo super establecido
siguienteMelodia,Saltando a pista siguiente
modoNormal,Modo normal seguro
encenderLuces,Activando brillo interior
siguienteMelodia,Canción siguiente ejecutada
apagarLuces,Luces cortadas
apagarLuces,Apagando luces del hogar
siguienteMelodia,Progreso musical hacia adelante
siguienteMelodia,Sonido siguiente habilitado
encenderLuces,Luces habilitadas
abrirPuerta,Puerta desbloqueándose
modoNormal,Sistema retornando a valores base
anteriorMelodia,Retorno musical habilitado
modoSuper,Modo inteligente super activado
modoSuper,Modo avanzado habilitado
modoSuper,Modo super en funcionamiento
siguienteMelodia,Secuencia a tema posterior
modoSuper,Funciones mejoradas encendidas
abrirPuerta,Liberación de puerta ejecutada
apagarLuces,Luz retirada por comando
apagarLuces,Zona sin iluminacion
apagarLuces,Luces interiores desactivadas
abrirPuerta,Apertura sin obstrucciones en curso
apagarLuces,Iluminacion minimizada
modoNormal,Modo usual recuperado
apagarLuces,Apagando zonas interiores
apagarLuces,Retiro de luz completado
modoSuper,Modo superior en proceso
modoSuper,Potencia aumentada en sistema
modoNormal,Volviendo a circulación normal
modoSuper,Operación super estable
siguienteMelodia,Pista avanzada habilitada
modoSuper,Modo inteligente super activado
modoNormal,Parámetros normales aplicados
modoNormal,Volviendo a parámetros normales
anteriorMelodia,Seleccionando melodia anterior
modoSuper,Modo super en funcionamiento
abrirPuerta,Acceso aperturándose
modoNormal,Volviendo a parámetros normales
abrirPuerta,Puerta deslizándose
abrirPuerta,Apertura sin obstrucciones en curso
modoNormal,Flujo normal operativo
siguienteMelodia,Rotación musical adelante
modoNormal,Operación estándar reestablecida
modoSuper,Sistema asegurado en super
anteriorMelodia,Tema previo en curso
anteriorMelodia,Entrada a melodia anterior
modoSuper,Activación máxima ejecutada
modoSuper,Modo super completamente activo
modoNormal,Retorno completo al modo normal
encenderLuces,Inicio de proceso de iluminacion
modoSuper,Reforzando capacidad del sistema
modoSuper,Operación super estable
anteriorMelodia,Retroceso musical activado
abrirPuerta,Acceso principal en ejecución
abrirPuerta,Liberación y apertura de puerta
anteriorMelodia,Control musical hacia atras
siguienteMelodia,Melodía entrante activada
modoNormal,Restauración del sistema realizada
encenderLuces,Iluminacion del entorno activa
siguienteMelodia,Avance musical iniciado
abrirPuerta,Acceso siendo liberado
encenderLuces,Sistema de luz activo
anteriorMelodia,Entrada a melodia anterior
siguienteMelodia,Saltando a pista siguiente
anteriorMelodia,Reproduccion regresiva
abrirPuerta,Apertura sin obstrucciones en curso
encenderLuces,Control de luz activado
modoSuper,Optimizando recursos en super
encenderLuces,Luz en funcionamiento
encenderLuces,Luz automatizada encendida
modoNormal,Operación normal retomada
siguienteMelodia,Lista avanzando
modoSuper,Modo inteligente super activado
encenderLuces,Inicializando encendido de luces
abrirPuerta,Puerta en transición de apertura
modoNormal,Nivel normal activado
siguienteMelodia,Avance de lista musical
apagarLuces,Iluminacion desactivada
modoSuper,Habilitando funciones super
modoSuper,Funciones mejoradas encendidas
modoNormal,Sistema reintegrado a normalidad
anteriorMelodia,Reproduccion retrocedida
apagarLuces,Luces interiores desactivadas
anteriorMelodia,Reinicio de melodia previa
encenderLuces,Modo luz encendido
anteriorMelodia,Retorno a melodia previa
modoNormal,Restauración del estado inicial
abrirPuerta,Puerta principal liberándose
modoSuper,Operación ampliada iniciada
abrirPuerta,Puerta habilitada para abrir
abrirPuerta,Apertura del acceso confirmada
encenderLuces,Sistema de luz activo
siguienteMelodia,Ejecutando tema siguiente
siguienteMelodia,Cambio musical siguiente procesado
siguienteMelodia,Cambio musical siguiente procesado
anteriorMelodia,Reproduccion en retroceso
abrirPuerta,Puerta principal liberándose
modoSuper,Ejecución de seguridad avanzada
encenderLuces,Intensidad luminosa configurada
modoNormal,Restaurando modo normal
encenderLuces,Encendido de luz interior
apagarLuces,Luces deshabilitadas
siguienteMelodia,Reproducción secuencial siguiente
encenderLuces,Control de luz activado
modoNormal,Parámetros normales aplicados
anteriorMelodia,Secuencia previa activada
encenderLuces,Iluminacion general encendida
siguienteMelodia,Navegación musical siguiente
encenderLuces,Puntos de iluminacion activos
apagarLuces,Finalizacion de iluminacion
anteriorMelodia,Secuencia previa activada
modoSuper,Ejecución de modo super iniciada
encenderLuces,Encendiendo iluminacion interior
anteriorMelodia,Retroceso musical activado
encenderLuces,Activando puntos luminosos
abrirPuerta,Acceso principal en apertura
apagarLuces,Apagado del ambiente
anteriorMelodia,Musica regresada
modoSuper,Modo super atendido
abrirPuerta,Acceso siendo liberado
siguienteMelodia,Lista musical moviéndose adelante
anteriorMelodia,Melodia desplazada hacia atras
siguienteMelodia,Cambiando a la siguiente pista
anteriorMelodia,Tema en retroceso
apagarLuces,Iluminacion minimizada
modoNormal,Restituyendo ajustes originales
modoSuper,Modo super establecido
apagarLuces,Focos apagados
encenderLuces,Iluminacion domestica lista
apagarLuces,Luz desconectada del sistema
anteriorMelodia,Volviendo una melodia atras
modoSuper,Seguridad al máximo nivel
modoSuper,Seguridad elevada activada
apagarLuces,Iluminacion retirada
anteriorMelodia,Pista previa confirmada
anteriorMelodia,Cancion anterior reproducida
encenderLuces,Luz encendida en la vivienda
apagarLuces,Reduccion luminosa ejecutada
modoSuper,Operación super establecida
anteriorMelodia,Transicion a pista anterior
anteriorMelodia,Cambio a melodia anterior
apagarLuces,Apagando iluminacion interior
siguienteMelodia,Orden de canción siguiente
abrirPuerta,Liberación de puerta ejecutada
abrirPuerta,Puerta principal liberándose
modoSuper,Operación super estable
encenderLuces,Encendiendo luces del hogar
apagarLuces,Apagando iluminacion interior
apagarLuces,Luz retirada por comando
anteriorMelodia,Retroceso musical activado
encenderLuces,Luces operativas
anteriorMelodia,Cancion anterior reproducida
apagarLuces,Iluminacion retirada
encenderLuces,Luz ambiental habilitada
apagarLuces,Iluminacion totalmente detenida
encenderLuces,Encendiendo luces del hogar
modoNormal,Sistema estabilizado
anteriorMelodia,Melodia previa en reproduccion
siguienteMelodia,Canción desplazada hacia adelante
encenderLuces,Ambiente correctamente iluminado
modoNormal,Operación común activada
abrirPuerta,Secuencia de apertura activada
modoNormal,Sistema en comportamiento básico
encenderLuces,Encendiendo luces externas
siguienteMelodia,Navegación musical siguiente
apagarLuces,Luz desconectada del sistema
apagarLuces,Iluminacion minimizada
encenderLuces,Luces habilitadas por sistema
anteriorMelodia,Transicion a pista anterior
modoNormal,Modo base activado
siguienteMelodia,Avanzando melodia
apagarLuces,Control de luz desactivado
siguienteMelodia,Reproduciendo siguiente melodia
modoNormal,Modo normal establecido
siguienteMelodia,Sonido avanzado en lista
encenderLuces,Hogar iluminado
siguienteMelodia,Pista avanzada habilitada
abrirPuerta,Abriendo puerta principal
siguienteMelodia,Avance de playlist
siguienteMelodia,Reproducción secuencial siguiente
encenderLuces,Encendiendo iluminacion interior
abrirPuerta,Puerta iniciando apertura
anteriorMelodia,Moviendo a melodia anterior
modoNormal,Sistema retornando a valores base
encenderLuces,Encendiendo zona iluminada
encenderLuces,Encendido general listo
anteriorMelodia,Melodia desplazada hacia atras
siguienteMelodia,Activación de pista siguiente
modoSuper,Optimizando recursos en super
abrirPuerta,Apertura del hogar habilitada
modoNormal,Operación sin modo super
siguienteMelodia,Tema posterior en curso
abrirPuerta,Puerta principal abriendo
anteriorMelodia,Retroceso activo
apagarLuces,Luz retirada por comando
modoSuper,Reforzando operación general
siguienteMelodia,Modo secuencia siguiente
encenderLuces,Encendido general listo
encenderLuces,Encendido general listo
anteriorMelodia,Regresando a la melodia previa
apagarLuces,Sistema de luz deshabilitado
modoSuper,Ejecución de modo super iniciada
anteriorMelodia,Reproduciendo melodia anterior
abrirPuerta,Liberación de puerta ejecutada
abrirPuerta,Apertura automática en progreso
encenderLuces,Luz principal iniciada
abrirPuerta,Sistema del acceso activado
modoSuper,Potenciación del sistema iniciada
modoSuper,Modo extremo habilitado
modoSuper,Modo super atendido
apagarLuces,Iluminacion detenida
modoNormal,Modo normal seguro
siguienteMelodia,Melodía adelantada confirmada
anteriorMelodia,Pista anterior activada
modoNormal,Normalidad recuperada
modoNormal,Modo cotidiano activado
anteriorMelodia,Ejecutando melodia previa
anteriorMelodia,Secuencia regresiva habilitada
siguienteMelodia,Sonido avanzado en lista
encenderLuces,Activando sistema de luces
modoSuper,Sistema elevado a modo super
apagarLuces,Ambiente sin iluminacion
modoSuper,Modo inteligente super activado
modoNormal,Volviendo a circulación normal
anteriorMelodia,Cancion previa habilitada
encenderLuces,Sistema en modo iluminado
anteriorMelodia,Moviendo a melodia anterior
anteriorMelodia,Tema previo en curso
modoSuper,Seguridad maximizada
modoSuper,Estado funcional elevado
encenderLuces,Luz en funcionamiento
apagarLuces,Cerrando sistema de luces
encenderLuces,Sistema en modo iluminado
encenderLuces,Sistema luminoso completado
encenderLuces,Ambiente iluminado
anteriorMelodia,Regresando a la melodia previa
encenderLuces,Luz ambiental habilitada
anteriorMelodia,Tema anterior en ejecucion
encenderLuces,Luces habilitadas por sistema
encenderLuces,Luz ambiental habilitada
encenderLuces,Encendiendo zona iluminada
apagarLuces,Iluminacion minimizada
abrirPuerta,Apertura remota activada
modoNormal,Restituyendo ajustes originales
abrirPuerta,Acceso en secuencia de apertura
anteriorMelodia,Regreso musical ejecutado
modoSuper,Modo super establecido
modoNormal,Estabilidad de régimen recuperada
modoSuper,Maximizando niveles operativos
abrirPuerta,Puerta desbloqueándose
modoSuper,Operación super estable
anteriorMelodia,Musica anterior procesada
anteriorMelodia,Regresando pista musical
modoNormal,Ejecución en modo estándar
siguienteMelodia,Rotación musical adelante
modoSuper,Control reforzado habilitado
anteriorMelodia,Pista anterior seleccionada
apagarLuces,Luces totalmente desactivadas
encenderLuces,Luz ambiental habilitada
apagarLuces,Desconectando iluminacion interna
encenderLuces,Activacion luminosa procesada
apagarLuces,Iluminacion retirada
siguienteMelodia,Reemplazando melodia por siguiente
encenderLuces,Ambiente iluminado
siguienteMelodia,Avance de playlist
modoSuper,Procesamiento super activo
modoSuper,Funciones mejoradas encendidas
abrirPuerta,Secuencia de apertura activada
modoNormal,Modo regular activado
modoSuper,Habilitando funciones super
abrirPuerta,Puerta despejando acceso
modoSuper,Modo especializado activado
apagarLuces,Sistema oscuro habilitado
modoNormal,Operación común activada
apagarLuces,Luz retirada por comando
siguienteMelodia,Progreso musical hacia adelante
encenderLuces,Luces habilitadas
modoNormal,Operación normal retomada
siguienteMelodia,Pista avanzada habilitada
anteriorMelodia,Reproduccion anterior establecida
encenderLuces,Iluminacion domestica lista
siguienteMelodia,Movimiento a pista consecutiva
encenderLuces,Luz accesible encendida
encenderLuces,Encendiendo luces del hogar
siguienteMelodia,Cambiando a la siguiente pista
anteriorMelodia,Reinicio de melodia previa
apagarLuces,Ambiente en modo oscuro
modoNormal,Volviendo a parámetros normales
abrirPuerta,Ejecutando apertura principal
apagarLuces,Luz deshabilitada correctamente
anteriorMelodia,Volviendo una melodia atras
apagarLuces,Sistema apagando luces
apagarLuces,Apagado general procesado
siguienteMelodia,Entrada a melodia siguiente
anteriorMelodia,Reinicio de melodia previa
apagarLuces,Cierre de sistema luminoso
siguienteMelodia,Pista avanzada habilitada
abrirPuerta,Apertura asistida de puerta
modoNormal,Modo natural activo
abrirPuerta,Acceso principal moviéndose
encenderLuces,Activacion luminosa procesada
apagarLuces,Sistema en modo sin luz
modoNormal,Restituyendo ajustes originales
modoNormal,Sistema reintegrado a normalidad
siguienteMelodia,Secuencia a tema posterior
anteriorMelodia,Reproduccion regresiva
anteriorMelodia,Volviendo en la secuencia sonora
abrirPuerta,Liberación de puerta ejecutada
encenderLuces,Luz encendida en la vivienda
anteriorMelodia,Melodia desplazada hacia atras
siguienteMelodia,Cambio musical siguiente procesado
modoNormal,Configuración normal aplicada
anteriorMelodia,Retorno a melodia previa
modoNormal,Sistema reintegrado a normalidad
siguienteMelodia,Ejecutando melodia siguiente
modoSuper,Protección reforzada activa
encenderLuces,Encendido de ambiente interno
abrirPuerta,Proceso de apertura en curso
anteriorMelodia,Lista alterada hacia atras
encenderLuces,Iluminacion activada
modoSuper,Modo super atendido
siguienteMelodia,Reproducción continua siguiente
anteriorMelodia,Regresando al sonido previo
anteriorMelodia,Moviendo a melodia anterior
abrirPuerta,Acceso aperturándose
abrirPuerta,Liberando puerta principal
modoSuper,Protección reforzada activa
encenderLuces,Intensidad luminosa configurada
apagarLuces,Luces totalmente desactivadas
abrirPuerta,Puerta iniciando apertura
apagarLuces,Control de luz desactivado
anteriorMelodia,Melodia retrocedida correctamente
siguienteMelodia,Operación siguiente melodia
modoSuper,Modo super en funcionamiento
apagarLuces,Modo oscuro activado
siguienteMelodia,Reproducción de próxima pista
modoSuper,Potenciación del sistema iniciada
siguienteMelodia,Modo música adelante
encenderLuces,Focos encendidos
apagarLuces,Desactivacion luminosa ejecutada
modoNormal,Estado habitual restablecido
apagarLuces,Luces apagadas correctamente
anteriorMelodia,Reproduccion retrocedida
anteriorMelodia,Retroceso activo
apagarLuces,Apagando luces disponibles
siguienteMelodia,Movimiento a pista consecutiva
encenderLuces,Activando puntos luminosos
apagarLuces,Reduccion de iluminacion
encenderLuces,Luz automatizada encendida
modoSuper,Ejecución de seguridad avanzada
abrirPuerta,Acceso automatizado activado
modoNormal,Modo normal seguro
anteriorMelodia,Pista previa confirmada
anteriorMelodia,Seleccionando melodia anterior
apagarLuces,Ambiente sin iluminacion
siguienteMelodia,Pasando a la próxima canción
apagarLuces,Luces cortadas
anteriorMelodia,Pista anterior ejecutada
anteriorMelodia,Reproduccion retrocedida
siguienteMelodia,Ejecutando tema siguiente
anteriorMelodia,Melodia previa en reproduccion
modoNormal,Restauración del sistema realizada
modoNormal,Volviendo al estado original
modoSuper,Modo superior en proceso
encenderLuces,Encendiendo ambiente
encenderLuces,Inicializando encendido de luces
encenderLuces,Sistema de luz activo
apagarLuces,Desactivando iluminacion general
abrirPuerta,Liberando puerta principal
abrirPuerta,Apertura del hogar habilitada
modoNormal,Operación normal retomada
apagarLuces,Detencion de iluminacion
encenderLuces,Iluminacion base encendida
modoNormal,Frecuencia estándar habilitada
encenderLuces,Intensidad luminosa activada
modoSuper,Sistema entrando en modo super
anteriorMelodia,Pista previa confirmada
modoNormal,Operación estándar reestablecida
apagarLuces,Luz cancelada correctamente
encenderLuces,Encendiendo ambiente
anteriorMelodia,Direccion musical invertida
abrirPuerta,Acceso siendo liberado
abrirPuerta,Apertura automática en progreso
siguienteMelodia,Lista avanzando
siguienteMelodia,Avanzando melodia
encenderLuces,Intensidad luminosa activada
modoSuper,Funcionamiento avanzado activado
encenderLuces,Sistema iluminando interiores
modoNormal,Modo base activado
modoNormal,Sistema retornando a valores base
encenderLuces,Activacion luminosa procesada
encenderLuces,Sistema iluminando interiores
encenderLuces,Luces encendidas correctamente
siguienteMelodia,Reemplazando melodia por siguiente
encenderLuces,Inicio de iluminacion estable
modoNormal,Sistema en estado regular
encenderLuces,Iluminacion domestica lista
anteriorMelodia,Tema anterior en ejecucion
modoNormal,Restituyendo ajustes originales
anteriorMelodia,Retrocediendo a pista anterior
abrirPuerta,Puerta despejando acceso
anteriorMelodia,Melodia retrocedida correctamente
modoSuper,Funciones mejoradas encendidas
modoSuper,Funciones super implementadas
abrirPuerta,Sistema ejecutando apertura remota
siguienteMelodia,Operación siguiente melodia
apagarLuces,Apagado del ambiente
anteriorMelodia,Regresando pista musical
modoNormal,Modo normal seguro
modoNormal,Modo usual recuperado
encenderLuces,Luces habilitadas
siguienteMelodia,Orden de canción siguiente
apagarLuces,Luz deshabilitada correctamente
apagarLuces,Reduccion de iluminacion
apagarLuces,Retiro de luz completado
siguienteMelodia,Operación siguiente melodia
modoNormal,Modo regular activado
modoNormal,Restaurando modo normal
anteriorMelodia,Melodia previa recuperada
modoNormal,Restaurando modo normal
modoSuper,Activación avanzada iniciada
modoNormal,Normalidad recuperada
encenderLuces,Luz accesible encendida
modoNormal,Sistema reintegrado a normalidad
modoSuper,Estado super alcanzado
encenderLuces,Encendido de ambiente interno
anteriorMelodia,Direccion musical invertida
modoSuper,Habilitando funciones super
modoSuper,Activación máxima ejecutada
siguienteMelodia,Avanzando melodia
abrirPuerta,Apertura remota activada
modoSuper,Modo super sosteniéndose
abrirPuerta,Proceso de apertura en curso
abrirPuerta,Puerta principal abriendo
modoNormal,Retorno completo al modo normal
encenderLuces,Inicializando encendido de luces
siguienteMelodia,Melodía adelantada confirmada
encenderLuces,Encendiendo iluminacion interior
siguienteMelodia,Lista avanzando
modoSuper,Potencia del sistema incrementada
anteriorMelodia,Seleccionando melodia anterior
encenderLuces,Sistema luminoso encendido
anteriorMelodia,Melodia retrocedida correctamente
modoNormal,Ejecución en modo estándar
anteriorMelodia,Tema anterior confirmado
apagarLuces,Sistema oscuro habilitado
modoSuper,Modo super procesado
modoSuper,Optimizando recursos en super
siguienteMelodia,Continuación musical habilitada
abrirPuerta,Abriendo puerta principal
modoNormal,Modo regular activado
abrirPuerta,Sistema activando apertura
apagarLuces,Zona sin iluminacion
abrirPuerta,Acceso principal moviéndose
apagarLuces,Cerrando sistema de luces
modoNormal,Modo de funcionamiento tradicional
modoNormal,Revirtiendo a configuración base
modoNormal,Modo cotidiano activado
apagarLuces,Luces cortadas
anteriorMelodia,Tema anterior en ejecucion
siguienteMelodia,Modo secuencia siguiente
encenderLuces,Encendiendo luces externas
abrirPuerta,Acceso principal operando apertura
modoNormal,Estado habitual restablecido
encenderLuces,Inicializando encendido de luces
modoNormal,Estabilidad normal restaurada
apagarLuces,Detencion de iluminacion
encenderLuces,Iluminacion activada
abrirPuerta,Sistema activando apertura
apagarLuces,Iluminacion retirada
apagarLuces,Apagado del ambiente
modoNormal,Operación normal retomada
anteriorMelodia,Regreso musical ejecutado
anteriorMelodia,Retroceso musical activado
modoSuper,Sistema entrando en modo super
modoNormal,Operación común activada
abrirPuerta,Acceso principal operando apertura
siguienteMelodia,Melodía adelantada confirmada
abrirPuerta,Apertura sin obstrucciones en curso
modoSuper,Funcionamiento avanzado activado
apagarLuces,Finalizacion de iluminacion
anteriorMelodia,Retroceso musical activado
modoNormal,Frecuencia estándar habilitada
siguienteMelodia,Melodía entrante activada
apagarLuces,Luces deshabilitadas
abrirPuerta,Sistema del acceso activado
modoSuper,Modo extremo habilitado
modoNormal,Modo normal en funcionamiento
apagarLuces,Desactivando iluminacion general
encenderLuces,Luz accesible encendida
modoSuper,Estado de máximo rendimiento
modoSuper,Maximizando niveles operativos
modoNormal,Modo simple habilitado
abrirPuerta,Puerta respondiendo apertura
apagarLuces,Luces principales apagadas
siguienteMelodia,Canción siguiente ejecutada
anteriorMelodia,Retroceso confirmado
abrirPuerta,Destraba de puerta ejecutada
encenderLuces,Encendiendo luces del hogar
modoSuper,Activación máxima ejecutada
siguienteMelodia,Sonido avanzado en lista
siguienteMelodia,Orden de canción siguiente
modoNormal,Modo básico activo
modoNormal,Sistema estabilizado
anteriorMelodia,Retroceso de secuencia musical
siguienteMelodia,Desplazando a canción siguiente
siguienteMelodia,Reproduciendo siguiente melodia
siguienteMelodia,Control de avance musical
encenderLuces,Encendido de ambiente interno
anteriorMelodia,Musica regresada
apagarLuces,Corte de iluminacion ejecutado
modoNormal,Desactivando modo super
abrirPuerta,Puerta lista en modo apertura
encenderLuces,Inicializando encendido de luces
siguienteMelodia,Avance musical iniciado
encenderLuces,Sistema iluminando interiores
siguienteMelodia,Control musical avanzado
apagarLuces,Desactivando iluminacion general
abrirPuerta,Acceso recibiendo orden de apertura
modoNormal,Sistema regresando a normalidad
anteriorMelodia,Retroceso musical activado
modoNormal,Modo de funcionamiento tradicional
apagarLuces,Sistema apagando luces
abrirPuerta,Acceso siendo liberado
apagarLuces,Luces deshabilitadas
modoNormal,Restituyendo ajustes originales
encenderLuces,Luces habilitadas
apagarLuces,Luces deshabilitadas
encenderLuces,Luces encendidas correctamente
modoSuper,Sistema bajo modo super seguro
siguienteMelodia,Navegación musical siguiente
modoNormal,Norma operativa establecida
siguienteMelodia,Tema posterior en curso
modoSuper,Modo superior en proceso
modoSuper,Modo especializado activado
modoNormal,Modo simple habilitado
encenderLuces,Luz encendida en la vivienda
encenderLuces,Encendido de luz interior
anteriorMelodia,Lista regresando atras
encenderLuces,Luz accesible encendida
modoNormal,Operación sin modo super
siguienteMelodia,Navegación musical siguiente
modoNormal,Modo usual recuperado
modoNormal,Configuración normal aplicada
encenderLuces,Iluminacion interior lista
abrirPuerta,Apertura del acceso confirmada
anteriorMelodia,Cancion anterior reproducida
apagarLuces,Cese completo de luz
encenderLuces,Sistema luminoso completado
modoNormal,Patrón operativo normal
anteriorMelodia,Cambio a melodia anterior
modoSuper,Optimizando recursos en super
siguienteMelodia,Avance musical iniciado
modoNormal,Modo normal establecido
encenderLuces,Sistema luminoso completado
anteriorMelodia,Reproduccion retrocedida
anteriorMelodia,Retorno musical habilitado
modoSuper,Modo avanzado habilitado
modoSuper,Estatus super habilitado
abrirPuerta,Sistema activando apertura
modoNormal,Revirtiendo a configuración base
encenderLuces,Control de luz activado
modoNormal,Modo normal en funcionamiento
apagarLuces,Luces cortadas
apagarLuces,Iluminacion detenida
apagarLuces,Ambiente sin iluminacion
modoSuper,Funciones super implementadas
siguienteMelodia,Entrada a melodia siguiente
siguienteMelodia,Lista avanzando
modoNormal,Retorno completo al modo normal
anteriorMelodia,Pista anterior ejecutada
abrirPuerta,Abriendo puerta principal
modoNormal,Modo usual recuperado
siguienteMelodia,Control musical avanzado
siguienteMelodia,Musica adelantada
modoNormal,Modo normal establecido
siguienteMelodia,Ejecutando melodia siguiente
anteriorMelodia,Secuencia musical previa
anteriorMelodia,Retroceso activo
modoSuper,Modo de seguridad reforzado
modoNormal,Modo natural activo
modoNormal,Sistema regresando a normalidad
abrirPuerta,Puerta respondiendo al comando
apagarLuces,Luces interiores desactivadas
apagarLuces,Ambiente sin iluminacion
anteriorMelodia,Retroceso de playlist
siguienteMelodia,Pista avanzada habilitada
anteriorMelodia,Retroceso de playlist
siguienteMelodia,Melodia siguiente en reproducción
anteriorMelodia,Reinicio de melodia previa
abrirPuerta,Apertura confirmada
anteriorMelodia,Volviendo al tema previo
modoSuper,Reforzando operación general
modoNormal,Desactivando modo super
encenderLuces,Puntos de iluminacion activos
modoNormal,Modo cotidiano activado
abrirPuerta,Puerta principal liberándose
abrirPuerta,Puerta avanzando a apertura
modoNormal,Operación normal retomada
modoNormal,Modo normal asegurado
abrirPuerta,Puerta en transición de apertura
modoNormal,Estabilidad de régimen recuperada
abrirPuerta,Puerta desplazándose hacia apertura
encenderLuces,Iluminacion interior lista
abrirPuerta,Comenzando apertura de puerta
abrirPuerta,Iniciando apertura del acceso
encenderLuces,Intensidad luminosa configurada
encenderLuces,Iluminacion del hogar lista
apagarLuces,Apagado interno listo
apagarLuces,Desactivacion luminosa ejecutada
modoSuper,Funciones super implementadas
modoNormal,Configuración normal aplicada
siguienteMelodia,Lista continua hacia adelante
encenderLuces,Sistema luminoso encendido
anteriorMelodia,Regresando en lista musical
modoNormal,Sistema regresando a normalidad
siguienteMelodia,Activando melodia sucesora
siguienteMelodia,Tema posterior en curso
abrirPuerta,Acceso principal moviéndose
encenderLuces,Sistema luminoso encendido
abrirPuerta,Desbloqueo inicial de la puerta
abrirPuerta,Puerta desplazándose hacia apertura
abrirPuerta,Apertura sin obstrucciones en curso
encenderLuces,Sistema luminoso completado
apagarLuces,Finalizacion de iluminacion
abrirPuerta,Apertura confirmada
modoSuper,Modo protector elevado
anteriorMelodia,Cambio a melodia anterior
modoNormal,Normalidad recuperada
anteriorMelodia,Musica anterior procesada
siguienteMelodia,Reemplazando melodia por siguiente
siguienteMelodia,Reproducción continua siguiente
apagarLuces,Cerrando sistema de luces
modoSuper,Sistema entrando en modo super
modoSuper,Estado funcional elevado
abrirPuerta,Puerta iniciando apertura
abrirPuerta,Desbloqueo y apertura iniciados
modoNormal,Modo normal activado
modoNormal,Configuración normal aplicada
modoNormal,Restauración del sistema realizada
modoSuper,Protección total habilitada
modoNormal,Restaurando modo normal
anteriorMelodia,Volviendo al tema previo
anteriorMelodia,Tema previo en curso
anteriorMelodia,Tema anterior en ejecucion
modoNormal,Operación sin modo super
anteriorMelodia,Melodia previa en reproduccion
modoNormal,Modo estable activado
modoSuper,Modo super procesado
modoNormal,Revirtiendo a configuración base
abrirPuerta,Acceso iniciando apertura
abrirPuerta,Apertura automática en progreso
encenderLuces,Iluminacion general encendida
modoNormal,Sistema en régimen estándar
abrirPuerta,Sistema activando apertura
modoSuper,Seguridad elevada activada
abrirPuerta,Puerta iniciando transición
anteriorMelodia,Retroceso de secuencia musical
modoNormal,Modo natural activo
modoSuper,Seguridad maximizada
modoNormal,Estabilidad de régimen recuperada
abrirPuerta,Iniciando apertura del acceso
siguienteMelodia,Ejecutando melodia siguiente
modoNormal,Sistema reintegrado a normalidad
siguienteMelodia,Avanzando melodia
apagarLuces,Sistema de luz deshabilitado
modoSuper,Ejecución de seguridad avanzada
encenderLuces,Activando luces internas
apagarLuces,Desactivando puntos de luz
anteriorMelodia,Retorno a melodia previa
abrirPuerta,Mecanismo de apertura activo
siguienteMelodia,Avance de playlist
apagarLuces,Zona sin iluminacion
modoSuper,Modo inteligente super activado
modoSuper,Potencia aumentada en sistema
abrirPuerta,Mecanismo principal aperturándose
siguienteMelodia,Transición a siguiente melodia
encenderLuces,Luz ambiental habilitada
anteriorMelodia,Tema en retroceso
modoSuper,Modo super operativo
anteriorMelodia,Secuencia musical previa
siguienteMelodia,Activando melodia sucesora
siguienteMelodia,Cambiando a la siguiente pista
apagarLuces,Ambiente apagado
apagarLuces,Desconectando iluminacion interna
abrirPuerta,Apertura sin obstrucciones en curso
abrirPuerta,Mecanismo de apertura activo
modoSuper,Estado funcional elevado
anteriorMelodia,Retorno musical habilitado
anteriorMelodia,Pista previa habilitada
abrirPuerta,Activando mecanismos de puerta
encenderLuces,Encendido general listo
modoSuper,Modo super completamente activo
abrirPuerta,Acceso iniciando apertura
modoNormal,Modo normal activado
siguienteMelodia,Pista avanzada habilitada
siguienteMelodia,Lista avanzando
modoSuper,Activación máxima ejecutada
siguienteMelodia,Posición musical siguiente
apagarLuces,Zona sin iluminacion
modoNormal,Restauración del sistema realizada
encenderLuces,Inicio de proceso de iluminacion
modoNormal,Modo base activado
modoNormal,Sistema retornando a valores base
siguienteMelodia,Lista musical moviéndose adelante
modoSuper,Modo super operativo
apagarLuces,Desactivando puntos de luz
modoSuper,Protección total habilitada
modoSuper,Entrando en estado super
apagarLuces,Corte de luz interno
modoNormal,Modo normal establecido
modoSuper,Ejecución de modo super iniciada
anteriorMelodia,Pista anterior ejecutada
modoSuper,Seguridad elevada activada
siguienteMelodia,Ejecutando melodia siguiente
modoSuper,Activación máxima ejecutada
siguienteMelodia,Activando pista posterior
encenderLuces,Iluminando area del hogar
apagarLuces,Sistema de luz deshabilitado
modoNormal,Sistema estabilizado
encenderLuces,Sistema luminoso completado
anteriorMelodia,Direccion musical invertida
abrirPuerta,Proceso de apertura en curso
siguienteMelodia,Operación siguiente melodia
anteriorMelodia,Tema en retroceso
encenderLuces,Sistema de luz activo
siguienteMelodia,Rotación musical adelante
modoSuper,Modo intensificado activo
siguienteMelodia,Reproducción continua siguiente
siguienteMelodia,Secuencia a tema posterior
anteriorMelodia,Volviendo una melodia atras
abrirPuerta,Puerta en transición de apertura
modoSuper,Modo protector elevado
modoNormal,Volviendo a circulación normal
anteriorMelodia,Direccion musical invertida
apagarLuces,Sistema en modo sin luz
modoNormal,Ejecución en modo estándar
modoSuper,Entrando en estado super
apagarLuces,Iluminacion desactivada
modoNormal,Estabilidad de régimen recuperada
siguienteMelodia,Orden de canción siguiente
abrirPuerta,Liberando puerta principal
siguienteMelodia,Tema posterior en curso
encenderLuces,Ambiente correctamente iluminado
modoSuper,Estatus super habilitado
modoSuper,Modo super habilitado
modoNormal,Operación normal retomada
anteriorMelodia,Secuencia regresiva habilitada
modoSuper,Habilitando funciones super
apagarLuces,Luz interior apagada
modoSuper,Modo de seguridad reforzado
modoSuper,Sistema en estado intensivo
modoSuper,Modo inteligente super activado
encenderLuces,Iluminacion general encendida
siguienteMelodia,Orden de canción siguiente
abrirPuerta,Puerta lista en modo apertura
anteriorMelodia,Ejecutando melodia previa
apagarLuces,Deshabilitando sistema de luces
siguienteMelodia,Sonido siguiente habilitado
abrirPuerta,Accediendo apertura del sistema
encenderLuces,Luces activadas satisfactoriamente
siguienteMelodia,Activando pista posterior
modoSuper,Seguridad maximizada
siguienteMelodia,Reproducción mejorada adelante
anteriorMelodia,Control musical hacia atras
siguienteMelodia,Posición musical siguiente
modoSuper,Potencia del sistema incrementada
anteriorMelodia,Melodia desplazada hacia atras
modoNormal,Modo regular activado
modoNormal,Volviendo a circulación normal
siguienteMelodia,Reproducción musical progresiva
anteriorMelodia,Tema previo en curso
apagarLuces,Iluminacion totalmente detenida
abrirPuerta,Apertura de puerta en proceso
apagarLuces,Apagando iluminacion interior
abrirPuerta,Apertura asistida de puerta
modoNormal,Modo ordinario habilitado
apagarLuces,Luces interiores desactivadas
siguienteMelodia,Avance de playlist
modoSuper,Seguridad maximizada
modoNormal,Config estándar confirmada
apagarLuces,Ambiente sin iluminacion
modoNormal,Contexto base reactivado
modoNormal,Operación normal retomada
encenderLuces,Encendiendo ambiente
modoNormal,Funcionamiento común recuperado
abrirPuerta,Apertura confirmada
siguienteMelodia,Control musical avanzado
encenderLuces,Iluminacion domestica lista
encenderLuces,Luces operativas
encenderLuces,Luz encendida en la vivienda
modoNormal,Estabilidad de régimen recuperada
abrirPuerta,Iniciando apertura del acceso
modoNormal,Revirtiendo a configuración base
anteriorMelodia,Reproduccion regresiva
apagarLuces,Ambiente en modo oscuro
siguienteMelodia,Activación de pista siguiente
abrirPuerta,Liberando puerta principal
encenderLuces,Sistema en modo iluminado
abrirPuerta,Puerta avanzando a apertura
modoNormal,Configuración normal aplicada
siguienteMelodia,Reproducción de próxima pista
apagarLuces,Apagando luces del hogar
encenderLuces,Encendiendo ambiente
abrirPuerta,Iniciando apertura del acceso
modoSuper,Modo inteligente super activado
abrirPuerta,Acceso iniciando apertura
modoSuper,Modo de seguridad reforzado
encenderLuces,Luces encendidas correctamente
abrirPuerta,Activando mecanismos de puerta
abrirPuerta,Mecanismo de apertura activo
encenderLuces,Iluminacion del hogar lista
abrirPuerta,Acceso principal en apertura
modoNormal,Modo de funcionamiento tradicional
anteriorMelodia,Regresando pista musical
anteriorMelodia,Ejecutando melodia previa
encenderLuces,Encendido general listo
siguienteMelodia,Saltando a pista siguiente
encenderLuces,Sistema de luz activo
apagarLuces,Apagado completado
encenderLuces,Intensidad luminosa activada
abrirPuerta,Apertura del hogar habilitada
modoNormal,Modo normal confirmado
modoNormal,Volviendo a circulación normal
siguienteMelodia,Operación siguiente melodia
apagarLuces,Iniciando apagado de luces
apagarLuces,Sistema de luz deshabilitado
apagarLuces,Desconectando iluminacion interna
apagarLuces,Luz apagada en el hogar
anteriorMelodia,Retroceso confirmado
siguienteMelodia,Canción siguiente ejecutada
modoSuper,Rendimiento super iniciado
encenderLuces,Luz en funcionamiento
apagarLuces,Luz desconectada del sistema
encenderLuces,Iluminacion interior lista
apagarLuces,Zona sin iluminacion
apagarLuces,Apagado del ambiente
encenderLuces,Luz encendida en la vivienda
modoNormal,Restauración del estado inicial
modoSuper,Optimizando recursos en super
siguienteMelodia,Entrada a melodia siguiente
modoNormal,Control básico restaurado
encenderLuces,Luz en funcionamiento
siguienteMelodia,Control musical avanzado
apagarLuces,Ambiente en modo oscuro
modoNormal,Modo usual recuperado
abrirPuerta,Sistema ejecutando apertura remota
apagarLuces,Ambiente en modo oscuro
siguienteMelodia,Secuencia a tema posterior
encenderLuces,Hogar iluminado
modoSuper,Funciones mejoradas encendidas
modoSuper,Modo super operativo
apagarLuces,Iluminacion detenida
abrirPuerta,Activando mecanismos de puerta
siguienteMelodia,Melodía adelantada confirmada
apagarLuces,Reduccion luminosa ejecutada
modoNormal,Normalidad recuperada
modoSuper,Seguridad elevada activada
abrirPuerta,Puerta desplazándose hacia apertura
modoNormal,Sistema estabilizado
modoNormal,Flujo normal operativo
encenderLuces,Encendido de luz interior
modoNormal,Modo regular activado
modoSuper,Funcionamiento avanzado activado
abrirPuerta,Acceso principal en apertura
modoNormal,Modo regular activado
anteriorMelodia,Volviendo a la pista inicial
encenderLuces,Luz ambiental habilitada
modoSuper,Seguridad maximizada
siguienteMelodia,Cambiando a la siguiente pista
apagarLuces,Iniciando apagado de luces
modoSuper,Modo de seguridad reforzado
abrirPuerta,Mecanismo principal aperturándose
anteriorMelodia,Retroceso activo
modoSuper,Ejecución de seguridad avanzada
anteriorMelodia,Pista previa confirmada
siguienteMelodia,Pasando a la próxima canción
abrirPuerta,Desbloqueo y apertura iniciados
abrirPuerta,Puerta lista en modo apertura
siguienteMelodia,Melodía adelantada confirmada
modoNormal,Modo de funcionamiento tradicional
modoSuper,Operación super establecida
modoSuper,Reforzando capacidad del sistema
encenderLuces,Intensidad luminosa configurada
modoNormal,Ejecución en modo estándar
anteriorMelodia,Regresando al sonido previo
modoSuper,Control reforzado habilitado
modoNormal,Sistema en condiciones estándar
abrirPuerta,Puerta avanzando a apertura
anteriorMelodia,Retroceso de secuencia musical
modoSuper,Procesamiento super activo
anteriorMelodia,Pista anterior activada
modoSuper,Sistema elevado a modo super
apagarLuces,Iluminacion totalmente detenida
anteriorMelodia,Cancion previa habilitada
modoSuper,Sistema elevado a modo super
anteriorMelodia,Moviendo a melodia anterior
siguienteMelodia,Activación de pista siguiente
modoSuper,Maximizando niveles operativos
encenderLuces,Iluminando area del hogar
modoSuper,Modo super en funcionamiento
encenderLuces,Iluminacion base encendida
anteriorMelodia,Retrocediendo a pista anterior
apagarLuces,Iluminacion detenida
anteriorMelodia,Reinicio de melodia previa
encenderLuces,Encendido de ambiente interno
modoSuper,Modo super atendido
abrirPuerta,Activando mecanismos de puerta
modoSuper,Seguridad elevada activada
anteriorMelodia,Regresando a la melodia previa
apagarLuces,Luz deshabilitada correctamente
modoNormal,Operación común activada
siguienteMelodia,Canción siguiente ejecutada
abrirPuerta,Puerta iniciando apertura
apagarLuces,Zona sin iluminacion
anteriorMelodia,Reproduccion en retroceso
modoNormal,Sistema regresando a normalidad
encenderLuces,Inicializando encendido de luces
anteriorMelodia,Pista previa confirmada
siguienteMelodia,Pasando a la próxima canción
modoSuper,Modo super procesado
anteriorMelodia,Pista previa confirmada
siguienteMelodia,Avanzando melodia
modoSuper,Reforzando capacidad del sistema
modoNormal,Revirtiendo a configuración base
modoSuper,Funciones mejoradas encendidas
anteriorMelodia,Reinicio de melodia previa
modoNormal,Sistema en estado regular
anteriorMelodia,Retroceso activo
modoNormal,Revirtiendo a configuración base
abrirPuerta,Accediendo apertura del sistema
apagarLuces,Iluminacion totalmente detenida
modoSuper,Modo super confirmado
anteriorMelodia,Entrada a melodia anterior
apagarLuces,Finalizacion de iluminacion
abrirPuerta,Puerta avanzando a apertura
apagarLuces,Zona sin iluminacion
abrirPuerta,Puerta iniciando apertura
modoNormal,Normalidad recuperada
encenderLuces,Encendiendo luces disponibles
siguienteMelodia,Continuación musical habilitada
modoNormal,Volviendo a parámetros normales
modoSuper,Rendimiento super iniciado
abrirPuerta,Acceso principal en ejecución
anteriorMelodia,Retrocediendo a pista anterior
apagarLuces,Luces interiores desactivadas
encenderLuces,Luces encendidas correctamente
abrirPuerta,Ejecutando apertura automatizada
apagarLuces,Detencion de iluminacion
encenderLuces,Iluminacion general encendida
abrirPuerta,Puerta avanzando a apertura
anteriorMelodia,Reactivando pista anterior
modoSuper,Activación avanzada iniciada
siguienteMelodia,Cambio de canción adelante
anteriorMelodia,Tema anterior confirmado
modoNormal,Modo simple habilitado
apagarLuces,Apagando zonas interiores
modoNormal,Ejecución en modo estándar
modoSuper,Sistema asegurado en super
apagarLuces,Deshabilitando sistema de luces
anteriorMelodia,Control musical hacia atras
modoSuper,Modo super en funcionamiento
apagarLuces,Luces principales apagadas
abrirPuerta,Liberando puerta principal
modoNormal,Estabilidad de régimen recuperada
abrirPuerta,Liberación y apertura de puerta
modoSuper,Modo super habilitado
modoNormal,Modo regular activado
modoSuper,Sistema entrando en modo super
anteriorMelodia,Reproduccion retrocedida
abrirPuerta,Mecanismo de apertura activo
modoNormal,Modo cotidiano activado
abrirPuerta,Apertura automática iniciada
encenderLuces,Luz accesible encendida
siguienteMelodia,Activación de pista siguiente
siguienteMelodia,Navegación musical siguiente
siguienteMelodia,Avance de lista musical
siguienteMelodia,Orden de canción siguiente
abrirPuerta,Acceso aperturándose
modoSuper,Potencia del sistema incrementada
encenderLuces,Luz interior activada
abrirPuerta,Movimiento de apertura iniciado
abrirPuerta,Puerta desplazándose hacia apertura
siguienteMelodia,Operación siguiente melodia
apagarLuces,Corte de iluminacion ejecutado
anteriorMelodia,Volviendo al tema previo
modoNormal,Sistema en comportamiento básico
apagarLuces,Sistema oscuro habilitado
apagarLuces,Finalizacion de iluminacion
encenderLuces,Activacion de iluminacion completada
modoSuper,Modo super procesado
anteriorMelodia,Retroceso activo
abrirPuerta,Secuencia de apertura activada
modoNormal,Sistema retornando a valores base
apagarLuces,Deshabilitando sistema de luces
siguienteMelodia,Pista inmediata siguiente activada
encenderLuces,Iluminando area del hogar
modoNormal,Flujo normal operativo
encenderLuces,Iluminacion domestica lista
encenderLuces,Luces operativas
encenderLuces,Encendiendo luces disponibles
anteriorMelodia,Reactivando pista anterior
modoNormal,Frecuencia normal en proceso
anteriorMelodia,Pista anterior ejecutada
siguienteMelodia,Canción siguiente ejecutada
modoNormal,Sistema en condiciones estándar
siguienteMelodia,Siguiente selección musical ejecutada
encenderLuces,Encendido de ambiente interno
modoNormal,Control básico restaurado
modoSuper,Sistema en estado intensivo
modoNormal,Modo normal asegurado
abrirPuerta,Puerta principal abriendo
encenderLuces,Encendido de ambiente interno
modoSuper,Operación super estable
abrirPuerta,Acceso recibiendo orden de apertura
encenderLuces,Iluminacion general encendida
siguienteMelodia,Sonido siguiente habilitado
anteriorMelodia,Volviendo a la pista inicial
abrirPuerta,Liberación y apertura de puerta
apagarLuces,Apagado general procesado
modoNormal,Configuración normal aplicada
modoNormal,Restaurando modo normal
apagarLuces,Cerrando sistema de luces
siguienteMelodia,Saltando a pista siguiente
siguienteMelodia,Lista continua hacia adelante
apagarLuces,Reduccion de iluminacion
apagarLuces,Luces cortadas
modoSuper,Estatus super habilitado
abrirPuerta,Acceso siendo liberado
encenderLuces,Inicio de iluminacion estable
anteriorMelodia,Reproduciendo melodia anterior
siguienteMelodia,Pista activa siguiente
siguienteMelodia,Navegación musical siguiente
siguienteMelodia,Sonido siguiente habilitado
apagarLuces,Iluminacion detenida
apagarLuces,Cierre de sistema luminoso
siguienteMelodia,Sonido avanzado en lista
modoNormal,Modo cotidiano activado
abrirPuerta,Desbloqueo inicial de la puerta
abrirPuerta,Ejecutando apertura principal
abrirPuerta,Apertura de puerta en proceso
siguienteMelodia,Reproducción de próxima pista
modoSuper,Entrando en estado super
abrirPuerta,Acceso principal en ejecución
siguienteMelodia,Sonido avanzado en lista
modoNormal,Config estándar confirmada
anteriorMelodia,Retroceso de playlist
modoSuper,Activando modo super
modoNormal,Modo normal activado
anteriorMelodia,Retroceso de secuencia musical
modoSuper,Potenciación del sistema iniciada
encenderLuces,Inicio de proceso de iluminacion
modoNormal,Revirtiendo a configuración base
modoSuper,Modo super sosteniéndose
apagarLuces,Deshabilitando sistema de luces
modoSuper,Modo super completamente activo
anteriorMelodia,Secuencia regresiva habilitada
modoNormal,Operación estándar reestablecida
modoSuper,Modo super completamente activo
modoSuper,Modo extremo habilitado
encenderLuces,Hogar iluminado
abrirPuerta,Destraba de puerta ejecutada
encenderLuces,Luz interior activada
siguienteMelodia,Sonido siguiente habilitado
siguienteMelodia,Cambiando a la siguiente pista
abrirPuerta,Acceso principal operando apertura
modoNormal,Modo normal en funcionamiento
encenderLuces,Luces encendidas correctamente
anteriorMelodia,Seleccionando melodia anterior
modoNormal,Flujo normal operativo
modoSuper,Modo intensificado activo
modoSuper,Modo protector elevado
siguienteMelodia,Desplazando a canción siguiente
modoNormal,Estabilidad normal restaurada
abrirPuerta,Abriendo puerta principal
anteriorMelodia,Transicion a pista anterior
anteriorMelodia,Retorno musical habilitado
modoSuper,Modo super habilitado
encenderLuces,Luz ambiental habilitada
modoNormal,Operación sin modo super
siguienteMelodia,Sonido avanzado en lista
encenderLuces,Iluminando area del hogar
modoSuper,Funciones super implementadas
modoSuper,Modo super en funcionamiento
anteriorMelodia,Volviendo una melodia atras
modoSuper,Control reforzado habilitado
modoSuper,Modo superior en proceso
siguienteMelodia,Melodia siguiente en reproducción
apagarLuces,Sistema de luz deshabilitado
siguienteMelodia,Control musical avanzado
apagarLuces,Finalizando proceso de apagado
abrirPuerta,Proceso de apertura en curso
abrirPuerta,Abriendo puerta principal
modoNormal,Modo natural activo
apagarLuces,Reduccion de iluminacion
apagarLuces,Desactivando puntos de luz
siguienteMelodia,Operación siguiente melodia
abrirPuerta,Apertura asistida de puerta
modoSuper,Reforzando operación general
modoNormal,Funcionamiento común recuperado
encenderLuces,Luces operativas
siguienteMelodia,Orden de canción siguiente
encenderLuces,Control de luz activado
apagarLuces,Desactivando iluminacion general
siguienteMelodia,Continuación musical habilitada
abrirPuerta,Puerta iniciando apertura
anteriorMelodia,Regresando en lista musical
encenderLuces,Sistema luminoso encendido
anteriorMelodia,Tema previo en curso
siguienteMelodia,Activación de pista siguiente
modoNormal,Nivel normal activado
encenderLuces,Sistema iluminando interiores
siguienteMelodia,Control de avance musical
abrirPuerta,Acceso principal en ejecución
modoSuper,Seguridad maximizada
abrirPuerta,Activando mecanismos de puerta
encenderLuces,Encendido de luz interior
modoSuper,Modo super sosteniéndose
anteriorMelodia,Retroceso activo
anteriorMelodia,Tema anterior confirmado
encenderLuces,Activando luces internas
anteriorMelodia,Reinicio de melodia previa
siguienteMelodia,Pista avanzada habilitada
apagarLuces,Reduccion de iluminacion
anteriorMelodia,Secuencia regresiva habilitada
anteriorMelodia,Pista previa habilitada
anteriorMelodia,Lista alterada hacia atras
encenderLuces,Encendiendo zona iluminada
apagarLuces,Control de luz desactivado
abrirPuerta,Activando mecanismos de puerta
modoNormal,Modo cotidiano activado
encenderLuces,Intensidad luminosa configurada
siguienteMelodia,Secuencia musical siguiente
siguienteMelodia,Sonido avanzado en lista
modoNormal,Restauración del estado inicial
apagarLuces,Apagado del ambiente
abrirPuerta,Desbloqueo inicial de la puerta
abrirPuerta,Puerta desplazándose hacia apertura
anteriorMelodia,Retroceso confirmado
modoNormal,Modo natural activo
encenderLuces,Sistema iluminando interiores
apagarLuces,Modo oscuro activado
apagarLuces,Apagado completado
abrirPuerta,Puerta iniciando apertura
modoNormal,Desactivando modo super
siguienteMelodia,Reproducción musical progresiva
modoNormal,Retorno completo al modo normal
modoSuper,Modo superior en proceso
apagarLuces,Luz retirada por comando
siguienteMelodia,Reemplazando melodia por siguiente
anteriorMelodia,Reactivando pista anterior
anteriorMelodia,Volviendo en la secuencia sonora
abrirPuerta,Puerta iniciando apertura
anteriorMelodia,Reproduciendo melodia anterior
abrirPuerta,Puerta deslizándose
modoSuper,Modo super completamente activo
apagarLuces,Focos apagados
anteriorMelodia,Melodia retrocedida correctamente
anteriorMelodia,Lista alterada hacia atras
anteriorMelodia,Volviendo al tema previo
encenderLuces,Inicio de proceso de iluminacion
abrirPuerta,Activando apertura principal
encenderLuces,Luz principal habilitada
abrirPuerta,Desbloqueo y apertura iniciados
encenderLuces,Luces operativas
modoSuper,Estado super alcanzado
modoSuper,Rendimiento super iniciado
encenderLuces,Iluminando area del hogar
abrirPuerta,Apertura del acceso confirmada
siguienteMelodia,Lista avanzando
apagarLuces,Apagado del ambiente
anteriorMelodia,Regreso musical ejecutado
apagarLuces,Sistema apagando luces
apagarLuces,Luces apagadas correctamente
siguienteMelodia,Modo secuencia siguiente
encenderLuces,Encendiendo luces del hogar
modoSuper,Funcionamiento avanzado activado
modoSuper,Modo super establecido
modoSuper,Modo super operativo
siguienteMelodia,Operación siguiente melodia
abrirPuerta,Proceso de apertura en curso
abrirPuerta,Apertura del acceso confirmada
abrirPuerta,Movimiento de apertura iniciado
siguienteMelodia,Reproducción continua siguiente
abrirPuerta,Puerta deslizándose
apagarLuces,Apagando luces del hogar
modoSuper,Control aumentado habilitado
abrirPuerta,Sistema del acceso activado
modoNormal,Restaurando modo normal
modoNormal,Modo regular activado
encenderLuces,Luces activadas satisfactoriamente
apagarLuces,Apagado completado
encenderLuces,Inicializando encendido de luces
abrirPuerta,Apertura del hogar habilitada
apagarLuces,Luces principales apagadas
abrirPuerta,Liberación de puerta ejecutada
modoNormal,Sistema estabilizado
abrirPuerta,Puerta respondiendo al comando
modoSuper,Control reforzado habilitado
modoNormal,Estabilidad de régimen recuperada
abrirPuerta,Puerta desbloqueándose
modoSuper,Funciones super implementadas
apagarLuces,Apagando luces del hogar
modoNormal,Modo regular activado
anteriorMelodia,Secuencia previa activada
abrirPuerta,Ejecutando apertura principal
modoNormal,Funcionamiento común recuperado
apagarLuces,Ambiente sin iluminacion
modoSuper,Funcionamiento avanzado activado
encenderLuces,Luz ambiental habilitada
apagarLuces,Iniciando apagado de luces
encenderLuces,Activacion luminosa procesada
abrirPuerta,Puerta en transición de apertura
apagarLuces,Corte de luz interno
encenderLuces,Iluminacion activada
encenderLuces,Inicio de iluminacion estable
abrirPuerta,Apertura remota activada
abrirPuerta,Apertura automática iniciada
modoSuper,Protección total habilitada
apagarLuces,Luces cortadas
modoSuper,Modo avanzado habilitado
siguienteMelodia,Modo secuencia siguiente
anteriorMelodia,Reactivando pista anterior
encenderLuces,Sistema iluminando interiores
siguienteMelodia,Continuación musical habilitada
anteriorMelodia,Reproduccion de pista anterior
modoNormal,Modo natural activo
abrirPuerta,Iniciando apertura del acceso
apagarLuces,Modo oscuro activado
abrirPuerta,Puerta desbloqueándose
apagarLuces,Corte de iluminacion ejecutado
siguienteMelodia,Continuación musical habilitada
abrirPuerta,Desbloqueo y apertura iniciados
apagarLuces,Apagado general procesado
encenderLuces,Encendiendo luces disponibles
anteriorMelodia,Melodia previa en reproduccion
abrirPuerta,Puerta iniciando transición
modoSuper,Seguridad elevada activada
modoSuper,Modo super en funcionamiento
modoNormal,Modo básico activo
modoSuper,Modo superior en proceso
siguienteMelodia,Canción desplazada hacia adelante
siguienteMelodia,Continuación musical habilitada
encenderLuces,Encendiendo iluminacion interior
abrirPuerta,Apertura sin obstrucciones en curso
anteriorMelodia,Pista previa habilitada
modoNormal,Modo normal confirmado
siguienteMelodia,Avance de lista musical
modoNormal,Norma operativa establecida
abrirPuerta,Acceso principal en movimiento
abrirPuerta,Acceso principal en apertura
encenderLuces,Luz accesible encendida
encenderLuces,Luces habilitadas por sistema
anteriorMelodia,Reactivando pista anterior
apagarLuces,Oscureciendo ambiente
apagarLuces,Iluminacion deshabilitada
modoSuper,Sistema en estado intensivo
encenderLuces,Luz interior activada
siguienteMelodia,Lista avanzando
abrirPuerta,Ejecutando apertura automatizada
siguienteMelodia,Ejecutando melodia siguiente
encenderLuces,Luces habilitadas
modoSuper,Control avanzado reforzado
apagarLuces,Oscureciendo ambiente
anteriorMelodia,Volviendo a la pista inicial
abrirPuerta,Desbloqueo inicial de la puerta
modoNormal,Parámetros normales aplicados
modoSuper,Modo superior en proceso
modoSuper,Control aumentado habilitado
apagarLuces,Desactivacion luminosa ejecutada
modoSuper,Activación máxima ejecutada
siguienteMelodia,Siguiente selección musical ejecutada
anteriorMelodia,Retroceso de playlist
siguienteMelodia,Cambiando a la siguiente pista
modoNormal,Restituyendo ajustes originales
abrirPuerta,Puerta iniciando apertura
siguienteMelodia,Activación de pista siguiente
modoSuper,Modo de seguridad reforzado
siguienteMelodia,Avance de lista musical
modoSuper,Modo especializado activado
encenderLuces,Sistema en modo iluminado
abrirPuerta,Acceso recibiendo orden de apertura
encenderLuces,Luces encendidas correctamente
abrirPuerta,Activando mecanismos de puerta
siguienteMelodia,Modo secuencia siguiente
siguienteMelodia,Lista continua hacia adelante
apagarLuces,Ambiente apagado
modoSuper,Modo intensificado activo
anteriorMelodia,Regreso musical ejecutado
encenderLuces,Puntos de iluminacion activos
siguienteMelodia,Lista musical moviéndose adelante
encenderLuces,Iluminacion interior lista
encenderLuces,Activacion de iluminacion completada
anteriorMelodia,Retroceso de secuencia musical
apagarLuces,Sistema en modo sin luz
modoSuper,Potencia del sistema incrementada
anteriorMelodia,Direccion musical invertida
siguienteMelodia,Pista desplazada hacia adelante
abrirPuerta,Liberación de puerta ejecutada
modoSuper,Sistema asegurado en super
abrirPuerta,Liberación de puerta ejecutada
siguienteMelodia,Activando pista posterior
modoNormal,Modo normal establecido
siguienteMelodia,Rotación musical adelante
abrirPuerta,Mecanismo de apertura activo
siguienteMelodia,Pasando a la próxima canción
abrirPuerta,Acceso iniciando apertura
modoSuper,Ejecución de seguridad avanzada
anteriorMelodia,Reproduccion retrocedida
abrirPuerta,Movimiento de apertura iniciado
apagarLuces,Iluminacion retirada
abrirPuerta,Puerta respondiendo apertura
modoNormal,Sistema en estado regular
siguienteMelodia,Avance de lista musical
apagarLuces,Sistema finalizando luz
apagarLuces,Focos apagados
apagarLuces,Corte de luz interno
siguienteMelodia,Pista desplazada hacia adelante
modoNormal,Patrón operativo normal
apagarLuces,Iluminacion minimizada
abrirPuerta,Comenzando apertura de puerta
modoSuper,Sistema entrando en modo super
apagarLuces,Cierre de sistema luminoso
anteriorMelodia,Cancion anterior reproducida
apagarLuces,Iluminacion detenida
abrirPuerta,Puerta desplazándose hacia apertura
modoSuper,Reforzando operación general
abrirPuerta,Acceso siendo liberado
apagarLuces,Apagando iluminacion interior
modoNormal,Estabilidad de régimen recuperada
anteriorMelodia,Retroceso musical activado
modoSuper,Sistema en estado intensivo
modoNormal,Normalidad recuperada
anteriorMelodia,Melodia previa en reproduccion
apagarLuces,Apagado del ambiente
encenderLuces,Luces activadas satisfactoriamente
anteriorMelodia,Tema anterior en ejecucion
anteriorMelodia,Pista previa confirmada
anteriorMelodia,Musica regresada
abrirPuerta,Iniciando apertura del acceso
modoNormal,Operación estándar reestablecida
encenderLuces,Luz principal habilitada
abrirPuerta,Puerta respondiendo al comando
encenderLuces,Activando sistema de luces
anteriorMelodia,Lista regresando atras
apagarLuces,Luces deshabilitadas
modoSuper,Control reforzado habilitado
siguienteMelodia,Reproducción secuencial siguiente
apagarLuces,Desactivacion luminosa ejecutada
anteriorMelodia,Melodia previa recuperada
modoSuper,Potencia del sistema incrementada
encenderLuces,Encendiendo luces del hogar
siguienteMelodia,Avance musical iniciado
siguienteMelodia,Ejecutando melodia siguiente
abrirPuerta,Desbloqueo inicial de la puerta
modoSuper,Entrando en estado super
apagarLuces,Ambiente en modo oscuro
siguienteMelodia,Melodia siguiente en reproducción
abrirPuerta,Puerta principal abriendo
abrirPuerta,Apertura de puerta en proceso
apagarLuces,Luces apagadas correctamente
anteriorMelodia,Regresando a la melodia previa
apagarLuces,Iluminacion totalmente detenida
anteriorMelodia,Regreso musical ejecutado
encenderLuces,Luz principal iniciada
encenderLuces,Iluminando area del hogar
modoNormal,Modo normal asegurado
modoNormal,Modo usual recuperado
modoSuper,Estado de máximo rendimiento
modoNormal,Volviendo a parámetros normales
modoSuper,Protección total habilitada
apagarLuces,Iluminacion totalmente detenida
modoNormal,Operación estándar reestablecida
modoSuper,Modo super establecido
anteriorMelodia,Seleccionando melodia anterior
apagarLuces,Luces interiores desactivadas
modoNormal,Configuración normal aplicada
apagarLuces,Desactivacion luminosa ejecutada
apagarLuces,Reduccion de iluminacion
siguienteMelodia,Orden de canción siguiente
apagarLuces,Sistema apagando luces
apagarLuces,Apagando zonas interiores
abrirPuerta,Puerta avanzando a apertura
modoNormal,Modo cotidiano activado
abrirPuerta,Puerta lista en modo apertura
modoNormal,Parámetros normales aplicados
anteriorMelodia,Secuencia musical previa
encenderLuces,Iluminacion del hogar lista
anteriorMelodia,Tema anterior en ejecucion
encenderLuces,Encendiendo luces externas
modoSuper,Funcionamiento avanzado activado
modoNormal,Configuración normal aplicada
modoNormal,Operación sin modo super
modoNormal,Configuración normal aplicada
apagarLuces,Luz apagada en el hogar
modoNormal,Modo regular activado
anteriorMelodia,Reactivando pista anterior
abrirPuerta,Acceso principal operando apertura
siguienteMelodia,Pista inmediata siguiente activada
modoSuper,Activando modo super
apagarLuces,Desactivando iluminacion general
abrirPuerta,Acceso principal en apertura
modoSuper,Sistema bajo modo super seguro
modoNormal,Modo normal seguro
anteriorMelodia,Reproduccion retrocedida
encenderLuces,Activacion de iluminacion completada
anteriorMelodia,Pista previa habilitada
modoNormal,Modo normal en funcionamiento
modoNormal,Volviendo a parámetros normales
modoSuper,Funciones mejoradas encendidas
encenderLuces,Luz en funcionamiento
abrirPuerta,Abriendo puerta principal
encenderLuces,Activacion luminosa procesada
anteriorMelodia,Retorno musical habilitado
encenderLuces,Luces habilitadas
modoSuper,Potencia del sistema incrementada
siguienteMelodia,Melodía adelantada confirmada
modoNormal,Sistema en condiciones estándar
anteriorMelodia,Direccion musical invertida
anteriorMelodia,Direccion musical invertida
apagarLuces,Apagado del ambiente
modoNormal,Operación estándar reestablecida
modoNormal,Operación sin modo super
abrirPuerta,Acceso en secuencia de apertura
encenderLuces,Activando luces internas
anteriorMelodia,Volviendo al tema previo
anteriorMelodia,Reproduccion retrocedida
apagarLuces,Sistema en modo sin luz
encenderLuces,Intensidad luminosa activada
encenderLuces,Encendiendo zona iluminada
modoSuper,Sistema entrando en modo super
modoSuper,Modo inteligente super activado
abrirPuerta,Puerta iniciando apertura
anteriorMelodia,Melodia desplazada hacia atras
apagarLuces,Zona sin iluminacion
abrirPuerta,Mecanismo de apertura activo
encenderLuces,Iluminacion interior lista
encenderLuces,Activando brillo interior
siguienteMelodia,Lista avanzando
encenderLuces,Inicializando encendido de luces
encenderLuces,Hogar iluminado
abrirPuerta,Acceso principal moviéndose
modoSuper,Optimizando recursos en super
abrirPuerta,Activando apertura principal
modoNormal,Nivel normal activado
apagarLuces,Iluminacion detenida
modoSuper,Maximizando niveles operativos
abrirPuerta,Mecanismo principal aperturándose
siguienteMelodia,Progreso musical hacia adelante
encenderLuces,Iluminando area del hogar
anteriorMelodia,Cancion anterior reproducida
apagarLuces,Iluminacion detenida
siguienteMelodia,Control de avance musical
abrirPuerta,Puerta desbloqueándose
apagarLuces,Focos apagados
apagarLuces,Apagado completado
siguienteMelodia,Saltando a pista siguiente
anteriorMelodia,Regresando en lista musical
siguienteMelodia,Canción siguiente ejecutada
encenderLuces,Encendiendo iluminacion interior
encenderLuces,Ambiente iluminado
anteriorMelodia,Reproduccion retrocedida
modoNormal,Volviendo a circulación normal
apagarLuces,Control de luz desactivado
abrirPuerta,Secuencia de apertura activada
modoSuper,Reforzando capacidad del sistema
abrirPuerta,Acceso aperturándose
encenderLuces,Encendiendo iluminacion interior
apagarLuces,Iluminacion desactivada
modoSuper,Seguridad elevada activada
apagarLuces,Desconectando iluminacion interna
siguienteMelodia,Rotación musical adelante
siguienteMelodia,Activando pista posterior
modoNormal,Modo normal seguro
encenderLuces,Intensidad luminosa activada
apagarLuces,Apagando luces disponibles
anteriorMelodia,Melodia retrocedida correctamente
abrirPuerta,Acceso principal moviéndose
modoNormal,Sistema retornando a valores base
anteriorMelodia,Melodia previa recuperada
modoNormal,Control básico restaurado
anteriorMelodia,Reproduciendo melodia anterior
apagarLuces,Luz apagada en el hogar
abrirPuerta,Realizando apertura de puerta
anteriorMelodia,Regresando pista musical
modoSuper,Reforzando capacidad del sistema
abrirPuerta,Apertura de puerta en proceso
anteriorMelodia,Volviendo al tema previo
abrirPuerta,Puerta desplazándose hacia apertura
encenderLuces,Iluminacion interior lista
abrirPuerta,Destraba de puerta ejecutada
modoNormal,Modo normal en funcionamiento
anteriorMelodia,Retrocediendo a pista anterior
anteriorMelodia,Tema anterior en ejecucion
apagarLuces,Control de luz desactivado
modoNormal,Restituyendo ajustes originales
anteriorMelodia,Tema anterior en ejecucion
abrirPuerta,Puerta avanzando a apertura
siguienteMelodia,Melodía entrante activada
apagarLuces,Cerrando sistema de luces
modoSuper,Habilitando funciones super
modoNormal,Restauración del estado inicial
siguienteMelodia,Musica adelantada
encenderLuces,Inicio de proceso de iluminacion
encenderLuces,Ambiente iluminado
apagarLuces,Ambiente en modo oscuro
modoSuper,Potencia del sistema incrementada
modoNormal,Modo ordinario habilitado
abrirPuerta,Apertura del acceso confirmada
modoNormal,Operación estándar reestablecida
modoSuper,Sistema elevado a modo super
siguienteMelodia,Cambio musical siguiente procesado
encenderLuces,Luz interior activada
siguienteMelodia,Desplazando a canción siguiente
modoNormal,Estabilidad de régimen recuperada
siguienteMelodia,Avanzando melodia
encenderLuces,Encendido de luz interior
apagarLuces,Iluminacion totalmente detenida
modoSuper,Seguridad al máximo nivel
abrirPuerta,Apertura sin obstrucciones en curso
apagarLuces,Luz cancelada correctamente
modoSuper,Modo super procesado
apagarLuces,Cerrando sistema de luces
modoNormal,Modo normal asegurado
anteriorMelodia,Reactivando pista anterior
siguienteMelodia,Cambio de canción adelante
modoSuper,Reforzando capacidad del sistema
abrirPuerta,Secuencia de apertura activada
apagarLuces,Ambiente apagado
modoNormal,Revirtiendo a configuración base
modoSuper,Funciones mejoradas encendidas
modoSuper,Sistema asegurado en super
abrirPuerta,Liberación y apertura de puerta
modoSuper,Rendimiento super iniciado
apagarLuces,Detencion de iluminacion
encenderLuces,Activando puntos luminosos
modoSuper,Control avanzado reforzado
anteriorMelodia,Pista previa habilitada
abrirPuerta,Apertura sin obstrucciones en curso
modoNormal,Revirtiendo a configuración base
modoNormal,Restauración del estado inicial
encenderLuces,Ambiente iluminado
siguienteMelodia,Avance musical iniciado
anteriorMelodia,Secuencia musical previa
modoNormal,Modo básico activo
abrirPuerta,Apertura de puerta en proceso
modoNormal,Sistema reintegrado a normalidad
apagarLuces,Luz interior apagada
abrirPuerta,Movimiento de apertura iniciado
modoNormal,Sistema en estado regular
modoSuper,Modo super completamente activo
apagarLuces,Iluminacion retirada
apagarLuces,Luces totalmente desactivadas
encenderLuces,Sistema luminoso completado
abrirPuerta,Puerta lista en modo apertura
apagarLuces,Apagado interno listo
encenderLuces,Iluminacion base encendida
abrirPuerta,Acceso principal operando apertura
encenderLuces,Inicializando encendido de luces
modoSuper,Ejecución de modo super iniciada
encenderLuces,Luz en funcionamiento
abrirPuerta,Acceso principal en apertura
modoNormal,Ejecución en modo estándar
encenderLuces,Activando puntos luminosos
modoSuper,Modo super atendido
modoSuper,Modo superior en proceso
modoSuper,Modo intensificado activo
encenderLuces,Encendiendo luces externas
modoSuper,Activación máxima ejecutada
siguienteMelodia,Reproducción adelantada
apagarLuces,Corte de iluminacion ejecutado
modoNormal,Modo de funcionamiento tradicional
apagarLuces,Apagando iluminacion interior
modoNormal,Restauración del estado inicial
modoSuper,Optimizando recursos en super
encenderLuces,Luces encendidas correctamente
anteriorMelodia,Lista alterada hacia atras
abrirPuerta,Comenzando apertura de puerta
apagarLuces,Desactivando puntos de luz
abrirPuerta,Iniciando apertura del acceso
modoNormal,Operación normal retomada
modoNormal,Desactivando modo super
encenderLuces,Sistema luminoso encendido
anteriorMelodia,Regresando al sonido previo
siguienteMelodia,Secuencia musical siguiente
anteriorMelodia,Volviendo en la secuencia sonora
siguienteMelodia,Cambiando a la siguiente pista
apagarLuces,Iluminacion deshabilitada
modoSuper,Modo super sosteniéndose
siguienteMelodia,Progreso musical hacia adelante
modoSuper,Modo super establecido
siguienteMelodia,Secuencia a tema posterior
modoSuper,Ejecución de modo super iniciada
abrirPuerta,Acceso principal en apertura
apagarLuces,Luces cortadas
apagarLuces,Luz apagada en el hogar
anteriorMelodia,Regresando en lista musical
abrirPuerta,Acceso aperturándose
siguienteMelodia,Cambio de canción adelante
modoSuper,Potenciación del sistema iniciada
anteriorMelodia,Transicion a pista anterior
modoSuper,Modo super completamente activo
modoNormal,Modo normal seguro
modoSuper,Potencia del sistema incrementada
apagarLuces,Desactivando puntos de luz
apagarLuces,Finalizando proceso de apagado
modoSuper,Modo extremo habilitado
apagarLuces,Apagando iluminacion interior
encenderLuces,Encendido de ambiente interno
abrirPuerta,Apertura confirmada
abrirPuerta,Puerta desbloqueándose
encenderLuces,Activando sistema de luces
abrirPuerta,Apertura del hogar habilitada
anteriorMelodia,Regresando al sonido previo
encenderLuces,Luz encendida en la vivienda
abrirPuerta,Acceso principal en ejecución
encenderLuces,Luces encendidas correctamente
anteriorMelodia,Retorno a melodia previa
anteriorMelodia,Retrocediendo a pista anterior
modoNormal,Restaurando modo normal
modoNormal,Modo cotidiano activado
siguienteMelodia,Lista musical moviéndose adelante
modoNormal,Sistema retornando a valores base
abrirPuerta,Acceso en secuencia de apertura
encenderLuces,Encendiendo luces del hogar
anteriorMelodia,Volviendo en la secuencia sonora
apagarLuces,Luces cortadas
modoNormal,Patrón operativo normal
modoSuper,Sistema elevado a modo super
modoNormal,Flujo normal operativo
encenderLuces,Encendiendo luces del hogar
abrirPuerta,Acceso en secuencia de apertura
abrirPuerta,Apertura del acceso confirmada
abrirPuerta,Activando apertura principal
modoNormal,Operación normal retomada
anteriorMelodia,Entrada a melodia anterior
anteriorMelodia,Control musical hacia atras
anteriorMelodia,Reproduccion de pista anterior
apagarLuces,Control de luz desactivado
apagarLuces,Luz cancelada correctamente
modoNormal,Estabilidad normal restaurada
modoNormal,Sistema en régimen estándar
anteriorMelodia,Transicion a pista anterior
apagarLuces,Ambiente en modo oscuro
encenderLuces,Encendiendo luces externas
siguienteMelodia,Lista continua hacia adelante
modoNormal,Sistema en condiciones estándar
abrirPuerta,Apertura remota activada
apagarLuces,Sistema de luz deshabilitado
modoNormal,Modo normal activado
anteriorMelodia,Retroceso de secuencia musical
modoNormal,Contexto base reactivado
anteriorMelodia,Cancion anterior reproducida
anteriorMelodia,Cambio a melodia anterior
encenderLuces,Iluminacion general encendida
encenderLuces,Encendiendo luces disponibles
anteriorMelodia,Volviendo al tema previo
anteriorMelodia,Retroceso confirmado
anteriorMelodia,Tema en retroceso
modoNormal,Modo normal activado
anteriorMelodia,Melodia retrocedida correctamente
modoSuper,Seguridad maximizada
encenderLuces,Sistema luminoso encendido
modoSuper,Rendimiento super iniciado
anteriorMelodia,Regresando en lista musical
modoSuper,Sistema bajo modo super seguro
abrirPuerta,Liberación de puerta ejecutada
encenderLuces,Sistema luminoso encendido
anteriorMelodia,Secuencia regresiva habilitada
apagarLuces,Apagando luces del hogar
modoSuper,Operación super establecida
abrirPuerta,Puerta despejando acceso
siguienteMelodia,Avance de playlist
siguienteMelodia,Transición a siguiente melodia
siguienteMelodia,Reemplazando melodia por siguiente
anteriorMelodia,Reinicio de melodia previa
modoNormal,Control básico restaurado
anteriorMelodia,Pista anterior ejecutada
apagarLuces,Ambiente apagado
modoNormal,Volviendo a parámetros normales
modoSuper,Modo super sosteniéndose
apagarLuces,Oscureciendo ambiente
abrirPuerta,Realizando apertura de puerta
encenderLuces,Puntos de luz activados
encenderLuces,Hogar iluminado
anteriorMelodia,Secuencia previa activada
encenderLuces,Luz encendida en la vivienda
modoNormal,Operación estándar reestablecida
apagarLuces,Luces apagadas correctamente
encenderLuces,Activando brillo interior
modoNormal,Restaurando modo normal
siguienteMelodia,Reproducción secuencial siguiente
siguienteMelodia,Operación siguiente melodia
siguienteMelodia,Modo música adelante
modoSuper,Funcionamiento avanzado activado
modoNormal,Sistema en comportamiento básico
siguienteMelodia,Reproduciendo siguiente melodia
modoSuper,Sistema en estado intensivo
anteriorMelodia,Cancion anterior reproducida
modoNormal,Operación estándar reestablecida
siguienteMelodia,Posición musical siguiente
apagarLuces,Iluminacion desactivada
modoNormal,Modo simple habilitado
anteriorMelodia,Regresando pista musical
encenderLuces,Luces habilitadas por sistema
encenderLuces,Ambiente correctamente iluminado
anteriorMelodia,Retroceso musical activado
apagarLuces,Luz cancelada correctamente
modoSuper,Maximizando niveles operativos
anteriorMelodia,Musica anterior procesada
encenderLuces,Encendido de ambiente interno
modoSuper,Reforzando operación general
anteriorMelodia,Lista alterada hacia atras
siguienteMelodia,Reemplazando melodia por siguiente
siguienteMelodia,Movimiento a pista consecutiva
anteriorMelodia,Cancion previa habilitada
abrirPuerta,Activando apertura principal
encenderLuces,Luces operativas
modoSuper,Modo protector elevado
apagarLuces,Finalizacion de iluminacion
anteriorMelodia,Retroceso de secuencia musical
modoNormal,Operación estándar reestablecida
siguienteMelodia,Modo secuencia siguiente
abrirPuerta,Destraba de puerta ejecutada
anteriorMelodia,Tema en retroceso
abrirPuerta,Accediendo apertura del sistema
modoSuper,Modo intensificado activo
apagarLuces,Luces principales apagadas
encenderLuces,Sistema de luz activo
encenderLuces,Iluminacion general encendida
siguienteMelodia,Sonido siguiente habilitado
modoNormal,Modo normal seguro
modoSuper,Control avanzado reforzado
anteriorMelodia,Cancion anterior reproducida
abrirPuerta,Puerta principal abriendo
apagarLuces,Luz desconectada del sistema
anteriorMelodia,Secuencia regresiva habilitada
encenderLuces,Iluminacion base encendida
siguienteMelodia,Tema posterior en curso
abrirPuerta,Puerta iniciando transición
anteriorMelodia,Regresando a la melodia previa
encenderLuces,Inicio de proceso de iluminacion
siguienteMelodia,Activando pista posterior
siguienteMelodia,Modo música adelante
encenderLuces,Iluminacion del entorno activa
encenderLuces,Inicio de proceso de iluminacion
modoSuper,Seguridad al máximo nivel
abrirPuerta,Activando mecanismos de puerta
abrirPuerta,Puerta principal abriendo
abrirPuerta,Comenzando apertura de puerta
modoNormal,Estabilidad normal restaurada
modoSuper,Sistema entrando en modo super
modoSuper,Activando modo super
apagarLuces,Iluminacion retirada
modoSuper,Seguridad maximizada
siguienteMelodia,Saltando a pista siguiente
modoSuper,Sistema devuelto a modo super
anteriorMelodia,Cambio a melodia anterior
modoSuper,Operación super estable
siguienteMelodia,Activación de pista siguiente
modoNormal,Operación normal retomada
siguienteMelodia,Transición a siguiente melodia
anteriorMelodia,Secuencia regresiva habilitada
modoSuper,Modo inteligente super activado
modoNormal,Sistema regresando a normalidad
modoNormal,Frecuencia normal en proceso
siguienteMelodia,Rotación musical adelante
modoNormal,Sistema regresando a normalidad
anteriorMelodia,Control musical hacia atras
anteriorMelodia,Melodia previa recuperada
encenderLuces,Iluminacion base encendida
modoNormal,Volviendo al estado original
anteriorMelodia,Reproduccion de pista anterior
siguienteMelodia,Progreso musical hacia adelante
abrirPuerta,Acceso principal moviéndose
modoNormal,Frecuencia normal en proceso
modoNormal,Modo normal en funcionamiento
anteriorMelodia,Regresando a la melodia previa
anteriorMelodia,Cancion anterior reproducida
encenderLuces,Luz automatizada encendida
anteriorMelodia,Reproduccion anterior establecida
anteriorMelodia,Reproduccion regresiva
apagarLuces,Apagado del ambiente
siguienteMelodia,Saltando a pista siguiente
modoNormal,Modo natural activo
modoNormal,Frecuencia normal en proceso
encenderLuces,Iluminacion domestica lista
modoSuper,Control reforzado habilitado
abrirPuerta,Puerta en transición de apertura
modoNormal,Volviendo a circulación normal
modoSuper,Ejecución de seguridad avanzada
siguienteMelodia,Activando melodia sucesora
modoNormal,Operación normal retomada
abrirPuerta,Acceso principal en movimiento
abrirPuerta,Comenzando apertura de puerta
siguienteMelodia,Avance musical iniciado
modoNormal,Contexto base reactivado
encenderLuces,Encendiendo luces disponibles
anteriorMelodia,Pista anterior activada
apagarLuces,Apagado del ambiente
modoSuper,Potencia del sistema incrementada
modoNormal,Volviendo a circulación normal
apagarLuces,Ambiente sin iluminacion
siguienteMelodia,Posición musical siguiente
encenderLuces,Puntos de luz activados
modoSuper,Modo super establecido
abrirPuerta,Ejecutando apertura principal
modoNormal,Modo normal asegurado
modoNormal,Nivel normal activado
encenderLuces,Inicio de iluminacion estable
modoSuper,Modo super sosteniéndose
anteriorMelodia,Tema anterior en ejecucion
modoNormal,Sistema en condiciones estándar
encenderLuces,Activacion de iluminacion completada
modoSuper,Optimizando recursos en super
abrirPuerta,Puerta deslizándose
apagarLuces,Ambiente en modo oscuro
abrirPuerta,Puerta desbloqueándose
siguienteMelodia,Orden de canción siguiente
siguienteMelodia,Desplazando a canción siguiente
apagarLuces,Zona sin iluminacion
modoSuper,Modo super sosteniéndose
modoSuper,Sistema devuelto a modo super
anteriorMelodia,Retroceso activo
modoNormal,Ejecución en modo estándar
modoSuper,Control reforzado habilitado
abrirPuerta,Apertura automática en progreso
encenderLuces,Iluminacion activada
modoSuper,Modo super completamente activo
encenderLuces,Luces habilitadas
siguienteMelodia,Activando pista posterior
modoNormal,Desactivando modo super
encenderLuces,Activacion luminosa procesada
encenderLuces,Luces habilitadas
modoSuper,Estado de máximo rendimiento
abrirPuerta,Apertura del hogar habilitada
modoNormal,Modo natural activo
siguienteMelodia,Ejecutando melodia siguiente
abrirPuerta,Acceso aperturándose
modoNormal,Sistema reintegrado a normalidad
siguienteMelodia,Pista activa siguiente
apagarLuces,Iluminacion desactivada
apagarLuces,Corte de iluminacion ejecutado
modoNormal,Modo básico activo
anteriorMelodia,Pista anterior seleccionada
abrirPuerta,Iniciando apertura del acceso
siguienteMelodia,Continuación musical habilitada
apagarLuces,Finalizando proceso de apagado
apagarLuces,Sistema apagando luces
abrirPuerta,Proceso de apertura en curso
encenderLuces,Luz principal habilitada
modoSuper,Modo protector elevado
modoNormal,Restauración del sistema realizada
apagarLuces,Sistema oscuro habilitado
encenderLuces,Luces principales encendidas
apagarLuces,Reduccion de iluminacion
apagarLuces,Corte de iluminacion ejecutado
apagarLuces,Oscureciendo ambiente
apagarLuces,Luces principales apagadas
encenderLuces,Luces habilitadas por sistema
abrirPuerta,Apertura automática en progreso
anteriorMelodia,Pista anterior seleccionada
abrirPuerta,Realizando apertura de puerta
apagarLuces,Ambiente apagado
encenderLuces,Iluminacion interior lista
anteriorMelodia,Retroceso activo
modoNormal,Norma operativa establecida
modoSuper,Estado super alcanzado
modoNormal,Restituyendo ajustes originales
modoSuper,Activando modo super
abrirPuerta,Apertura confirmada
siguienteMelodia,Siguiente selección musical ejecutada
encenderLuces,Sistema en modo iluminado
abrirPuerta,Mecanismo principal aperturándose
abrirPuerta,Acceso principal moviéndose
encenderLuces,Encendiendo ambiente
abrirPuerta,Activando mecanismos de puerta
modoNormal,Sistema en estado regular
modoNormal,Operación común activada
modoSuper,Estado funcional elevado
modoSuper,Modo super procesado
anteriorMelodia,Volviendo a la pista inicial
apagarLuces,Focos apagados
encenderLuces,Sistema en modo iluminado
abrirPuerta,Desbloqueo inicial de la puerta
modoSuper,Protección reforzada activa
encenderLuces,Activando sistema de luces
siguienteMelodia,Lista musical moviéndose adelante
modoSuper,Modo super sosteniéndose
abrirPuerta,Sistema liberando puerta
modoNormal,Revirtiendo a configuración base
apagarLuces,Apagado del ambiente
encenderLuces,Encendido de luz interior
encenderLuces,Inicializando encendido de luces
anteriorMelodia,Secuencia regresiva habilitada
anteriorMelodia,Moviendo a melodia anterior
siguienteMelodia,Reproducción continua siguiente
abrirPuerta,Activando mecanismos de puerta
siguienteMelodia,Reproducción mejorada adelante
modoNormal,Restauración del estado inicial
abrirPuerta,Acceso iniciando apertura
modoNormal,Operación normal retomada
modoSuper,Operación ampliada iniciada
anteriorMelodia,Reproduccion regresiva
siguienteMelodia,Ejecutando tema siguiente
encenderLuces,Sistema de luz activo
abrirPuerta,Puerta iniciando apertura
apagarLuces,Luces interiores desactivadas
modoSuper,Activando modo super
anteriorMelodia,Secuencia musical previa
abrirPuerta,Secuencia de apertura activada
anteriorMelodia,Musica anterior procesada
modoNormal,Modo regular activado
siguienteMelodia,Reproducción de próxima pista
abrirPuerta,Proceso de apertura en curso
abrirPuerta,Puerta principal abriendo
apagarLuces,Luces interiores desactivadas
anteriorMelodia,Tema anterior en ejecucion
abrirPuerta,Mecanismo principal aperturándose
abrirPuerta,Acceso principal operando apertura
apagarLuces,Luces apagadas correctamente
abrirPuerta,Apertura automática en progreso
abrirPuerta,Movimiento de apertura iniciado
abrirPuerta,Mecanismo principal aperturándose
modoNormal,Modo normal confirmado
modoNormal,Restituyendo ajustes originales
encenderLuces,Luz encendida en la vivienda
modoNormal,Norma operativa establecida
apagarLuces,Apagando luces disponibles
siguienteMelodia,Control musical avanzado
encenderLuces,Ambiente iluminado
modoNormal,Control básico restaurado
modoSuper,Maximizando niveles operativos
apagarLuces,Iluminacion detenida
modoNormal,Modo natural activo
siguienteMelodia,Operación siguiente melodia
modoNormal,Sistema regresando a normalidad
apagarLuces,Reduccion luminosa ejecutada
modoSuper,Modo extremo habilitado
modoNormal,Modo normal establecido
anteriorMelodia,Melodia retrocedida correctamente
apagarLuces,Sistema oscuro habilitado
apagarLuces,Desactivacion luminosa ejecutada
anteriorMelodia,Reproduccion de pista anterior
modoNormal,Volviendo a circulación normal
abrirPuerta,Destraba de puerta ejecutada
encenderLuces,Inicio de proceso de iluminacion
modoSuper,Seguridad elevada activada
apagarLuces,Ambiente sin iluminacion
abrirPuerta,Puerta deslizándose
modoSuper,Operación super establecida
encenderLuces,Encendido de luz interior
encenderLuces,Luz en funcionamiento
apagarLuces,Iluminacion desactivada
encenderLuces,Focos encendidos
anteriorMelodia,Melodia desplazada hacia atras
abrirPuerta,Puerta respondiendo apertura
siguienteMelodia,Avance de lista musical
anteriorMelodia,Secuencia previa activada
anteriorMelodia,Melodia previa recuperada
anteriorMelodia,Volviendo al tema previo
encenderLuces,Intensidad luminosa activada
modoSuper,Potencia aumentada en sistema
siguienteMelodia,Movimiento a pista consecutiva
modoSuper,Control avanzado reforzado
modoNormal,Config estándar confirmada
apagarLuces,Oscureciendo ambiente
siguienteMelodia,Cambio de canción adelante
encenderLuces,Encendiendo iluminacion interior
modoSuper,Potenciación del sistema iniciada
abrirPuerta,Puerta respondiendo apertura
modoNormal,Restauración del sistema realizada
abrirPuerta,Acceso principal en movimiento
modoSuper,Activando modo super
anteriorMelodia,Reactivando pista anterior
siguienteMelodia,Activación de pista siguiente
siguienteMelodia,Reproducción secuencial siguiente
encenderLuces,Luz automatizada encendida
abrirPuerta,Puerta iniciando apertura
abrirPuerta,Apertura asistida de puerta
anteriorMelodia,Retroceso musical activado
apagarLuces,Retiro de luz completado
siguienteMelodia,Saltando a pista siguiente
modoNormal,Estabilidad de régimen recuperada
siguienteMelodia,Reemplazando melodia por siguiente
modoSuper,Modo super habilitado
modoSuper,Modo super atendido
apagarLuces,Apagando zonas interiores
encenderLuces,Encendiendo luces externas
siguienteMelodia,Reproducción secuencial siguiente
modoSuper,Modo super en funcionamiento
encenderLuces,Luces encendidas correctamente
encenderLuces,Luces encendidas correctamente
modoNormal,Retorno completo al modo normal
abrirPuerta,Desbloqueo inicial de la puerta
modoSuper,Funcionamiento avanzado activado
siguienteMelodia,Activando melodia sucesora
apagarLuces,Finalizacion de iluminacion
siguienteMelodia,Avance de lista musical
abrirPuerta,Ejecutando apertura principal
apagarLuces,Desactivando puntos de luz
modoSuper,Modo super procesado
apagarLuces,Desactivacion luminosa ejecutada
apagarLuces,Sistema apagando luces
modoSuper,Modo de seguridad reforzado
modoSuper,Sistema elevado a modo super
abrirPuerta,Abriendo puerta principal
apagarLuces,Luz desconectada del sistema
modoNormal,Sistema estabilizado
modoSuper,Estado funcional elevado
siguienteMelodia,Pista inmediata siguiente activada
abrirPuerta,Puerta desbloqueándose
modoNormal,Sistema estabilizado
modoNormal,Restauración del sistema realizada
abrirPuerta,Abriendo puerta principal
siguienteMelodia,Rotación musical adelante
siguienteMelodia,Lista avanzando
modoSuper,Modo super establecido
encenderLuces,Control de luz activado
siguienteMelodia,Reproducción secuencial siguiente
anteriorMelodia,Cancion previa habilitada
encenderLuces,Hogar iluminado
abrirPuerta,Acceso recibiendo orden de apertura
modoNormal,Operación común activada
modoNormal,Sistema fuera de modo super
encenderLuces,Luz en funcionamiento
encenderLuces,Luces principales encendidas
apagarLuces,Finalizacion de iluminacion
modoSuper,Control avanzado reforzado
apagarLuces,Iluminacion retirada
siguienteMelodia,Reemplazando melodia por siguiente
encenderLuces,Inicializando encendido de luces
abrirPuerta,Acceso siendo liberado
modoNormal,Config estándar confirmada
anteriorMelodia,Pista previa habilitada
modoNormal,Volviendo a circulación normal
anteriorMelodia,Melodia retrocedida correctamente
encenderLuces,Activacion de iluminacion completada
modoNormal,Modo regular activado
abrirPuerta,Ejecutando apertura principal
encenderLuces,Iluminacion interior lista
apagarLuces,Luz cancelada correctamente
apagarLuces,Apagando luces disponibles
modoNormal,Modo simple habilitado
modoSuper,Control avanzado reforzado
encenderLuces,Luz en funcionamiento
modoSuper,Estado de máximo rendimiento
encenderLuces,Iluminacion interior lista
apagarLuces,Corte de iluminacion ejecutado
siguienteMelodia,Reproducción de próxima pista
anteriorMelodia,Retroceso confirmado
modoSuper,Funcionamiento avanzado activado
encenderLuces,Encendido general listo
modoSuper,Maximizando niveles operativos
modoNormal,Flujo normal operativo
siguienteMelodia,Control musical avanzado
encenderLuces,Encendido general listo
modoSuper,Seguridad al máximo nivel
apagarLuces,Control de luz desactivado
encenderLuces,Iluminando area del hogar
apagarLuces,Desactivando puntos de luz
abrirPuerta,Activando mecanismos de puerta
modoSuper,Reforzando operación general
abrirPuerta,Comenzando apertura de puerta
abrirPuerta,Apertura del acceso confirmada
apagarLuces,Ambiente sin iluminacion
encenderLuces,Hogar iluminado
siguienteMelodia,Navegación musical siguiente
encenderLuces,Luz automatizada encendida
apagarLuces,Corte de iluminacion ejecutado
abrirPuerta,Ejecutando apertura principal
modoNormal,Restauración del sistema realizada
modoNormal,Modo regular activado
siguienteMelodia,Avanzando melodia
abrirPuerta,Mecanismo principal aperturándose
siguienteMelodia,Sonido avanzado en lista
siguienteMelodia,Desplazando a canción siguiente
apagarLuces,Finalizando proceso de apagado
apagarLuces,Luz retirada por comando
abrirPuerta,Liberando puerta principal
apagarLuces,Iluminacion desactivada
modoNormal,Operación común activada
modoNormal,Sistema regresando a normalidad
encenderLuces,Luces encendidas correctamente
encenderLuces,Focos encendidos
siguienteMelodia,Canción desplazada hacia adelante
apagarLuces,Luces totalmente desactivadas
abrirPuerta,Ejecutando apertura principal
modoNormal,Contexto base reactivado
abrirPuerta,Puerta iniciando apertura
anteriorMelodia,Musica regresada
encenderLuces,Puntos de iluminacion activos
siguienteMelodia,Reproducción musical progresiva
encenderLuces,Iluminacion del hogar lista
encenderLuces,Ambiente iluminado
encenderLuces,Focos encendidos
anteriorMelodia,Retorno a melodia previa
modoNormal,Modo usual recuperado
modoSuper,Modo de seguridad reforzado
encenderLuces,Luces habilitadas
siguienteMelodia,Activando melodia sucesora
modoNormal,Volviendo a parámetros normales
modoNormal,Sistema retornando a valores base
encenderLuces,Puntos de iluminacion activos
abrirPuerta,Puerta respondiendo apertura
modoNormal,Modo usual recuperado
modoSuper,Operación super establecida
modoSuper,Ejecución de modo super iniciada
encenderLuces,Puntos de iluminacion activos
encenderLuces,Intensidad luminosa activada
abrirPuerta,Desbloqueo inicial de la puerta
encenderLuces,Luz accesible encendida
apagarLuces,Luz interior apagada
modoSuper,Rendimiento super iniciado
encenderLuces,Encendiendo ambiente
anteriorMelodia,Regresando pista musical
abrirPuerta,Acceso principal operando apertura
abrirPuerta,Desbloqueo inicial de la puerta
encenderLuces,Modo luz encendido
encenderLuces,Sistema en modo iluminado
siguienteMelodia,Reproduciendo siguiente melodia
modoNormal,Parámetros normales aplicados
modoSuper,Funcionamiento avanzado activado
encenderLuces,Encendido de ambiente interno
modoSuper,Sistema devuelto a modo super
modoNormal,Operación sin modo super
apagarLuces,Apagado interno listo
anteriorMelodia,Regresando a la melodia previa
anteriorMelodia,Reproduccion en retroceso
anteriorMelodia,Regresando al sonido previo
apagarLuces,Apagado completado
encenderLuces,Luces activadas satisfactoriamente
modoNormal,Frecuencia normal en proceso
apagarLuces,Apagado del ambiente
modoNormal,Sistema retornando a valores base
modoSuper,Sistema elevado a modo super
abrirPuerta,Puerta habilitada para abrir
siguienteMelodia,Secuencia musical siguiente
modoSuper,Modo super confirmado
apagarLuces,Desactivacion luminosa ejecutada
anteriorMelodia,Tema anterior en ejecucion
anteriorMelodia,Regresando en lista musical
anteriorMelodia,Tema previo en curso
apagarLuces,Cese completo de luz
modoSuper,Operación ampliada iniciada
apagarLuces,Cerrando sistema de luces
encenderLuces,Encendiendo luces del hogar
modoSuper,Sistema entrando en modo super
anteriorMelodia,Volviendo en la secuencia sonora
modoSuper,Modo avanzado habilitado
modoSuper,Reforzando capacidad del sistema
modoSuper,Modo super confirmado
encenderLuces,Luces principales encendidas
abrirPuerta,Acceso en secuencia de apertura
modoNormal,Frecuencia normal en proceso
modoSuper,Modo super confirmado
encenderLuces,Activando puntos luminosos
siguienteMelodia,Sonido avanzado en lista
modoSuper,Potencia aumentada en sistema
abrirPuerta,Secuencia de apertura activada
abrirPuerta,Proceso de apertura en curso
anteriorMelodia,Reproduciendo melodia anterior
siguienteMelodia,Reproducción de próxima pista
anteriorMelodia,Reactivando pista anterior
anteriorMelodia,Musica regresada
anteriorMelodia,Ejecutando melodia previa
modoNormal,Retorno completo al modo normal
siguienteMelodia,Reproducción secuencial siguiente
modoNormal,Modo usual recuperado
encenderLuces,Sistema iluminando interiores
modoNormal,Sistema en estado regular
modoNormal,Estado habitual restablecido
encenderLuces,Luz ambiental habilitada
modoNormal,Modo normal asegurado
modoSuper,Modo super completamente activo
encenderLuces,Activacion de iluminacion completada
encenderLuces,Activacion luminosa procesada
modoSuper,Funcionamiento avanzado activado
abrirPuerta,Desbloqueo inicial de la puerta
siguienteMelodia,Orden de canción siguiente
siguienteMelodia,Avance musical iniciado
anteriorMelodia,Musica anterior procesada
modoNormal,Modo ordinario habilitado
encenderLuces,Intensidad luminosa configurada
siguienteMelodia,Posición musical siguiente
abrirPuerta,Acceso en secuencia de apertura
modoSuper,Sistema entrando en modo super
abrirPuerta,Puerta respondiendo apertura
apagarLuces,Apagado interno listo
modoSuper,Modo inteligente super activado
modoSuper,Estado super alcanzado
abrirPuerta,Sistema liberando puerta
siguienteMelodia,Pista activa siguiente
abrirPuerta,Puerta habilitada para abrir
apagarLuces,Zona sin iluminacion
apagarLuces,Desactivacion luminosa ejecutada
modoNormal,Frecuencia estándar habilitada
encenderLuces,Encendiendo iluminacion interior
anteriorMelodia,Moviendo a melodia anterior
abrirPuerta,Apertura del acceso confirmada
apagarLuces,Luz cancelada correctamente
anteriorMelodia,Regresando pista musical
modoNormal,Restituyendo ajustes originales
anteriorMelodia,Ejecutando melodia previa
apagarLuces,Apagando luces del hogar
apagarLuces,Iluminacion retirada
encenderLuces,Encendiendo luces externas
abrirPuerta,Puerta iniciando apertura
siguienteMelodia,Tema posterior en curso
apagarLuces,Cierre de sistema luminoso
modoSuper,Optimizando recursos en super
modoSuper,Sistema entrando en modo super
modoNormal,Modo estándar restablecido
abrirPuerta,Apertura automática iniciada
encenderLuces,Focos encendidos
modoNormal,Sistema en estado regular
siguienteMelodia,Movimiento a pista consecutiva
abrirPuerta,Ejecutando apertura principal
siguienteMelodia,Cambiando a la siguiente pista
siguienteMelodia,Movimiento a pista consecutiva
modoNormal,Sistema retornando a valores base
abrirPuerta,Puerta desplazándose hacia apertura
anteriorMelodia,Reproduccion retrocedida
abrirPuerta,Apertura confirmada
apagarLuces,Reduccion luminosa ejecutada
modoSuper,Sistema elevado a modo super
abrirPuerta,Puerta iniciando apertura
encenderLuces,Encendido de luz ejecutado
abrirPuerta,Sistema ejecutando apertura remota
anteriorMelodia,Retroceso activo
siguienteMelodia,Cambio de canción adelante
abrirPuerta,Acceso automatizado activado
modoNormal,Sistema en comportamiento básico
siguienteMelodia,Activación de pista siguiente
abrirPuerta,Puerta lista en modo apertura
apagarLuces,Finalizando proceso de apagado
anteriorMelodia,Retroceso de playlist
anteriorMelodia,Volviendo al tema previo
anteriorMelodia,Regresando a la melodia previa
apagarLuces,Apagado interno listo
abrirPuerta,Puerta desbloqueándose
siguienteMelodia,Saltando a pista siguiente
abrirPuerta,Destraba de puerta ejecutada
siguienteMelodia,Control musical avanzado
anteriorMelodia,Retroceso confirmado
encenderLuces,Activando sistema de luces
anteriorMelodia,Regreso musical ejecutado
apagarLuces,Apagando zonas interiores
modoSuper,Modo superior en proceso
modoNormal,Config estándar confirmada
modoSuper,Entrando en estado super
modoSuper,Activación máxima ejecutada
anteriorMelodia,Volviendo a la pista inicial
siguienteMelodia,Saltando a pista siguiente
siguienteMelodia,Progreso musical hacia adelante
anteriorMelodia,Volviendo una melodia atras
abrirPuerta,Liberación y apertura de puerta
modoSuper,Activación avanzada iniciada
modoSuper,Modo super atendido
anteriorMelodia,Regresando pista musical
modoSuper,Procesamiento super activo
abrirPuerta,Puerta iniciando transición
modoNormal,Modo base activado
anteriorMelodia,Regresando a la melodia previa
encenderLuces,Luz principal habilitada
modoSuper,Control avanzado reforzado
modoNormal,Sistema en comportamiento básico
anteriorMelodia,Secuencia previa activada
modoSuper,Protección total habilitada
apagarLuces,Retiro de luz completado
encenderLuces,Inicio de iluminacion estable
encenderLuces,Focos encendidos
encenderLuces,Encendiendo iluminacion interior
siguienteMelodia,Reproducción mejorada adelante
modoNormal,Operación común activada
siguienteMelodia,Reproduciendo siguiente melodia
modoSuper,Potenciación del sistema iniciada
modoSuper,Modo de seguridad reforzado
anteriorMelodia,Retorno musical habilitado
apagarLuces,Apagando luces del hogar
encenderLuces,Iluminacion activada
modoSuper,Ejecución de seguridad avanzada
apagarLuces,Luz apagada en el hogar
encenderLuces,Inicializando encendido de luces
siguienteMelodia,Reemplazando melodia por siguiente
abrirPuerta,Apertura automática iniciada
encenderLuces,Iluminacion interior lista
encenderLuces,Ambiente correctamente iluminado
abrirPuerta,Comenzando apertura de puerta
modoNormal,Revirtiendo a configuración base
apagarLuces,Apagado del ambiente
siguienteMelodia,Melodía entrante activada
modoSuper,Control avanzado reforzado
encenderLuces,Intensidad luminosa configurada
siguienteMelodia,Operación siguiente melodia
modoNormal,Operación sin modo super
anteriorMelodia,Retroceso activo
encenderLuces,Iluminacion del hogar lista
modoSuper,Sistema bajo modo super seguro
siguienteMelodia,Pista inmediata siguiente activada
modoSuper,Seguridad elevada activada
modoNormal,Sistema estabilizado
abrirPuerta,Puerta en transición de apertura
modoSuper,Habilitando funciones super
anteriorMelodia,Pista previa confirmada
anteriorMelodia,Tema anterior confirmado
anteriorMelodia,Melodia previa en reproduccion
anteriorMelodia,Retroceso de playlist
abrirPuerta,Acceso principal en movimiento
apagarLuces,Sistema en modo sin luz
siguienteMelodia,Melodía adelantada confirmada
abrirPuerta,Puerta respondiendo apertura
anteriorMelodia,Reactivando pista anterior
encenderLuces,Activando luces internas
encenderLuces,Iluminacion base encendida
anteriorMelodia,Reproduciendo melodia anterior
modoNormal,Modo natural activo
encenderLuces,Encendiendo zona iluminada
abrirPuerta,Acceso principal en movimiento
encenderLuces,Iluminacion domestica lista
abrirPuerta,Puerta desbloqueándose
encenderLuces,Sistema en modo iluminado
modoSuper,Modo avanzado habilitado
encenderLuces,Sistema en modo iluminado
abrirPuerta,Iniciando apertura del acceso
siguienteMelodia,Rotación musical adelante
abrirPuerta,Puerta principal liberándose
siguienteMelodia,Orden de canción siguiente
modoSuper,Activación máxima ejecutada
modoNormal,Modo normal en funcionamiento
encenderLuces,Iluminacion activada
modoNormal,Ejecución en modo estándar
encenderLuces,Inicio de iluminacion estable
apagarLuces,Ambiente sin iluminacion
modoSuper,Modo protector elevado
apagarLuces,Cese completo de luz
anteriorMelodia,Lista regresando atras
siguienteMelodia,Activando melodia sucesora
modoNormal,Retorno completo al modo normal
anteriorMelodia,Musica anterior procesada
modoSuper,Sistema en estado intensivo
modoNormal,Control básico restaurado
siguienteMelodia,Reproducción mejorada adelante
siguienteMelodia,Avance musical iniciado
modoSuper,Modo super en funcionamiento
modoNormal,Contexto base reactivado
abrirPuerta,Sistema ejecutando apertura remota
anteriorMelodia,Reproduccion regresiva
encenderLuces,Luz en funcionamiento
encenderLuces,Ambiente iluminado
anteriorMelodia,Reactivando pista anterior
encenderLuces,Modo luz encendido
encenderLuces,Encendiendo luces externas
encenderLuces,Encendiendo ambiente
anteriorMelodia,Lista alterada hacia atras
apagarLuces,Iluminacion retirada
apagarLuces,Iluminacion minimizada
siguienteMelodia,Lista avanzando
modoSuper,Reforzando capacidad del sistema
anteriorMelodia,Reproduccion retrocedida
apagarLuces,Iluminacion minimizada
modoSuper,Modo super sosteniéndose
anteriorMelodia,Direccion musical invertida
modoNormal,Modo básico activo
apagarLuces,Ambiente sin iluminacion
anteriorMelodia,Retorno a melodia previa
encenderLuces,Luz accesible encendida
encenderLuces,Modo luz encendido
anteriorMelodia,Tema previo en curso
modoNormal,Modo usual recuperado
siguienteMelodia,Reproducción continua siguiente
modoSuper,Ejecución de seguridad avanzada
modoSuper,Protección reforzada activa
modoSuper,Modo de seguridad reforzado
modoSuper,Activación máxima ejecutada
modoSuper,Funciones super implementadas
modoSuper,Control reforzado habilitado
modoNormal,Configuración normal aplicada
modoNormal,Ejecución en modo estándar
anteriorMelodia,Reproduciendo melodia anterior
siguienteMelodia,Saltando a pista siguiente
abrirPuerta,Puerta deslizándose
abrirPuerta,Apertura asistida de puerta
siguienteMelodia,Reproducción mejorada adelante
modoNormal,Nivel normal activado
abrirPuerta,Acceso en secuencia de apertura
apagarLuces,Sistema oscuro habilitado
anteriorMelodia,Lista alterada hacia atras
anteriorMelodia,Retorno a melodia previa
modoNormal,Sistema en comportamiento básico
siguienteMelodia,Ejecutando tema siguiente
encenderLuces,Encendido de luz ejecutado
siguienteMelodia,Reproducción adelantada
siguienteMelodia,Navegación musical siguiente
abrirPuerta,Puerta desbloqueándose
encenderLuces,Activacion luminosa procesada
encenderLuces,Iluminacion del entorno activa
modoNormal,Sistema en comportamiento básico
abrirPuerta,Acceso recibiendo orden de apertura
siguienteMelodia,Pista activa siguiente
modoNormal,Sistema en estado regular
encenderLuces,Encendido general listo
modoNormal,Volviendo a parámetros normales
abrirPuerta,Puerta respondiendo apertura
anteriorMelodia,Volviendo al tema previo
encenderLuces,Sistema de luz activo
apagarLuces,Retiro de luz completado
siguienteMelodia,Tema posterior en curso
anteriorMelodia,Secuencia previa activada
apagarLuces,Desactivacion luminosa ejecutada
modoSuper,Activando modo super
encenderLuces,Iluminando area del hogar
modoNormal,Volviendo a circulación normal
anteriorMelodia,Cancion anterior reproducida
anteriorMelodia,Musica regresada
anteriorMelodia,Retrocediendo a pista anterior
apagarLuces,Sistema finalizando luz
modoSuper,Procesamiento super activo
modoSuper,Modo super en funcionamiento
apagarLuces,Apagado completado
abrirPuerta,Mecanismo principal aperturándose
apagarLuces,Apagado general procesado
abrirPuerta,Acceso principal en movimiento
modoSuper,Modo inteligente super activado
siguienteMelodia,Progreso musical hacia adelante
encenderLuces,Sistema en modo iluminado
anteriorMelodia,Reactivando pista anterior
modoNormal,Operación común activada
abrirPuerta,Acceso en secuencia de apertura
modoNormal,Modo normal confirmado
siguienteMelodia,Reemplazando melodia por siguiente
modoSuper,Seguridad elevada activada
apagarLuces,Sistema oscuro habilitado
encenderLuces,Iluminacion del entorno activa
siguienteMelodia,Pasando a la próxima canción
siguienteMelodia,Desplazando a canción siguiente
siguienteMelodia,Canción siguiente ejecutada
apagarLuces,Luces cortadas
encenderLuces,Sistema de luz activo
siguienteMelodia,Posición musical siguiente
encenderLuces,Ambiente correctamente iluminado
encenderLuces,Activando luces internas
abrirPuerta,Realizando apertura de puerta
modoSuper,Modo superior en proceso
modoSuper,Modo super atendido
anteriorMelodia,Melodia retrocedida correctamente
apagarLuces,Desactivacion luminosa ejecutada
siguienteMelodia,Canción desplazada hacia adelante
modoSuper,Modo protector elevado
modoSuper,Seguridad elevada activada
encenderLuces,Iluminacion base encendida
siguienteMelodia,Melodía adelantada confirmada
modoNormal,Operación estándar reestablecida
encenderLuces,Activando sistema de luces
encenderLuces,Iluminacion general encendida
abrirPuerta,Acceso principal en apertura
siguienteMelodia,Canción siguiente ejecutada
abrirPuerta,Acceso en secuencia de apertura
abrirPuerta,Ejecutando apertura automatizada
siguienteMelodia,Lista musical moviéndose adelante
encenderLuces,Luz en funcionamiento
modoSuper,Operación super estable
modoNormal,Normalidad recuperada
abrirPuerta,Abriendo puerta principal
anteriorMelodia,Retroceso activo
siguienteMelodia,Pista desplazada hacia adelante
abrirPuerta,Destraba de puerta ejecutada
apagarLuces,Apagando luces del hogar
modoSuper,Modo inteligente super activado
modoSuper,Modo super en funcionamiento
anteriorMelodia,Secuencia musical previa
siguienteMelodia,Posición musical siguiente
modoSuper,Control avanzado reforzado
modoNormal,Estabilidad normal restaurada
modoSuper,Seguridad maximizada
siguienteMelodia,Sonido siguiente habilitado
siguienteMelodia,Avanzando melodia
modoSuper,Modo super procesado
siguienteMelodia,Ejecutando tema siguiente
encenderLuces,Luces operativas
modoSuper,Seguridad maximizada
abrirPuerta,Desbloqueo y apertura iniciados
modoSuper,Estado funcional elevado
anteriorMelodia,Reproduccion de pista anterior
siguienteMelodia,Control musical avanzado
apagarLuces,Apagado completado
siguienteMelodia,Reemplazando melodia por siguiente
modoNormal,Config estándar confirmada
modoNormal,Control básico restaurado
siguienteMelodia,Saltando a pista siguiente
encenderLuces,Encendido de luz interior
siguienteMelodia,Pista desplazada hacia adelante
siguienteMelodia,Desplazando a canción siguiente
apagarLuces,Ambiente apagado
modoNormal,Modo normal confirmado
modoNormal,Modo ordinario habilitado
siguienteMelodia,Melodia siguiente en reproducción
encenderLuces,Encendido de luz interior
encenderLuces,Modo luz encendido
abrirPuerta,Mecanismo de apertura activo
encenderLuces,Luz en funcionamiento
modoSuper,Ejecución de seguridad avanzada
abrirPuerta,Puerta iniciando apertura
siguienteMelodia,Canción siguiente ejecutada
modoNormal,Modo normal en funcionamiento
anteriorMelodia,Tema anterior en ejecucion
siguienteMelodia,Activando pista posterior
modoNormal,Modo normal establecido
modoSuper,Activando modo super
abrirPuerta,Liberando puerta principal
siguienteMelodia,Reproducción musical progresiva
anteriorMelodia,Pista previa habilitada
modoSuper,Maximizando niveles operativos
encenderLuces,Encendiendo luces externas
modoNormal,Modo normal confirmado
anteriorMelodia,Reinicio de melodia previa
modoSuper,Modo protector elevado
encenderLuces,Luces operativas
anteriorMelodia,Seleccionando melodia anterior
apagarLuces,Luces principales apagadas
abrirPuerta,Activando apertura principal
anteriorMelodia,Lista alterada hacia atras
anteriorMelodia,Tema previo en curso
abrirPuerta,Abriendo puerta principal
encenderLuces,Encendido de luz interior
modoSuper,Sistema asegurado en super
anteriorMelodia,Musica anterior procesada
anteriorMelodia,Retroceso de secuencia musical
abrirPuerta,Ejecutando apertura automatizada
encenderLuces,Luz ambiental habilitada
modoSuper,Funciones mejoradas encendidas
apagarLuces,Apagando iluminacion interior
apagarLuces,Apagado del ambiente
anteriorMelodia,Lista regresando atras
anteriorMelodia,Retroceso musical activado
siguienteMelodia,Reproducción de próxima pista
apagarLuces,Sistema finalizando luz
abrirPuerta,Liberando puerta principal
modoNormal,Operación normal retomada
abrirPuerta,Comenzando apertura de puerta
modoSuper,Modo super completamente activo
abrirPuerta,Sistema ejecutando apertura remota
abrirPuerta,Puerta desplazándose hacia apertura
anteriorMelodia,Direccion musical invertida
apagarLuces,Iniciando apagado de luces
modoSuper,Modo super habilitado
apagarLuces,Luces totalmente desactivadas
anteriorMelodia,Pista anterior ejecutada
apagarLuces,Desactivando puntos de luz
encenderLuces,Activando brillo interior
modoSuper,Seguridad elevada activada
encenderLuces,Luces habilitadas
encenderLuces,Iluminacion interior lista
encenderLuces,Encendiendo luces disponibles
modoSuper,Potencia aumentada en sistema
apagarLuces,Sistema en modo sin luz
apagarLuces,Reduccion de iluminacion
modoNormal,Frecuencia estándar habilitada
modoSuper,Ejecución de seguridad avanzada
abrirPuerta,Apertura asistida de puerta
apagarLuces,Luz deshabilitada correctamente
apagarLuces,Desconectando iluminacion interna
anteriorMelodia,Ejecutando melodia previa
siguienteMelodia,Navegación musical siguiente
encenderLuces,Iluminacion del entorno activa
abrirPuerta,Puerta deslizándose
siguienteMelodia,Saltando a pista siguiente
siguienteMelodia,Ejecutando tema siguiente
apagarLuces,Apagado interno listo
encenderLuces,Inicializando encendido de luces
abrirPuerta,Activando apertura principal
modoSuper,Modo avanzado habilitado
apagarLuces,Iluminacion detenida
modoNormal,Modo estable activado
modoNormal,Modo simple habilitado
modoNormal,Revirtiendo a configuración base
anteriorMelodia,Cancion anterior reproducida
siguienteMelodia,Activando pista posterior
modoSuper,Activando modo super
encenderLuces,Sistema de luz activo
siguienteMelodia,Sonido siguiente habilitado
apagarLuces,Corte de luz interno
abrirPuerta,Acceso siendo liberado
siguienteMelodia,Posición musical siguiente
apagarLuces,Sistema en modo sin luz
modoSuper,Operación super establecida
anteriorMelodia,Pista anterior activada
abrirPuerta,Puerta iniciando apertura
modoNormal,Sistema en estado regular
anteriorMelodia,Melodia previa en reproduccion
modoNormal,Restaurando modo normal
anteriorMelodia,Reproduciendo melodia anterior
modoNormal,Estado habitual restablecido
encenderLuces,Luces habilitadas por sistema
modoNormal,Modo simple habilitado
apagarLuces,Apagando luces disponibles
siguienteMelodia,Saltando a pista siguiente
modoSuper,Sistema devuelto a modo super
encenderLuces,Luces operativas
apagarLuces,Finalizando proceso de apagado
apagarLuces,Zona sin iluminacion
encenderLuces,Activacion luminosa procesada
anteriorMelodia,Melodia previa recuperada
abrirPuerta,Acceso recibiendo orden de apertura
modoSuper,Sistema asegurado en super
siguienteMelodia,Saltando a pista siguiente
abrirPuerta,Realizando apertura de puerta
encenderLuces,Activacion luminosa procesada
modoSuper,Control aumentado habilitado
abrirPuerta,Sistema liberando puerta
encenderLuces,Luces principales encendidas
apagarLuces,Detencion de iluminacion
modoNormal,Sistema fuera de modo super
siguienteMelodia,Melodia siguiente en reproducción
modoNormal,Estabilidad de régimen recuperada
abrirPuerta,Comenzando apertura de puerta
encenderLuces,Luces operativas
encenderLuces,Encendiendo iluminacion interior
siguienteMelodia,Activando pista posterior
modoSuper,Sistema entrando en modo super
abrirPuerta,Puerta avanzando a apertura
apagarLuces,Desactivando puntos de luz
siguienteMelodia,Melodía entrante activada
siguienteMelodia,Continuación musical habilitada
abrirPuerta,Acceso en secuencia de apertura
apagarLuces,Iniciando apagado de luces
modoNormal,Sistema en estado regular
modoNormal,Patrón operativo normal
modoNormal,Restituyendo ajustes originales
siguienteMelodia,Sonido siguiente habilitado
abrirPuerta,Acceso iniciando apertura
abrirPuerta,Puerta respondiendo apertura
abrirPuerta,Acceso automatizado activado
modoNormal,Modo normal establecido
apagarLuces,Reduccion luminosa ejecutada
apagarLuces,Iluminacion deshabilitada
modoNormal,Modo cotidiano activado
modoNormal,Restaurando modo normal
abrirPuerta,Comenzando apertura de puerta
abrirPuerta,Acceso recibiendo orden de apertura
apagarLuces,Modo oscuro activado
encenderLuces,Activando luces internas
siguienteMelodia,Avance de playlist
modoSuper,Modo superior en proceso
modoNormal,Modo natural activo
encenderLuces,Luz principal iniciada
modoSuper,Ejecución de modo super iniciada
anteriorMelodia,Reproduccion regresiva
apagarLuces,Apagado del ambiente
abrirPuerta,Apertura remota activada
modoNormal,Estado habitual restablecido
anteriorMelodia,Reproduccion retrocedida
modoNormal,Config estándar confirmada
anteriorMelodia,Melodia retrocedida correctamente
siguienteMelodia,Cambio musical siguiente procesado
abrirPuerta,Puerta lista en modo apertura
apagarLuces,Luces interiores desactivadas
encenderLuces,Luces encendidas correctamente
encenderLuces,Iluminacion domestica lista
modoNormal,Config estándar confirmada
anteriorMelodia,Regresando en lista musical
apagarLuces,Cerrando sistema de luces
siguienteMelodia,Modo música adelante
siguienteMelodia,Lista musical moviéndose adelante
abrirPuerta,Comenzando apertura de puerta
siguienteMelodia,Reproducción de próxima pista
siguienteMelodia,Reproducción continua siguiente
modoSuper,Modo super procesado
siguienteMelodia,Reproducción musical progresiva
modoSuper,Modo super completamente activo
siguienteMelodia,Entrada a melodia siguiente
modoSuper,Estado super alcanzado
apagarLuces,Luces deshabilitadas
apagarLuces,Cese completo de luz
apagarLuces,Desconectando iluminacion interna
abrirPuerta,Sistema liberando puerta
apagarLuces,Apagando iluminacion interior
abrirPuerta,Liberando puerta principal
anteriorMelodia,Reinicio de melodia previa
anteriorMelodia,Retroceso activo
apagarLuces,Sistema finalizando luz
siguienteMelodia,Reemplazando melodia por siguiente
modoSuper,Entrando en estado super
apagarLuces,Luces principales apagadas
encenderLuces,Intensidad luminosa activada
abrirPuerta,Ejecutando apertura principal
modoNormal,Modo usual recuperado
apagarLuces,Cese completo de luz
apagarLuces,Apagado del ambiente
modoSuper,Modo superior en proceso
abrirPuerta,Apertura de puerta en proceso
siguienteMelodia,Modo música adelante
apagarLuces,Luz retirada por comando
anteriorMelodia,Reproduccion de pista anterior
anteriorMelodia,Pista previa habilitada
modoSuper,Reforzando operación general
modoNormal,Revirtiendo a configuración base
apagarLuces,Sistema en modo sin luz
encenderLuces,Luz principal iniciada
modoSuper,Sistema asegurado en super
anteriorMelodia,Tema previo en curso
apagarLuces,Iluminacion deshabilitada
encenderLuces,Intensidad luminosa activada
apagarLuces,Apagando luces disponibles
siguienteMelodia,Pista activa siguiente
abrirPuerta,Acceso principal operando apertura
abrirPuerta,Puerta desbloqueándose
modoSuper,Modo especializado activado
apagarLuces,Iluminacion detenida
modoSuper,Optimizando recursos en super
anteriorMelodia,Retroceso confirmado
abrirPuerta,Acceso principal en ejecución
abrirPuerta,Puerta iniciando apertura
anteriorMelodia,Musica anterior procesada
apagarLuces,Ambiente apagado
apagarLuces,Finalizando proceso de apagado
encenderLuces,Luz principal iniciada
modoNormal,Desactivando modo super
apagarLuces,Cierre de sistema luminoso
apagarLuces,Apagado general procesado
encenderLuces,Encendido de luz interior
modoSuper,Potenciación del sistema iniciada
anteriorMelodia,Secuencia previa activada
siguienteMelodia,Saltando a pista siguiente
encenderLuces,Iluminacion domestica lista
modoSuper,Operación super establecida
modoSuper,Modo super confirmado
modoNormal,Volviendo a parámetros normales
siguienteMelodia,Sonido siguiente habilitado
abrirPuerta,Acceso principal operando apertura
siguienteMelodia,Sonido siguiente habilitado
modoSuper,Modo super operativo
anteriorMelodia,Volviendo en la secuencia sonora
encenderLuces,Activacion de iluminacion completada
modoNormal,Flujo normal operativo
abrirPuerta,Puerta respondiendo al comando
abrirPuerta,Puerta deslizándose
apagarLuces,Modo oscuro activado
siguienteMelodia,Reemplazando melodia por siguiente
anteriorMelodia,Melodia retrocedida correctamente
modoSuper,Estado funcional elevado
encenderLuces,Encendido de luz ejecutado
siguienteMelodia,Cambio de canción adelante
anteriorMelodia,Musica regresada
modoNormal,Restaurando modo normal
siguienteMelodia,Lista musical moviéndose adelante
modoNormal,Config estándar confirmada
apagarLuces,Oscureciendo ambiente
anteriorMelodia,Reactivando pista anterior
modoSuper,Modo super atendido
anteriorMelodia,Tema anterior en ejecucion
modoSuper,Estado de máximo rendimiento
modoNormal,Frecuencia normal en proceso
modoNormal,Restauración del estado inicial
modoNormal,Modo simple habilitado
siguienteMelodia,Lista avanzando
anteriorMelodia,Musica anterior procesada
apagarLuces,Luces principales apagadas
encenderLuces,Encendiendo luces disponibles
anteriorMelodia,Regresando en lista musical
abrirPuerta,Puerta iniciando apertura
modoNormal,Sistema en régimen estándar
encenderLuces,Encendido de ambiente interno
abrirPuerta,Acceso principal moviéndose
apagarLuces,Sistema apagando luces
modoNormal,Modo natural activo
modoSuper,Sistema bajo modo super seguro
anteriorMelodia,Pista anterior activada
anteriorMelodia,Tema anterior confirmado
abrirPuerta,Apertura del acceso confirmada
abrirPuerta,Apertura sin obstrucciones en curso
siguienteMelodia,Tema posterior en curso
encenderLuces,Encendido general listo
modoNormal,Modo estable activado
anteriorMelodia,Melodia desplazada hacia atras
modoSuper,Sistema elevado a modo super
siguienteMelodia,Activando melodia sucesora
anteriorMelodia,Retroceso de playlist
apagarLuces,Retiro de luz completado
anteriorMelodia,Regresando al sonido previo
anteriorMelodia,Tema en retroceso
modoSuper,Modo extremo habilitado
encenderLuces,Encendido de ambiente interno
modoNormal,Revirtiendo a configuración base
siguienteMelodia,Avance de lista musical
abrirPuerta,Sistema activando apertura
encenderLuces,Luces activadas satisfactoriamente
abrirPuerta,Puerta iniciando apertura
modoNormal,Sistema en estado regular
encenderLuces,Iluminacion domestica lista
modoSuper,Modo super establecido
modoSuper,Modo super procesado
siguienteMelodia,Reemplazando melodia por siguiente
anteriorMelodia,Retrocediendo a pista anterior
modoNormal,Sistema en comportamiento básico
modoSuper,Sistema devuelto a modo super
modoSuper,Modo super atendido
encenderLuces,Iluminacion del entorno activa
siguienteMelodia,Tema posterior en curso
modoSuper,Seguridad elevada activada
anteriorMelodia,Melodia retrocedida correctamente
modoNormal,Estabilidad normal restaurada
modoSuper,Sistema en estado intensivo
modoNormal,Operación estándar reestablecida
abrirPuerta,Desbloqueo y apertura iniciados
encenderLuces,Focos encendidos
modoSuper,Reforzando capacidad del sistema
abrirPuerta,Movimiento de apertura iniciado
modoSuper,Sistema devuelto a modo super
modoSuper,Operación super estable
modoNormal,Operación sin modo super
anteriorMelodia,Tema anterior confirmado
modoNormal,Operación común activada
siguienteMelodia,Avanzando melodia
encenderLuces,Luz principal iniciada
modoSuper,Rendimiento super iniciado
abrirPuerta,Puerta deslizándose
modoSuper,Potenciación del sistema iniciada
siguienteMelodia,Musica adelantada
anteriorMelodia,Secuencia regresiva habilitada
abrirPuerta,Puerta avanzando a apertura
modoSuper,Modo protector elevado
modoSuper,Control reforzado habilitado
apagarLuces,Desactivando puntos de luz
